"","Year","Pop","FateInt","exposure","TSI","invaded"
"1",1996,"EVER",0,14,-1,0
"2",1996,"EVER",0,14,-1,0
"3",1996,"EVER",0,16,-1,0
"4",1996,"EVER",0,16,-1,0
"5",1996,"EVER",0,23,-1,0
"6",1996,"EVER",0,12,-1,0
"7",1996,"EVER",1,20,-1,0
"8",1996,"EVER",0,6,-1,0
"9",1996,"EVER",0,5,-1,0
"10",1996,"EVER",0,8,-1,0
"11",1996,"EVER",0,6,-1,0
"12",1996,"EVER",0,18,-1,0
"13",1996,"EVER",0,13,-1,0
"14",1996,"EVER",0,6,-1,0
"15",1996,"EVER",0,13,-1,0
"16",1996,"EVER",1,17,-1,0
"17",1996,"EVER",0,13,-1,0
"18",1996,"EVER",1,6,-1,0
"19",1996,"EVER",0,5,-1,0
"20",1996,"EVER",0,8,-1,0
"21",1996,"EVER",0,11,-1,0
"22",1996,"EVER",0,8,-1,0
"23",1996,"EVER",0,13,-1,0
"24",1996,"EVER",0,18,-1,0
"25",1996,"EVER",0,13,-1,0
"26",1996,"EVER",0,6,-1,0
"27",1996,"EVER",0,13,-1,0
"28",1996,"EVER",1,18,-1,0
"29",1996,"EVER",0,14,-1,0
"30",1996,"EVER",0,18,-1,0
"31",1996,"EVER",0,13,-1,0
"32",1996,"EVER",0,6,-1,0
"33",1996,"EVER",1,5,-1,0
"34",1996,"EVER",0,12,-1,0
"35",1996,"EVER",0,6,-1,0
"36",1996,"EVER",0,5,-1,0
"37",1996,"EVER",1,12,-1,0
"38",1996,"EVER",0,12,-1,0
"39",1996,"EVER",0,6,-1,0
"40",1996,"EVER",0,5,-1,0
"41",1996,"EVER",0,12,-1,0
"42",1996,"EVER",1,18,-1,0
"43",1996,"EVER",0,15,-1,0
"44",1996,"EVER",0,18,-1,0
"45",1996,"EVER",0,5,-1,0
"46",1996,"EVER",0,15,-1,0
"47",1996,"EVER",0,18,-1,0
"48",1996,"EVER",0,13,-1,0
"49",1996,"EVER",0,6,-1,0
"50",1996,"EVER",0,15,-1,0
"51",1996,"EVER",0,16,-1,0
"52",1996,"EVER",1,18,-1,0
"53",1996,"EVER",0,15,-1,0
"54",1996,"EVER",0,17,-1,0
"55",1996,"EVER",0,12,-1,0
"56",1996,"EVER",0,18,-1,0
"57",1996,"EVER",1,13,-1,0
"58",1996,"EVER",0,23,-1,0
"59",1996,"EVER",1,23,-1,0
"60",1996,"EVER",0,18,-1,0
"61",1996,"EVER",0,13,-1,0
"62",1996,"EVER",0,14,-1,0
"63",1996,"EVER",1,15,-1,0
"64",1996,"EVER",0,16,-1,0
"65",1996,"EVER",1,13,-1,0
"66",1996,"EVER",0,12,-1,0
"67",1996,"EVER",0,21,-1,0
"68",1996,"EVER",1,10,-1,0
"69",1996,"EVER",0,18,-1,0
"70",1996,"EVER",0,12,-1,0
"71",1996,"EVER",1,6,-1,0
"72",1996,"EVER",1,15,-1,0
"73",1996,"EVER",0,3,-1,0
"74",1996,"EVER",0,13,-1,0
"75",1996,"EVER",0,12,-1,0
"76",1996,"EVER",1,6,-1,0
"77",1996,"EVER",0,3,-1,0
"78",1996,"EVER",0,13,-1,0
"79",1996,"EVER",0,12,-1,0
"80",1996,"EVER",0,6,-1,0
"81",1996,"EVER",0,5,-1,0
"82",1996,"EVER",0,14,-1,0
"83",1996,"EVER",0,12,-1,0
"84",1996,"EVER",0,19,-1,0
"85",1996,"EVER",0,18,-1,0
"86",1996,"EVER",0,10,-1,0
"87",1996,"EVER",0,10,-1,0
"88",1996,"EVER",0,24,-1,0
"89",1996,"EVER",0,18,-1,0
"90",1996,"EVER",1,20,-1,0
"91",1996,"EVER",0,22,-1,0
"92",1996,"EVER",0,10,-1,0
"93",1996,"EVER",0,22,-1,0
"94",1996,"EVER",0,18,-1,0
"95",1996,"EVER",0,20,-1,0
"96",1996,"EVER",0,14,-1,0
"97",1996,"EVER",0,12,-1,0
"98",1996,"EVER",1,18,-1,0
"99",1996,"EVER",0,16,-1,0
"100",1996,"EVER",0,14,-1,0
"101",1996,"EVER",0,16,-1,0
"102",1996,"EVER",0,17,-1,0
"103",1996,"EVER",1,10,-1,0
"104",1996,"EVER",0,17,-1,0
"105",1996,"EVER",1,13,-1,0
"106",1996,"EVER",0,12,-1,0
"107",1996,"EVER",0,25,-1,0
"108",1996,"EVER",0,18,-1,0
"109",1996,"EVER",0,18,-1,0
"110",1996,"EVER",0,6,-1,0
"111",1996,"EVER",0,11,-1,0
"112",1996,"EVER",0,10,-1,0
"113",1996,"EVER",0,12,-1,0
"114",1996,"EVER",0,6,-1,0
"115",1996,"EVER",1,12,-1,0
"116",1996,"EVER",0,23,-1,0
"117",1996,"EVER",0,17,-1,0
"118",1996,"EVER",0,23,-1,0
"119",1996,"EVER",0,19,-1,0
"120",1996,"EVER",0,14,-1,0
"121",1996,"EVER",1,14,-1,0
"122",1996,"EVER",0,12,-1,0
"123",1996,"EVER",1,16,-1,0
"124",1996,"EVER",0,19,-1,0
"125",1996,"EVER",0,23,-1,0
"126",1996,"EVER",1,17,-1,0
"127",1996,"EVER",0,19,-1,0
"128",1996,"EVER",0,23,-1,0
"129",1996,"EVER",0,19,-1,0
"130",1996,"EVER",0,19,-1,0
"131",1996,"EVER",0,18,-1,0
"132",1996,"EVER",0,15,-1,0
"133",1996,"EVER",0,18,-1,0
"134",1996,"EVER",1,13,-1,0
"135",1996,"EVER",0,20,-1,0
"136",1996,"EVER",0,15,-1,0
"137",1996,"EVER",1,14,-1,0
"138",1996,"EVER",0,12,-1,0
"139",1996,"EVER",0,16,-1,0
"140",1996,"EVER",0,14,-1,0
"141",1996,"EVER",0,14,-1,0
"142",1996,"EVER",0,12,-1,0
"143",1996,"EVER",1,18,-1,0
"144",1996,"EVER",0,20,-1,0
"145",1996,"EVER",0,12,-1,0
"146",1996,"EVER",0,23,-1,0
"147",1996,"EVER",0,17,-1,0
"148",1996,"EVER",0,12,-1,0
"149",1996,"EVER",0,23,-1,0
"150",1996,"EVER",0,17,-1,0
"151",1996,"EVER",0,23,-1,0
"152",1996,"EVER",0,17,-1,0
"153",1996,"EVER",0,16,-1,0
"154",1996,"EVER",1,14,-1,0
"155",1996,"EVER",0,21,-1,0
"156",1996,"EVER",0,14,-1,0
"157",1996,"EVER",0,21,-1,0
"158",1996,"EVER",0,11,-1,0
"159",1996,"EVER",0,8,-1,0
"160",1996,"EVER",0,23,-1,0
"161",1996,"EVER",1,17,-1,0
"162",1996,"EVER",0,23,-1,0
"163",1996,"EVER",0,17,-1,0
"164",1996,"EVER",0,23,-1,0
"165",1996,"EVER",0,17,-1,0
"166",1996,"EVER",0,7,-1,0
"167",1996,"EVER",0,16,-1,0
"168",1996,"EVER",0,15,-1,0
"169",1996,"EVER",0,16,-1,0
"170",1996,"EVER",0,26,-1,0
"171",1996,"EVER",0,15,-1,0
"172",1996,"EVER",0,16,-1,0
"173",1996,"EVER",0,14,-1,0
"174",1996,"EVER",0,12,-1,0
"175",1996,"EVER",0,15,-1,0
"176",1996,"EVER",0,16,-1,0
"177",1996,"EVER",0,21,-1,0
"178",1996,"EVER",0,23,-1,0
"179",1996,"EVER",0,9,-1,0
"180",1996,"EVER",0,10,-1,0
"181",1996,"EVER",0,6,-1,0
"182",1996,"EVER",0,16,-1,0
"183",1996,"EVER",0,14,-1,0
"184",1996,"EVER",0,23,-1,0
"185",1996,"EVER",0,8,-1,0
"186",1996,"EVER",0,14,-1,0
"187",1996,"EVER",0,15,-1,0
"188",1996,"EVER",1,8,-1,0
"189",1996,"EVER",0,15,-1,0
"190",1996,"EVER",0,6,-1,0
"191",1996,"EVER",0,18,-1,0
"192",1996,"EVER",0,5,-1,0
"193",1996,"EVER",0,12,-1,0
"194",1996,"EVER",0,14,-1,0
"195",1996,"EVER",0,12,-1,0
"196",1996,"EVER",0,14,-1,0
"197",1996,"EVER",0,12,-1,0
"198",1996,"EVER",0,26,-1,0
"199",1996,"EVER",1,18,-1,0
"200",1996,"EVER",1,18,-1,0
"201",1996,"EVER",0,11,-1,0
"202",1996,"EVER",0,8,-1,0
"203",1996,"EVER",0,18,-1,0
"204",1996,"EVER",1,6,-1,0
"205",1996,"EVER",0,16,-1,0
"206",1996,"EVER",0,15,-1,0
"207",1996,"EVER",1,14,-1,0
"208",1996,"EVER",0,18,-1,0
"209",1996,"EVER",0,13,-1,0
"210",1996,"EVER",1,4,-1,0
"211",1996,"EVER",0,10,-1,0
"212",1996,"EVER",0,15,-1,0
"213",1996,"EVER",1,18,-1,0
"214",1996,"EVER",0,10,-1,0
"215",1996,"EVER",0,15,-1,0
"216",1996,"EVER",0,14,-1,0
"217",1996,"EVER",1,14,-1,0
"218",1996,"EVER",1,18,-1,0
"219",1996,"EVER",1,18,-1,0
"220",1996,"EVER",0,16,-1,0
"221",1996,"EVER",0,15,-1,0
"222",1996,"EVER",0,17,-1,0
"223",1996,"KRV",1,10,-1,0
"224",1996,"KRV",0,13,-1,0
"225",1996,"KRV",1,13,-1,0
"226",1996,"KRV",0,10,-1,0
"227",1996,"KRV",0,10,-1,0
"228",1996,"KRV",0,12,-1,0
"229",1996,"KRV",0,19,-1,0
"230",1996,"KRV",1,18,-1,0
"231",1996,"KRV",0,18,-1,0
"232",1996,"KRV",1,13,-1,0
"233",1996,"KRV",1,10,-1,0
"234",1996,"KRV",0,10,-1,0
"235",1996,"KRV",0,18,-1,0
"236",1996,"KRV",1,15,-1,0
"237",1996,"KRV",1,19,-1,0
"238",1996,"KRV",0,18,-1,0
"239",1996,"KRV",1,23,-1,0
"240",1996,"KRV",0,12,-1,0
"241",1996,"KRV",0,19,-1,0
"242",1996,"KRV",1,15,-1,0
"243",1996,"KRV",0,12,-1,0
"244",1996,"KRV",0,19,-1,0
"245",1996,"KRV",1,18,-1,0
"246",1996,"KRV",1,18,-1,0
"247",1996,"KRV",0,13,-1,0
"248",1996,"KRV",0,12,-1,0
"249",1996,"KRV",1,19,-1,0
"250",1996,"KRV",0,12,-1,0
"251",1996,"KRV",1,18,-1,0
"252",1996,"KRV",0,12,-1,0
"253",1996,"KRV",0,19,-1,0
"254",1996,"KRV",0,12,-1,0
"255",1996,"KRV",1,19,-1,0
"256",1996,"OKEE",0,15,-1,0
"257",1996,"OKEE",0,15,-1,0
"258",1996,"OKEE",0,12,-1,0
"259",1996,"OKEE",0,17,-1,0
"260",1996,"OKEE",0,17,-1,0
"261",1996,"OKEE",0,24,-1,0
"262",1996,"OKEE",0,11,-1,0
"263",1996,"OKEE",0,21,-1,0
"264",1996,"OKEE",1,15,-1,0
"265",1996,"OKEE",1,17,-1,0
"266",1996,"OKEE",0,17,-1,0
"267",1996,"OKEE",0,17,-1,0
"268",1996,"OKEE",0,24,-1,0
"269",1996,"OKEE",0,24,-1,0
"270",1996,"OKEE",0,12,-1,0
"271",1996,"OKEE",1,15,-1,0
"272",1996,"OKEE",1,24,-1,0
"273",1996,"OKEE",1,24,-1,0
"274",1996,"OKEE",0,18,-1,0
"275",1996,"OKEE",0,11,-1,0
"276",1996,"OKEE",0,18,-1,0
"277",1996,"OKEE",0,17,-1,0
"278",1996,"OKEE",0,12,-1,0
"279",1996,"OKEE",0,28,-1,0
"280",1996,"OKEE",0,17,-1,0
"281",1996,"OKEE",0,24,-1,0
"282",1996,"OKEE",0,20,-1,0
"283",1996,"OKEE",0,12,-1,0
"284",1996,"OKEE",0,15,-1,0
"285",1996,"OKEE",1,6,-1,0
"286",1996,"OKEE",0,11,-1,0
"287",1996,"OKEE",0,15,-1,0
"288",1996,"OKEE",0,19,-1,0
"289",1996,"OKEE",0,11,-1,0
"290",1996,"OKEE",1,15,-1,0
"291",1996,"OKEE",1,11,-1,0
"292",1996,"OKEE",0,18,-1,0
"293",1996,"OKEE",1,11,-1,0
"294",1996,"OKEE",0,18,-1,0
"295",1996,"OKEE",0,24,-1,0
"296",1996,"OKEE",1,23,-1,0
"297",1996,"OKEE",1,24,-1,0
"298",1996,"OKEE",1,24,-1,0
"299",1996,"OKEE",0,23,-1,0
"300",1996,"OKEE",0,24,-1,0
"301",1996,"OKEE",0,19,-1,0
"302",1996,"OKEE",0,18,-1,0
"303",1996,"SJM",0,11,-1,0
"304",1996,"SJM",0,10,-1,0
"305",1996,"SJM",0,18,-1,0
"306",1996,"SJM",1,10,-1,0
"307",1996,"SJM",0,16,-1,0
"308",1996,"SJM",0,10,-1,0
"309",1996,"SJM",0,10,-1,0
"310",1996,"SJM",1,21,-1,0
"311",1996,"SJM",0,10,-1,0
"312",1996,"SJM",0,10,-1,0
"313",1996,"SJM",1,5,-1,0
"314",1996,"SJM",1,14,-1,0
"315",1996,"SJM",1,21,-1,0
"316",1996,"SJM",0,21,-1,0
"317",1996,"SJM",1,10,-1,0
"318",1996,"SJM",0,16,-1,0
"319",1996,"SJM",0,10,-1,0
"320",1996,"SJM",0,10,-1,0
"321",1996,"SJM",0,10,-1,0
"322",1996,"SJM",0,5,-1,0
"323",1996,"SJM",0,16,-1,0
"324",1996,"SJM",0,10,-1,0
"325",1996,"SJM",0,11,-1,0
"326",1996,"SJM",0,21,-1,0
"327",1996,"SJM",0,16,-1,0
"328",1996,"SJM",0,16,-1,0
"329",1996,"SJM",0,10,-1,0
"330",1996,"SJM",1,10,-1,0
"331",1996,"SJM",0,21,-1,0
"332",1997,"EAST",0,22,-1,0
"333",1997,"EAST",1,21,-1,0
"334",1997,"EAST",1,21,-1,0
"335",1997,"EVER",0,20,-1,0
"336",1997,"EVER",0,24,-1,0
"337",1997,"EVER",1,10,-1,0
"338",1997,"EVER",0,17,-1,0
"339",1997,"EVER",0,10,-1,0
"340",1997,"EVER",0,18,-1,0
"341",1997,"EVER",0,17,-1,0
"342",1997,"EVER",0,18,-1,0
"343",1997,"EVER",1,24,-1,0
"344",1997,"EVER",1,24,-1,0
"345",1997,"EVER",1,23,-1,0
"346",1997,"EVER",1,24,-1,0
"347",1997,"EVER",0,24,-1,0
"348",1997,"EVER",0,24,-1,0
"349",1997,"EVER",0,10,-1,0
"350",1997,"EVER",0,20,-1,0
"351",1997,"EVER",1,24,-1,0
"352",1997,"EVER",1,24,-1,0
"353",1997,"EVER",1,24,-1,0
"354",1997,"EVER",1,24,-1,0
"355",1997,"EVER",1,20,-1,0
"356",1997,"EVER",1,24,-1,0
"357",1997,"EVER",1,24,-1,0
"358",1997,"EVER",1,24,-1,0
"359",1997,"EVER",1,18,-1,0
"360",1997,"EVER",0,8,-1,0
"361",1997,"EVER",0,23,-1,0
"362",1997,"EVER",0,21,-1,0
"363",1997,"EVER",0,17,-1,0
"364",1997,"EVER",0,20,-1,0
"365",1997,"EVER",1,24,-1,0
"366",1997,"EVER",1,20,-1,0
"367",1997,"EVER",1,24,-1,0
"368",1997,"EVER",0,20,-1,0
"369",1997,"EVER",1,10,-1,0
"370",1997,"EVER",0,15,-1,0
"371",1997,"EVER",0,15,-1,0
"372",1997,"EVER",0,18,-1,0
"373",1997,"EVER",0,15,-1,0
"374",1997,"EVER",0,8,-1,0
"375",1997,"EVER",0,6,-1,0
"376",1997,"EVER",0,14,-1,0
"377",1997,"EVER",0,13,-1,0
"378",1997,"EVER",0,16,-1,0
"379",1997,"EVER",0,12,-1,0
"380",1997,"EVER",0,9,-1,0
"381",1997,"EVER",0,16,-1,0
"382",1997,"EVER",0,12,-1,0
"383",1997,"EVER",0,9,-1,0
"384",1997,"EVER",0,10,-1,0
"385",1997,"EVER",0,16,-1,0
"386",1997,"EVER",0,12,-1,0
"387",1997,"EVER",1,24,-1,0
"388",1997,"EVER",1,20,-1,0
"389",1997,"EVER",0,19,-1,0
"390",1997,"EVER",0,15,-1,0
"391",1997,"EVER",0,10,-1,0
"392",1997,"EVER",0,16,-1,0
"393",1997,"EVER",1,20,-1,0
"394",1997,"EVER",0,15,-1,0
"395",1997,"EVER",0,16,-1,0
"396",1997,"EVER",0,24,-1,0
"397",1997,"EVER",1,10,-1,0
"398",1997,"EVER",1,24,-1,0
"399",1997,"EVER",0,16,-1,0
"400",1997,"EVER",0,15,-1,0
"401",1997,"EVER",1,13,-1,0
"402",1997,"EVER",0,15,-1,0
"403",1997,"EVER",1,13,-1,0
"404",1997,"EVER",0,15,-1,0
"405",1997,"EVER",0,15,-1,0
"406",1997,"EVER",1,7,-1,0
"407",1997,"EVER",0,15,-1,0
"408",1997,"EVER",0,15,-1,0
"409",1997,"EVER",0,7,-1,0
"410",1997,"EVER",0,17,-1,0
"411",1997,"EVER",0,16,-1,0
"412",1997,"EVER",0,7,-1,0
"413",1997,"EVER",0,13,-1,0
"414",1997,"EVER",0,9,-1,0
"415",1997,"EVER",0,13,-1,0
"416",1997,"EVER",0,16,-1,0
"417",1997,"EVER",1,18,-1,0
"418",1997,"EVER",0,15,-1,0
"419",1997,"EVER",0,16,-1,0
"420",1997,"EVER",1,14,-1,0
"421",1997,"EVER",0,15,-1,0
"422",1997,"EVER",0,5,-1,0
"423",1997,"EVER",0,11,-1,0
"424",1997,"EVER",0,10,-1,0
"425",1997,"EVER",0,15,-1,0
"426",1997,"EVER",0,14,-1,0
"427",1997,"EVER",0,9,-1,0
"428",1997,"EVER",0,16,-1,0
"429",1997,"EVER",1,11,-1,0
"430",1997,"EVER",1,16,-1,0
"431",1997,"EVER",0,16,-1,0
"432",1997,"EVER",0,12,-1,0
"433",1997,"EVER",1,19,-1,0
"434",1997,"EVER",1,19,-1,0
"435",1997,"EVER",0,20,-1,0
"436",1997,"EVER",0,10,-1,0
"437",1997,"EVER",0,15,-1,0
"438",1997,"EVER",0,16,-1,0
"439",1997,"EVER",0,7,-1,0
"440",1997,"EVER",0,10,-1,0
"441",1997,"EVER",0,13,-1,0
"442",1997,"EVER",0,9,-1,0
"443",1997,"EVER",0,9,-1,0
"444",1997,"EVER",0,16,-1,0
"445",1997,"EVER",0,7,-1,0
"446",1997,"EVER",0,16,-1,0
"447",1997,"EVER",0,7,-1,0
"448",1997,"EVER",0,16,-1,0
"449",1997,"EVER",0,18,-1,0
"450",1997,"EVER",1,10,-1,0
"451",1997,"EVER",0,16,-1,0
"452",1997,"EVER",0,16,-1,0
"453",1997,"EVER",0,10,-1,0
"454",1997,"EVER",0,16,-1,0
"455",1997,"EVER",0,10,-1,0
"456",1997,"EVER",0,16,-1,0
"457",1997,"EVER",0,10,-1,0
"458",1997,"EVER",0,15,-1,0
"459",1997,"EVER",0,5,-1,0
"460",1997,"EVER",0,11,-1,0
"461",1997,"EVER",0,5,-1,0
"462",1997,"EVER",0,11,-1,0
"463",1997,"EVER",0,10,-1,0
"464",1997,"EVER",0,5,-1,0
"465",1997,"EVER",0,11,-1,0
"466",1997,"EVER",0,10,-1,0
"467",1997,"EVER",0,7,-1,0
"468",1997,"EVER",0,18,-1,0
"469",1997,"EVER",0,17,-1,0
"470",1997,"EVER",0,7,-1,0
"471",1997,"EVER",0,9,-1,0
"472",1997,"EVER",0,9,-1,0
"473",1997,"EVER",0,7,-1,0
"474",1997,"EVER",0,11,-1,0
"475",1997,"EVER",0,20,-1,0
"476",1997,"EVER",1,15,-1,0
"477",1997,"EVER",1,23,-1,0
"478",1997,"EVER",0,15,-1,0
"479",1997,"EVER",0,15,-1,0
"480",1997,"EVER",1,5,-1,0
"481",1997,"EVER",0,14,-1,0
"482",1997,"EVER",1,10,-1,0
"483",1997,"EVER",0,16,-1,0
"484",1997,"EVER",0,12,-1,0
"485",1997,"EVER",0,19,-1,0
"486",1997,"EVER",0,16,-1,0
"487",1997,"EVER",0,12,-1,0
"488",1997,"EVER",0,9,-1,0
"489",1997,"EVER",0,10,-1,0
"490",1997,"EVER",0,14,-1,0
"491",1997,"EVER",0,10,-1,0
"492",1997,"EVER",1,14,-1,0
"493",1997,"EVER",0,10,-1,0
"494",1997,"EVER",0,13,-1,0
"495",1997,"EVER",0,14,-1,0
"496",1997,"EVER",0,10,-1,0
"497",1997,"EVER",1,14,-1,0
"498",1997,"EVER",1,15,-1,0
"499",1997,"EVER",0,15,-1,0
"500",1997,"EVER",0,16,-1,0
"501",1997,"EVER",0,15,-1,0
"502",1997,"EVER",1,16,-1,0
"503",1997,"EVER",0,14,-1,0
"504",1997,"EVER",0,10,-1,0
"505",1997,"EVER",1,14,-1,0
"506",1997,"EVER",0,15,-1,0
"507",1997,"EVER",0,5,-1,0
"508",1997,"EVER",0,9,-1,0
"509",1997,"EVER",0,18,-1,0
"510",1997,"EVER",0,14,-1,0
"511",1997,"EVER",0,7,-1,0
"512",1997,"EVER",0,15,-1,0
"513",1997,"EVER",0,5,-1,0
"514",1997,"EVER",0,14,-1,0
"515",1997,"EVER",0,5,-1,0
"516",1997,"EVER",0,11,-1,0
"517",1997,"EVER",0,15,-1,0
"518",1997,"EVER",0,11,-1,0
"519",1997,"EVER",0,3,-1,0
"520",1997,"EVER",1,20,-1,0
"521",1997,"EVER",0,19,-1,0
"522",1997,"EVER",1,11,-1,0
"523",1997,"EVER",0,8,-1,0
"524",1997,"EVER",0,6,-1,0
"525",1997,"EVER",1,17,-1,0
"526",1997,"EVER",0,9,-1,0
"527",1997,"EVER",1,14,-1,0
"528",1997,"EVER",0,17,-1,0
"529",1997,"EVER",0,10,-1,0
"530",1997,"EVER",0,5,-1,0
"531",1997,"EVER",0,11,-1,0
"532",1997,"EVER",0,20,-1,0
"533",1997,"EVER",0,8,-1,0
"534",1997,"EVER",0,8,-1,0
"535",1997,"EVER",0,8,-1,0
"536",1997,"EVER",0,8,-1,0
"537",1997,"EVER",0,14,-1,0
"538",1997,"EVER",1,14,-1,0
"539",1997,"EVER",0,17,-1,0
"540",1997,"EVER",0,14,-1,0
"541",1997,"EVER",0,6,-1,0
"542",1997,"EVER",0,14,-1,0
"543",1997,"EVER",0,8,-1,0
"544",1997,"EVER",0,15,-1,0
"545",1997,"EVER",0,16,-1,0
"546",1997,"EVER",0,10,-1,0
"547",1997,"EVER",0,10,-1,0
"548",1997,"EVER",1,10,-1,0
"549",1997,"EVER",0,14,-1,0
"550",1997,"EVER",0,16,-1,0
"551",1997,"EVER",0,15,-1,0
"552",1997,"EVER",1,11,-1,0
"553",1997,"EVER",0,7,-1,0
"554",1997,"EVER",0,8,-1,0
"555",1997,"EVER",0,5,-1,0
"556",1997,"EVER",1,15,-1,0
"557",1997,"EVER",0,9,-1,0
"558",1997,"EVER",0,13,-1,0
"559",1997,"EVER",0,14,-1,0
"560",1997,"EVER",0,10,-1,0
"561",1997,"EVER",1,14,-1,0
"562",1997,"EVER",0,15,-1,0
"563",1997,"EVER",1,11,-1,0
"564",1997,"EVER",0,10,-1,0
"565",1997,"EVER",0,14,-1,0
"566",1997,"EVER",1,14,-1,0
"567",1997,"EVER",0,14,-1,0
"568",1997,"EVER",0,16,-1,0
"569",1997,"EVER",1,15,-1,0
"570",1997,"EVER",1,15,-1,0
"571",1997,"EVER",0,13,-1,0
"572",1997,"EVER",0,6,-1,0
"573",1997,"EVER",0,11,-1,0
"574",1997,"EVER",0,12,-1,0
"575",1997,"EVER",0,19,-1,0
"576",1997,"EVER",0,15,-1,0
"577",1997,"EVER",1,16,-1,0
"578",1997,"EVER",0,10,-1,0
"579",1997,"EVER",0,14,-1,0
"580",1997,"EVER",1,14,-1,0
"581",1997,"EVER",0,16,-1,0
"582",1997,"EVER",0,4,-1,0
"583",1997,"EVER",0,16,-1,0
"584",1997,"EVER",0,12,-1,0
"585",1997,"EVER",0,18,-1,0
"586",1997,"EVER",0,15,-1,0
"587",1997,"EVER",0,5,-1,0
"588",1997,"EVER",0,11,-1,0
"589",1997,"EVER",1,14,-1,0
"590",1997,"EVER",0,14,-1,0
"591",1997,"EVER",0,7,-1,0
"592",1997,"EVER",1,20,-1,0
"593",1997,"EVER",1,16,-1,0
"594",1997,"EVER",0,10,-1,0
"595",1997,"EVER",1,14,-1,0
"596",1997,"EVER",0,14,-1,0
"597",1997,"EVER",0,7,-1,0
"598",1997,"EVER",1,20,-1,0
"599",1997,"EVER",0,14,-1,0
"600",1997,"EVER",0,5,-1,0
"601",1997,"EVER",0,10,-1,0
"602",1997,"EVER",1,14,-1,0
"603",1997,"EVER",0,10,-1,0
"604",1997,"EVER",0,14,-1,0
"605",1997,"EVER",0,11,-1,0
"606",1997,"EVER",0,10,-1,0
"607",1997,"EVER",1,14,-1,0
"608",1997,"EVER",0,10,-1,0
"609",1997,"EVER",0,21,-1,0
"610",1997,"EVER",1,17,-1,0
"611",1997,"EVER",0,11,-1,0
"612",1997,"EVER",0,10,-1,0
"613",1997,"EVER",1,18,-1,0
"614",1997,"EVER",0,19,-1,0
"615",1997,"EVER",1,15,-1,0
"616",1997,"EVER",0,8,-1,0
"617",1997,"EVER",0,19,-1,0
"618",1997,"EVER",0,15,-1,0
"619",1997,"EVER",0,14,-1,0
"620",1997,"EVER",0,19,-1,0
"621",1997,"EVER",0,15,-1,0
"622",1997,"EVER",1,18,-1,0
"623",1997,"EVER",0,19,-1,0
"624",1997,"EVER",1,15,-1,0
"625",1997,"EVER",1,18,-1,0
"626",1997,"EVER",0,11,-1,0
"627",1997,"EVER",0,18,-1,0
"628",1997,"EVER",0,16,-1,0
"629",1997,"EVER",0,11,-1,0
"630",1997,"EVER",0,7,-1,0
"631",1997,"EVER",0,18,-1,0
"632",1997,"EVER",0,15,-1,0
"633",1997,"EVER",0,4,-1,0
"634",1997,"EVER",1,18,-1,0
"635",1997,"EVER",0,11,-1,0
"636",1997,"EVER",0,11,-1,0
"637",1997,"EVER",0,17,-1,0
"638",1997,"EVER",0,11,-1,0
"639",1997,"EVER",1,19,-1,0
"640",1997,"EVER",0,14,-1,0
"641",1997,"EVER",1,10,-1,0
"642",1997,"EVER",1,14,-1,0
"643",1997,"EVER",1,14,-1,0
"644",1997,"EVER",0,12,-1,0
"645",1997,"EVER",0,14,-1,0
"646",1997,"EVER",0,14,-1,0
"647",1997,"EVER",0,4,-1,0
"648",1997,"EVER",0,9,-1,0
"649",1997,"EVER",0,17,-1,0
"650",1997,"EVER",0,10,-1,0
"651",1997,"EVER",0,15,-1,0
"652",1997,"EVER",1,18,-1,0
"653",1997,"EVER",0,25,-1,0
"654",1997,"EVER",0,18,-1,0
"655",1997,"EVER",0,25,-1,0
"656",1997,"EVER",0,18,-1,0
"657",1997,"EVER",1,25,-1,0
"658",1997,"EVER",0,25,-1,0
"659",1997,"EVER",0,18,-1,0
"660",1997,"EVER",0,25,-1,0
"661",1997,"EVER",0,14,-1,0
"662",1997,"EVER",0,17,-1,0
"663",1997,"EVER",1,16,-1,0
"664",1997,"EVER",0,15,-1,0
"665",1997,"EVER",1,15,-1,0
"666",1997,"EVER",1,19,-1,0
"667",1997,"EVER",0,15,-1,0
"668",1997,"EVER",0,18,-1,0
"669",1997,"EVER",0,18,-1,0
"670",1997,"EVER",0,10,-1,0
"671",1997,"EVER",1,14,-1,0
"672",1997,"EVER",0,18,-1,0
"673",1997,"EVER",0,10,-1,0
"674",1997,"EVER",1,14,-1,0
"675",1997,"EVER",0,14,-1,0
"676",1997,"EVER",0,14,-1,0
"677",1997,"EVER",1,14,-1,0
"678",1997,"EVER",0,14,-1,0
"679",1997,"EVER",0,14,-1,0
"680",1997,"EVER",0,14,-1,0
"681",1997,"EVER",1,12,-1,0
"682",1997,"EVER",0,14,-1,0
"683",1997,"EVER",0,14,-1,0
"684",1997,"EVER",0,14,-1,0
"685",1997,"EVER",1,12,-1,0
"686",1997,"EVER",1,16,-1,0
"687",1997,"EVER",0,16,-1,0
"688",1997,"EVER",1,10,-1,0
"689",1997,"EVER",0,14,-1,0
"690",1997,"EVER",0,10,-1,0
"691",1997,"EVER",1,14,-1,0
"692",1997,"EVER",0,14,-1,0
"693",1997,"EVER",1,10,-1,0
"694",1997,"EVER",0,14,-1,0
"695",1997,"EVER",0,10,-1,0
"696",1997,"EVER",1,16,-1,0
"697",1997,"EVER",0,12,-1,0
"698",1997,"EVER",0,15,-1,0
"699",1997,"EVER",0,18,-1,0
"700",1997,"EVER",0,14,-1,0
"701",1997,"EVER",0,5,-1,0
"702",1997,"EVER",0,13,-1,0
"703",1997,"EVER",0,18,-1,0
"704",1997,"EVER",0,17,-1,0
"705",1997,"EVER",0,14,-1,0
"706",1997,"EVER",0,14,-1,0
"707",1997,"EVER",0,11,-1,0
"708",1997,"EVER",0,16,-1,0
"709",1997,"EVER",0,12,-1,0
"710",1997,"EVER",0,16,-1,0
"711",1997,"EVER",0,18,-1,0
"712",1997,"EVER",0,14,-1,0
"713",1997,"EVER",0,13,-1,0
"714",1997,"EVER",0,18,-1,0
"715",1997,"EVER",0,14,-1,0
"716",1997,"EVER",1,18,-1,0
"717",1997,"EVER",0,14,-1,0
"718",1997,"EVER",0,15,-1,0
"719",1997,"EVER",0,23,-1,0
"720",1997,"EVER",0,14,-1,0
"721",1997,"EVER",0,27,-1,0
"722",1997,"EVER",0,15,-1,0
"723",1997,"EVER",0,18,-1,0
"724",1997,"EVER",1,10,-1,0
"725",1997,"EVER",0,16,-1,0
"726",1997,"EVER",0,18,-1,0
"727",1997,"EVER",0,17,-1,0
"728",1997,"EVER",1,16,-1,0
"729",1997,"EVER",0,16,-1,0
"730",1997,"EVER",0,18,-1,0
"731",1997,"EVER",1,17,-1,0
"732",1997,"EVER",0,16,-1,0
"733",1997,"EVER",0,18,-1,0
"734",1997,"EVER",0,16,-1,0
"735",1997,"EVER",0,18,-1,0
"736",1997,"EVER",1,17,-1,0
"737",1997,"EVER",0,10,-1,0
"738",1997,"EVER",0,15,-1,0
"739",1997,"EVER",0,18,-1,0
"740",1997,"EVER",0,16,-1,0
"741",1997,"EVER",0,12,-1,0
"742",1997,"EVER",0,19,-1,0
"743",1997,"EVER",1,15,-1,0
"744",1997,"EVER",0,13,-1,0
"745",1997,"EVER",0,10,-1,0
"746",1997,"EVER",0,15,-1,0
"747",1997,"EVER",1,25,-1,0
"748",1997,"EVER",0,16,-1,0
"749",1997,"EVER",0,12,-1,0
"750",1997,"EVER",0,9,-1,0
"751",1997,"EVER",0,10,-1,0
"752",1997,"EVER",0,12,-1,0
"753",1997,"EVER",0,16,-1,0
"754",1997,"EVER",0,4,-1,0
"755",1997,"EVER",0,18,-1,0
"756",1997,"EVER",0,6,-1,0
"757",1997,"EVER",0,21,-1,0
"758",1997,"EVER",0,10,-1,0
"759",1997,"EVER",0,18,-1,0
"760",1997,"EVER",0,16,-1,0
"761",1997,"EVER",0,4,-1,0
"762",1997,"EVER",0,18,-1,0
"763",1997,"EVER",0,14,-1,0
"764",1997,"EVER",0,11,-1,0
"765",1997,"EVER",0,14,-1,0
"766",1997,"EVER",0,14,-1,0
"767",1997,"EVER",0,9,-1,0
"768",1997,"EVER",0,10,-1,0
"769",1997,"EVER",0,11,-1,0
"770",1997,"EVER",0,16,-1,0
"771",1997,"EVER",0,12,-1,0
"772",1997,"EVER",0,9,-1,0
"773",1997,"EVER",0,10,-1,0
"774",1997,"EVER",0,11,-1,0
"775",1997,"EVER",0,5,-1,0
"776",1997,"EVER",0,11,-1,0
"777",1997,"EVER",0,16,-1,0
"778",1997,"EVER",0,11,-1,0
"779",1997,"EVER",0,10,-1,0
"780",1997,"EVER",0,10,-1,0
"781",1997,"EVER",0,11,-1,0
"782",1997,"EVER",0,21,-1,0
"783",1997,"EVER",0,6,-1,0
"784",1997,"EVER",0,11,-1,0
"785",1997,"EVER",0,16,-1,0
"786",1997,"EVER",0,12,-1,0
"787",1997,"EVER",0,9,-1,0
"788",1997,"EVER",0,11,-1,0
"789",1997,"EVER",1,16,-1,0
"790",1997,"EVER",0,11,-1,0
"791",1997,"EVER",1,14,-1,0
"792",1997,"EVER",0,8,-1,0
"793",1997,"EVER",0,9,-1,0
"794",1997,"EVER",0,17,-1,0
"795",1997,"EVER",0,14,-1,0
"796",1997,"EVER",0,4,-1,0
"797",1997,"EVER",0,17,-1,0
"798",1997,"EVER",0,8,-1,0
"799",1997,"EVER",0,17,-1,0
"800",1997,"EVER",0,15,-1,0
"801",1997,"EVER",0,15,-1,0
"802",1997,"EVER",0,16,-1,0
"803",1997,"EVER",0,10,-1,0
"804",1997,"EVER",0,15,-1,0
"805",1997,"EVER",0,15,-1,0
"806",1997,"EVER",0,6,-1,0
"807",1997,"EVER",0,8,-1,0
"808",1997,"EVER",0,15,-1,0
"809",1997,"EVER",0,19,-1,0
"810",1997,"EVER",0,10,-1,0
"811",1997,"EVER",0,14,-1,0
"812",1997,"EVER",0,14,-1,0
"813",1997,"EVER",1,12,-1,0
"814",1997,"EVER",1,20,-1,0
"815",1997,"EVER",0,11,-1,0
"816",1997,"EVER",0,17,-1,0
"817",1997,"EVER",0,15,-1,0
"818",1997,"EVER",0,13,-1,0
"819",1997,"EVER",1,9,-1,0
"820",1997,"EVER",1,15,-1,0
"821",1997,"EVER",1,10,-1,0
"822",1997,"EVER",1,10,-1,0
"823",1997,"EVER",1,15,-1,0
"824",1997,"EVER",0,16,-1,0
"825",1997,"EVER",0,18,-1,0
"826",1997,"EVER",0,16,-1,0
"827",1997,"EVER",0,18,-1,0
"828",1997,"EVER",0,17,-1,0
"829",1997,"EVER",0,8,-1,0
"830",1997,"EVER",0,14,-1,0
"831",1997,"EVER",0,14,-1,0
"832",1997,"EVER",1,19,-1,0
"833",1997,"EVER",0,16,-1,0
"834",1997,"EVER",0,12,-1,0
"835",1997,"EVER",0,19,-1,0
"836",1997,"EVER",1,14,-1,0
"837",1997,"EVER",1,15,-1,0
"838",1997,"EVER",0,15,-1,0
"839",1997,"EVER",1,13,-1,0
"840",1997,"EVER",1,15,-1,0
"841",1997,"EVER",0,15,-1,0
"842",1997,"EVER",0,13,-1,0
"843",1997,"EVER",0,9,-1,0
"844",1997,"EVER",0,15,-1,0
"845",1997,"EVER",1,13,-1,0
"846",1997,"EVER",1,15,-1,0
"847",1997,"EVER",0,16,-1,0
"848",1997,"EVER",0,20,-1,0
"849",1997,"EVER",1,12,-1,0
"850",1997,"EVER",0,14,-1,0
"851",1997,"EVER",1,14,-1,0
"852",1997,"EVER",1,14,-1,0
"853",1997,"EVER",0,9,-1,0
"854",1997,"EVER",1,10,-1,0
"855",1997,"EVER",0,10,-1,0
"856",1997,"EVER",0,13,-1,0
"857",1997,"EVER",0,9,-1,0
"858",1997,"EVER",0,17,-1,0
"859",1997,"EVER",0,15,-1,0
"860",1997,"EVER",0,13,-1,0
"861",1997,"EVER",0,17,-1,0
"862",1997,"EVER",0,15,-1,0
"863",1997,"EVER",0,13,-1,0
"864",1997,"EVER",0,18,-1,0
"865",1997,"EVER",0,14,-1,0
"866",1997,"EVER",0,14,-1,0
"867",1997,"EVER",0,18,-1,0
"868",1997,"EVER",0,16,-1,0
"869",1997,"EVER",0,5,-1,0
"870",1997,"EVER",0,11,-1,0
"871",1997,"EVER",0,17,-1,0
"872",1997,"EVER",0,20,-1,0
"873",1997,"EVER",0,18,-1,0
"874",1997,"EVER",0,11,-1,0
"875",1997,"EVER",0,10,-1,0
"876",1997,"EVER",1,14,-1,0
"877",1997,"EVER",0,16,-1,0
"878",1997,"EVER",0,14,-1,0
"879",1997,"EVER",0,14,-1,0
"880",1997,"EVER",0,13,-1,0
"881",1997,"EVER",0,15,-1,0
"882",1997,"KRV",0,23,-1,0
"883",1997,"KRV",1,23,-1,0
"884",1997,"KRV",0,19,-1,0
"885",1997,"KRV",1,23,-1,0
"886",1997,"KRV",1,18,-1,0
"887",1997,"KRV",1,23,-1,0
"888",1997,"KRV",1,17,-1,0
"889",1997,"KRV",1,17,-1,0
"890",1997,"KRV",0,16,-1,0
"891",1997,"KRV",0,17,-1,0
"892",1997,"KRV",1,19,-1,0
"893",1997,"KRV",0,23,-1,0
"894",1997,"KRV",1,17,-1,0
"895",1997,"KRV",0,17,-1,0
"896",1997,"KRV",1,18,-1,0
"897",1997,"KRV",0,17,-1,0
"898",1997,"KRV",0,23,-1,0
"899",1997,"KRV",1,18,-1,0
"900",1997,"KRV",1,23,-1,0
"901",1997,"KRV",0,23,-1,0
"902",1997,"KRV",1,18,-1,0
"903",1997,"KRV",1,23,-1,0
"904",1997,"KRV",1,23,-1,0
"905",1997,"KRV",1,23,-1,0
"906",1997,"KRV",1,23,-1,0
"907",1997,"KRV",1,23,-1,0
"908",1997,"KRV",1,23,-1,0
"909",1997,"KRV",1,23,-1,0
"910",1997,"KRV",0,23,-1,0
"911",1997,"KRV",1,18,-1,0
"912",1997,"KRV",1,23,-1,0
"913",1997,"KRV",0,19,-1,0
"914",1997,"KRV",0,16,-1,0
"915",1997,"KRV",0,17,-1,0
"916",1997,"KRV",0,23,-1,0
"917",1997,"KRV",0,23,-1,0
"918",1997,"KRV",1,16,-1,0
"919",1997,"KRV",0,23,-1,0
"920",1997,"KRV",0,19,-1,0
"921",1997,"KRV",0,16,-1,0
"922",1997,"KRV",1,19,-1,0
"923",1997,"KRV",0,17,-1,0
"924",1997,"KRV",1,12,-1,0
"925",1997,"KRV",1,16,-1,0
"926",1997,"KRV",1,18,-1,0
"927",1997,"KRV",0,16,-1,0
"928",1997,"KRV",1,18,-1,0
"929",1997,"KRV",1,18,-1,0
"930",1997,"KRV",0,19,-1,0
"931",1997,"KRV",1,18,-1,0
"932",1997,"KRV",0,23,-1,0
"933",1997,"KRV",1,16,-1,0
"934",1997,"KRV",1,16,-1,0
"935",1997,"OKEE",1,28,-1,0
"936",1997,"OKEE",0,20,-1,0
"937",1997,"OKEE",1,22,-1,0
"938",1997,"OKEE",1,22,-1,0
"939",1997,"SJM",1,20,-1,0
"940",1997,"SJM",1,23,-1,0
"941",1997,"SJM",0,22,-1,0
"942",1997,"SJM",1,20,-1,0
"943",1997,"SJM",0,22,-1,0
"944",1997,"SJM",0,20,-1,0
"945",1997,"SJM",1,16,-1,0
"946",1997,"SJM",0,16,-1,0
"947",1997,"SJM",0,18,-1,0
"948",1997,"SJM",1,22,-1,0
"949",1997,"SJM",0,18,-1,0
"950",1997,"SJM",0,22,-1,0
"951",1997,"SJM",1,23,-1,0
"952",1997,"SJM",1,23,-1,0
"953",1997,"SJM",0,18,-1,0
"954",1997,"SJM",1,22,-1,0
"955",1997,"SJM",0,23,-1,0
"956",1997,"SJM",1,18,-1,0
"957",1997,"SJM",1,20,-1,0
"958",1997,"SJM",1,18,-1,0
"959",1997,"SJM",0,23,-1,0
"960",1997,"SJM",0,16,-1,0
"961",1997,"SJM",1,23,-1,0
"962",1997,"SJM",1,22,-1,0
"963",1997,"SJM",0,23,-1,0
"964",1997,"SJM",1,20,-1,0
"965",1997,"SJM",1,18,-1,0
"966",1997,"SJM",1,18,-1,0
"967",1997,"SJM",1,22,-1,0
"968",1997,"SJM",1,22,-1,0
"969",1997,"SJM",0,20,-1,0
"970",1997,"SJM",1,18,-1,0
"971",1997,"SJM",0,20,-1,0
"972",1997,"SJM",1,22,-1,0
"973",1997,"SJM",0,16,-1,0
"974",1998,"EAST",1,13,-1,0
"975",1998,"EAST",0,16,-1,0
"976",1998,"EAST",1,25,-1,0
"977",1998,"EAST",1,27,-1,0
"978",1998,"EVER",1,18,-1,0
"979",1998,"EVER",0,18,-1,0
"980",1998,"EVER",0,8,-1,0
"981",1998,"EVER",0,19,-1,0
"982",1998,"EVER",0,17,-1,0
"983",1998,"EVER",1,18,-1,0
"984",1998,"EVER",0,13,-1,0
"985",1998,"EVER",0,23,-1,0
"986",1998,"EVER",0,6,-1,0
"987",1998,"EVER",0,22,-1,0
"988",1998,"EVER",0,12,-1,0
"989",1998,"EVER",0,14,-1,0
"990",1998,"EVER",0,6,-1,0
"991",1998,"EVER",0,18,-1,0
"992",1998,"EVER",0,21,-1,0
"993",1998,"EVER",0,12,-1,0
"994",1998,"EVER",1,22,-1,0
"995",1998,"EVER",0,21,-1,0
"996",1998,"EVER",1,12,-1,0
"997",1998,"EVER",1,23,-1,0
"998",1998,"EVER",1,23,-1,0
"999",1998,"EVER",0,22,-1,0
"1000",1998,"EVER",0,12,-1,0
"1001",1998,"EVER",0,14,-1,0
"1002",1998,"EVER",0,14,-1,0
"1003",1998,"EVER",0,22,-1,0
"1004",1998,"EVER",1,18,-1,0
"1005",1998,"EVER",1,14,-1,0
"1006",1998,"EVER",1,14,-1,0
"1007",1998,"EVER",0,18,-1,0
"1008",1998,"EVER",0,22,-1,0
"1009",1998,"EVER",0,11,-1,0
"1010",1998,"EVER",0,14,-1,0
"1011",1998,"EVER",0,14,-1,0
"1012",1998,"EVER",0,11,-1,0
"1013",1998,"EVER",1,14,-1,0
"1014",1998,"EVER",1,22,-1,0
"1015",1998,"EVER",0,18,-1,0
"1016",1998,"EVER",0,5,-1,0
"1017",1998,"EVER",0,5,-1,0
"1018",1998,"EVER",1,11,-1,0
"1019",1998,"EVER",0,21,-1,0
"1020",1998,"EVER",1,12,-1,0
"1021",1998,"EVER",0,21,-1,0
"1022",1998,"EVER",1,12,-1,0
"1023",1998,"EVER",1,21,-1,0
"1024",1998,"EVER",0,22,-1,0
"1025",1998,"EVER",1,11,-1,0
"1026",1998,"EVER",1,22,-1,0
"1027",1998,"EVER",0,22,-1,0
"1028",1998,"EVER",0,11,-1,0
"1029",1998,"EVER",0,14,-1,0
"1030",1998,"EVER",1,22,-1,0
"1031",1998,"EVER",0,13,-1,0
"1032",1998,"EVER",0,24,-1,0
"1033",1998,"EVER",0,22,-1,0
"1034",1998,"EVER",0,14,-1,0
"1035",1998,"EVER",1,11,-1,0
"1036",1998,"EVER",1,22,-1,0
"1037",1998,"EVER",0,5,-1,0
"1038",1998,"EVER",0,8,-1,0
"1039",1998,"EVER",0,21,-1,0
"1040",1998,"EVER",1,12,-1,0
"1041",1998,"EVER",1,19,-1,0
"1042",1998,"EVER",1,16,-1,0
"1043",1998,"EVER",0,19,-1,0
"1044",1998,"EVER",0,12,-1,0
"1045",1998,"EVER",0,22,-1,0
"1046",1998,"EVER",0,12,-1,0
"1047",1998,"EVER",0,22,-1,0
"1048",1998,"EVER",1,23,-1,0
"1049",1998,"EVER",1,23,-1,0
"1050",1998,"EVER",0,6,-1,0
"1051",1998,"EVER",0,8,-1,0
"1052",1998,"EVER",0,19,-1,0
"1053",1998,"EVER",1,17,-1,0
"1054",1998,"EVER",1,21,-1,0
"1055",1998,"EVER",0,21,-1,0
"1056",1998,"EVER",1,12,-1,0
"1057",1998,"EVER",0,22,-1,0
"1058",1998,"EVER",0,17,-1,0
"1059",1998,"EVER",0,11,-1,0
"1060",1998,"EVER",0,19,-1,0
"1061",1998,"EVER",0,17,-1,0
"1062",1998,"EVER",0,6,-1,0
"1063",1998,"EVER",0,8,-1,0
"1064",1998,"EVER",1,12,-1,0
"1065",1998,"EVER",0,8,-1,0
"1066",1998,"EVER",1,12,-1,0
"1067",1998,"EVER",0,12,-1,0
"1068",1998,"EVER",0,14,-1,0
"1069",1998,"EVER",0,14,-1,0
"1070",1998,"EVER",0,12,-1,0
"1071",1998,"EVER",0,14,-1,0
"1072",1998,"EVER",0,14,-1,0
"1073",1998,"EVER",0,18,-1,0
"1074",1998,"EVER",1,12,-1,0
"1075",1998,"EVER",0,12,-1,0
"1076",1998,"EVER",1,14,-1,0
"1077",1998,"EVER",0,12,-1,0
"1078",1998,"EVER",1,14,-1,0
"1079",1998,"EVER",0,12,-1,0
"1080",1998,"EVER",1,14,-1,0
"1081",1998,"EVER",0,12,-1,0
"1082",1998,"EVER",0,14,-1,0
"1083",1998,"EVER",1,14,-1,0
"1084",1998,"EVER",0,12,-1,0
"1085",1998,"EVER",1,14,-1,0
"1086",1998,"EVER",0,12,-1,0
"1087",1998,"EVER",0,14,-1,0
"1088",1998,"EVER",1,12,-1,0
"1089",1998,"EVER",0,12,-1,0
"1090",1998,"EVER",0,18,-1,0
"1091",1998,"EVER",0,13,-1,0
"1092",1998,"EVER",0,18,-1,0
"1093",1998,"EVER",0,18,-1,0
"1094",1998,"EVER",0,6,-1,0
"1095",1998,"EVER",0,12,-1,0
"1096",1998,"EVER",1,16,-1,0
"1097",1998,"EVER",0,14,-1,0
"1098",1998,"EVER",0,20,-1,0
"1099",1998,"EVER",1,15,-1,0
"1100",1998,"EVER",0,14,-1,0
"1101",1998,"EVER",0,20,-1,0
"1102",1998,"EVER",0,22,-1,0
"1103",1998,"EVER",1,16,-1,0
"1104",1998,"EVER",0,14,-1,0
"1105",1998,"EVER",1,20,-1,0
"1106",1998,"EVER",0,22,-1,0
"1107",1998,"EVER",0,16,-1,0
"1108",1998,"EVER",1,16,-1,0
"1109",1998,"EVER",0,14,-1,0
"1110",1998,"EVER",1,16,-1,0
"1111",1998,"EVER",0,14,-1,0
"1112",1998,"EVER",0,16,-1,0
"1113",1998,"EVER",1,16,-1,0
"1114",1998,"EVER",1,16,-1,0
"1115",1998,"EVER",0,16,-1,0
"1116",1998,"EVER",1,13,-1,0
"1117",1998,"EVER",0,17,-1,0
"1118",1998,"EVER",1,16,-1,0
"1119",1998,"EVER",0,16,-1,0
"1120",1998,"EVER",1,14,-1,0
"1121",1998,"EVER",0,16,-1,0
"1122",1998,"EVER",0,16,-1,0
"1123",1998,"EVER",0,13,-1,0
"1124",1998,"EVER",0,17,-1,0
"1125",1998,"EVER",1,12,-1,0
"1126",1998,"EVER",0,17,-1,0
"1127",1998,"EVER",0,12,-1,0
"1128",1998,"EVER",0,17,-1,0
"1129",1998,"EVER",0,15,-1,0
"1130",1998,"EVER",0,16,-1,0
"1131",1998,"EVER",1,13,-1,0
"1132",1998,"EVER",1,17,-1,0
"1133",1998,"EVER",1,17,-1,0
"1134",1998,"EVER",0,16,-1,0
"1135",1998,"EVER",1,16,-1,0
"1136",1998,"EVER",1,16,-1,0
"1137",1998,"EVER",0,17,-1,0
"1138",1998,"EVER",0,17,-1,0
"1139",1998,"EVER",1,15,-1,0
"1140",1998,"EVER",1,16,-1,0
"1141",1998,"EVER",1,17,-1,0
"1142",1998,"EVER",1,21,-1,0
"1143",1998,"EVER",1,16,-1,0
"1144",1998,"EVER",1,16,-1,0
"1145",1998,"EVER",1,12,-1,0
"1146",1998,"EVER",0,11,-1,0
"1147",1998,"EVER",0,16,-1,0
"1148",1998,"EVER",0,12,-1,0
"1149",1998,"EVER",1,22,-1,0
"1150",1998,"EVER",1,20,-1,0
"1151",1998,"EVER",1,22,-1,0
"1152",1998,"EVER",0,20,-1,0
"1153",1998,"EVER",0,8,-1,0
"1154",1998,"EVER",0,10,-1,0
"1155",1998,"EVER",0,20,-1,0
"1156",1998,"EVER",1,7,-1,0
"1157",1998,"EVER",0,16,-1,0
"1158",1998,"EVER",0,16,-1,0
"1159",1998,"EVER",0,16,-1,0
"1160",1998,"EVER",0,19,-1,0
"1161",1998,"EVER",1,25,-1,0
"1162",1998,"EVER",0,20,-1,0
"1163",1998,"EVER",0,15,-1,0
"1164",1998,"EVER",1,25,-1,0
"1165",1998,"EVER",0,20,-1,0
"1166",1998,"EVER",0,7,-1,0
"1167",1998,"EVER",0,8,-1,0
"1168",1998,"EVER",0,7,-1,0
"1169",1998,"EVER",1,20,-1,0
"1170",1998,"EVER",0,18,-1,0
"1171",1998,"EVER",1,18,-1,0
"1172",1998,"EVER",0,18,-1,0
"1173",1998,"EVER",0,18,-1,0
"1174",1998,"EVER",1,22,-1,0
"1175",1998,"EVER",1,19,-1,0
"1176",1998,"EVER",0,14,-1,0
"1177",1998,"EVER",0,18,-1,0
"1178",1998,"EVER",0,18,-1,0
"1179",1998,"EVER",0,16,-1,0
"1180",1998,"EVER",0,20,-1,0
"1181",1998,"EVER",0,10,-1,0
"1182",1998,"EVER",0,13,-1,0
"1183",1998,"EVER",0,13,-1,0
"1184",1998,"EVER",0,16,-1,0
"1185",1998,"EVER",0,8,-1,0
"1186",1998,"EVER",0,16,-1,0
"1187",1998,"EVER",0,20,-1,0
"1188",1998,"EVER",0,10,-1,0
"1189",1998,"EVER",0,13,-1,0
"1190",1998,"EVER",0,13,-1,0
"1191",1998,"EVER",0,16,-1,0
"1192",1998,"EVER",0,20,-1,0
"1193",1998,"EVER",0,13,-1,0
"1194",1998,"EVER",0,18,-1,0
"1195",1998,"EVER",0,6,-1,0
"1196",1998,"EVER",0,15,-1,0
"1197",1998,"EVER",0,20,-1,0
"1198",1998,"EVER",0,6,-1,0
"1199",1998,"EVER",0,15,-1,0
"1200",1998,"EVER",0,20,-1,0
"1201",1998,"EVER",1,22,-1,0
"1202",1998,"EVER",1,15,-1,0
"1203",1998,"EVER",0,12,-1,0
"1204",1998,"EVER",1,15,-1,0
"1205",1998,"EVER",1,15,-1,0
"1206",1998,"EVER",0,15,-1,0
"1207",1998,"EVER",0,8,-1,0
"1208",1998,"EVER",0,13,-1,0
"1209",1998,"EVER",0,19,-1,0
"1210",1998,"EVER",1,21,-1,0
"1211",1998,"EVER",1,8,-1,0
"1212",1998,"EVER",1,13,-1,0
"1213",1998,"EVER",0,15,-1,0
"1214",1998,"EVER",0,14,-1,0
"1215",1998,"EVER",0,13,-1,0
"1216",1998,"EVER",0,19,-1,0
"1217",1998,"EVER",0,5,-1,0
"1218",1998,"EVER",0,13,-1,0
"1219",1998,"EVER",0,19,-1,0
"1220",1998,"EVER",0,5,-1,0
"1221",1998,"EVER",0,13,-1,0
"1222",1998,"EVER",1,18,-1,0
"1223",1998,"EVER",0,13,-1,0
"1224",1998,"EVER",1,18,-1,0
"1225",1998,"EVER",0,19,-1,0
"1226",1998,"EVER",0,16,-1,0
"1227",1998,"EVER",0,22,-1,0
"1228",1998,"EVER",1,15,-1,0
"1229",1998,"EVER",0,5,-1,0
"1230",1998,"EVER",0,18,-1,0
"1231",1998,"EVER",1,23,-1,0
"1232",1998,"EVER",0,23,-1,0
"1233",1998,"EVER",1,22,-1,0
"1234",1998,"EVER",0,23,-1,0
"1235",1998,"EVER",0,22,-1,0
"1236",1998,"EVER",0,10,-1,0
"1237",1998,"EVER",1,24,-1,0
"1238",1998,"EVER",1,23,-1,0
"1239",1998,"EVER",0,5,-1,0
"1240",1998,"EVER",0,19,-1,0
"1241",1998,"EVER",0,18,-1,0
"1242",1998,"EVER",1,19,-1,0
"1243",1998,"EVER",1,19,-1,0
"1244",1998,"EVER",1,11,-1,0
"1245",1998,"EVER",1,11,-1,0
"1246",1998,"EVER",0,19,-1,0
"1247",1998,"EVER",1,25,-1,0
"1248",1998,"EVER",0,10,-1,0
"1249",1998,"EVER",0,27,-1,0
"1250",1998,"EVER",0,16,-1,0
"1251",1998,"EVER",0,10,-1,0
"1252",1998,"EVER",1,24,-1,0
"1253",1998,"EVER",0,10,-1,0
"1254",1998,"EVER",1,24,-1,0
"1255",1998,"EVER",0,9,-1,0
"1256",1998,"EVER",0,24,-1,0
"1257",1998,"EVER",0,22,-1,0
"1258",1998,"EVER",1,19,-1,0
"1259",1998,"EVER",0,19,-1,0
"1260",1998,"EVER",1,19,-1,0
"1261",1998,"EVER",0,19,-1,0
"1262",1998,"EVER",0,19,-1,0
"1263",1998,"EVER",0,4,-1,0
"1264",1998,"EVER",0,19,-1,0
"1265",1998,"EVER",0,19,-1,0
"1266",1998,"EVER",0,12,-1,0
"1267",1998,"EVER",0,19,-1,0
"1268",1998,"EVER",0,19,-1,0
"1269",1998,"EVER",0,19,-1,0
"1270",1998,"EVER",0,19,-1,0
"1271",1998,"EVER",0,10,-1,0
"1272",1998,"EVER",0,9,-1,0
"1273",1998,"EVER",0,19,-1,0
"1274",1998,"EVER",1,19,-1,0
"1275",1998,"EVER",1,19,-1,0
"1276",1998,"EVER",0,19,-1,0
"1277",1998,"EVER",1,22,-1,0
"1278",1998,"EVER",0,19,-1,0
"1279",1998,"EVER",1,22,-1,0
"1280",1998,"EVER",0,19,-1,0
"1281",1998,"EVER",1,22,-1,0
"1282",1998,"EVER",1,19,-1,0
"1283",1998,"EVER",0,19,-1,0
"1284",1998,"EVER",0,23,-1,0
"1285",1998,"EVER",0,8,-1,0
"1286",1998,"EVER",0,19,-1,0
"1287",1998,"EVER",0,18,-1,0
"1288",1998,"EVER",0,5,-1,0
"1289",1998,"EVER",0,8,-1,0
"1290",1998,"EVER",0,17,-1,0
"1291",1998,"EVER",0,11,-1,0
"1292",1998,"EVER",0,14,-1,0
"1293",1998,"EVER",0,16,-1,0
"1294",1998,"EVER",0,13,-1,0
"1295",1998,"EVER",0,23,-1,0
"1296",1998,"EVER",0,6,-1,0
"1297",1998,"EVER",0,13,-1,0
"1298",1998,"EVER",0,23,-1,0
"1299",1998,"EVER",1,14,-1,0
"1300",1998,"EVER",0,19,-1,0
"1301",1998,"EVER",0,19,-1,0
"1302",1998,"EVER",0,9,-1,0
"1303",1998,"EVER",0,19,-1,0
"1304",1998,"EVER",1,21,-1,0
"1305",1998,"EVER",0,19,-1,0
"1306",1998,"EVER",0,5,-1,0
"1307",1998,"EVER",0,19,-1,0
"1308",1998,"EVER",0,21,-1,0
"1309",1998,"EVER",0,19,-1,0
"1310",1998,"EVER",1,21,-1,0
"1311",1998,"EVER",1,22,-1,0
"1312",1998,"EVER",0,22,-1,0
"1313",1998,"EVER",0,16,-1,0
"1314",1998,"EVER",1,22,-1,0
"1315",1998,"EVER",1,22,-1,0
"1316",1998,"EVER",1,22,-1,0
"1317",1998,"EVER",1,22,-1,0
"1318",1998,"EVER",0,22,-1,0
"1319",1998,"EVER",0,16,-1,0
"1320",1998,"EVER",0,16,-1,0
"1321",1998,"EVER",1,22,-1,0
"1322",1998,"EVER",1,22,-1,0
"1323",1998,"EVER",1,12,-1,0
"1324",1998,"EVER",0,12,-1,0
"1325",1998,"EVER",0,22,-1,0
"1326",1998,"EVER",0,12,-1,0
"1327",1998,"EVER",0,22,-1,0
"1328",1998,"EVER",0,16,-1,0
"1329",1998,"EVER",0,12,-1,0
"1330",1998,"EVER",1,22,-1,0
"1331",1998,"EVER",0,12,-1,0
"1332",1998,"EVER",1,22,-1,0
"1333",1998,"EVER",0,13,-1,0
"1334",1998,"EVER",0,21,-1,0
"1335",1998,"EVER",0,16,-1,0
"1336",1998,"EVER",0,11,-1,0
"1337",1998,"EVER",1,12,-1,0
"1338",1998,"EVER",0,11,-1,0
"1339",1998,"EVER",1,14,-1,0
"1340",1998,"EVER",0,11,-1,0
"1341",1998,"EVER",0,14,-1,0
"1342",1998,"EVER",0,14,-1,0
"1343",1998,"EVER",1,18,-1,0
"1344",1998,"EVER",0,11,-1,0
"1345",1998,"EVER",1,14,-1,0
"1346",1998,"EVER",0,11,-1,0
"1347",1998,"EVER",0,14,-1,0
"1348",1998,"EVER",1,14,-1,0
"1349",1998,"EVER",1,11,-1,0
"1350",1998,"EVER",0,11,-1,0
"1351",1998,"EVER",0,14,-1,0
"1352",1998,"EVER",1,14,-1,0
"1353",1998,"EVER",0,14,-1,0
"1354",1998,"EVER",0,14,-1,0
"1355",1998,"EVER",0,19,-1,0
"1356",1998,"EVER",0,22,-1,0
"1357",1998,"EVER",0,16,-1,0
"1358",1998,"EVER",0,21,-1,0
"1359",1998,"EVER",0,14,-1,0
"1360",1998,"EVER",0,14,-1,0
"1361",1998,"EVER",1,14,-1,0
"1362",1998,"EVER",1,14,-1,0
"1363",1998,"EVER",1,14,-1,0
"1364",1998,"EVER",1,14,-1,0
"1365",1998,"EVER",1,14,-1,0
"1366",1998,"EVER",1,14,-1,0
"1367",1998,"EVER",0,14,-1,0
"1368",1998,"EVER",0,18,-1,0
"1369",1998,"EVER",0,28,-1,0
"1370",1998,"EVER",0,23,-1,0
"1371",1998,"EVER",0,22,-1,0
"1372",1998,"EVER",0,8,-1,0
"1373",1998,"EVER",0,13,-1,0
"1374",1998,"EVER",0,6,-1,0
"1375",1998,"EVER",1,17,-1,0
"1376",1998,"EVER",0,23,-1,0
"1377",1998,"EVER",0,23,-1,0
"1378",1998,"EVER",0,23,-1,0
"1379",1998,"EVER",0,22,-1,0
"1380",1998,"EVER",0,23,-1,0
"1381",1998,"EVER",0,22,-1,0
"1382",1998,"EVER",1,23,-1,0
"1383",1998,"EVER",1,23,-1,0
"1384",1998,"EVER",1,23,-1,0
"1385",1998,"EVER",0,23,-1,0
"1386",1998,"EVER",0,6,-1,0
"1387",1998,"EVER",0,8,-1,0
"1388",1998,"EVER",0,23,-1,0
"1389",1998,"EVER",0,23,-1,0
"1390",1998,"EVER",0,23,-1,0
"1391",1998,"EVER",1,22,-1,0
"1392",1998,"EVER",1,23,-1,0
"1393",1998,"EVER",1,23,-1,0
"1394",1998,"EVER",1,23,-1,0
"1395",1998,"EVER",1,24,-1,0
"1396",1998,"EVER",0,24,-1,0
"1397",1998,"EVER",0,21,-1,0
"1398",1998,"EVER",0,23,-1,0
"1399",1998,"EVER",0,22,-1,0
"1400",1998,"EVER",1,23,-1,0
"1401",1998,"EVER",1,23,-1,0
"1402",1998,"EVER",0,23,-1,0
"1403",1998,"EVER",0,22,-1,0
"1404",1998,"EVER",0,23,-1,0
"1405",1998,"EVER",0,6,-1,0
"1406",1998,"EVER",0,24,-1,0
"1407",1998,"EVER",0,21,-1,0
"1408",1998,"EVER",0,12,-1,0
"1409",1998,"EVER",0,28,-1,0
"1410",1998,"EVER",0,23,-1,0
"1411",1998,"EVER",0,22,-1,0
"1412",1998,"EVER",1,23,-1,0
"1413",1998,"EVER",0,24,-1,0
"1414",1998,"EVER",0,5,-1,0
"1415",1998,"EVER",0,17,-1,0
"1416",1998,"EVER",0,23,-1,0
"1417",1998,"EVER",0,23,-1,0
"1418",1998,"EVER",0,24,-1,0
"1419",1998,"EVER",1,21,-1,0
"1420",1998,"EVER",0,17,-1,0
"1421",1998,"EVER",0,22,-1,0
"1422",1998,"EVER",0,17,-1,0
"1423",1998,"EVER",1,23,-1,0
"1424",1998,"EVER",0,17,-1,0
"1425",1998,"EVER",0,3,-1,0
"1426",1998,"EVER",0,15,-1,0
"1427",1998,"EVER",1,20,-1,0
"1428",1998,"EVER",0,13,-1,0
"1429",1998,"EVER",0,6,-1,0
"1430",1998,"EVER",0,17,-1,0
"1431",1998,"EVER",1,19,-1,0
"1432",1998,"EVER",0,12,-1,0
"1433",1998,"EVER",0,6,-1,0
"1434",1998,"EVER",0,7,-1,0
"1435",1998,"EVER",1,20,-1,0
"1436",1998,"EVER",0,16,-1,0
"1437",1998,"EVER",0,19,-1,0
"1438",1998,"EVER",0,5,-1,0
"1439",1998,"EVER",0,9,-1,0
"1440",1998,"EVER",0,23,-1,0
"1441",1998,"EVER",0,14,-1,0
"1442",1998,"EVER",0,18,-1,0
"1443",1998,"EVER",0,19,-1,0
"1444",1998,"EVER",0,20,-1,0
"1445",1998,"EVER",0,13,-1,0
"1446",1998,"EVER",1,19,-1,0
"1447",1998,"EVER",0,20,-1,0
"1448",1998,"EVER",0,20,-1,0
"1449",1998,"EVER",0,13,-1,0
"1450",1998,"EVER",0,23,-1,0
"1451",1998,"EVER",0,13,-1,0
"1452",1998,"EVER",0,6,-1,0
"1453",1998,"EVER",0,12,-1,0
"1454",1998,"EVER",1,21,-1,0
"1455",1998,"EVER",0,21,-1,0
"1456",1998,"EVER",0,16,-1,0
"1457",1998,"EVER",1,19,-1,0
"1458",1998,"EVER",0,21,-1,0
"1459",1998,"EVER",0,9,-1,0
"1460",1998,"EVER",0,21,-1,0
"1461",1998,"EVER",0,24,-1,0
"1462",1998,"EVER",1,16,-1,0
"1463",1998,"EVER",1,19,-1,0
"1464",1998,"EVER",0,19,-1,0
"1465",1998,"EVER",0,12,-1,0
"1466",1998,"EVER",0,19,-1,0
"1467",1998,"EVER",1,19,-1,0
"1468",1998,"EVER",0,19,-1,0
"1469",1998,"EVER",0,19,-1,0
"1470",1998,"EVER",0,19,-1,0
"1471",1998,"EVER",0,19,-1,0
"1472",1998,"EVER",1,12,-1,0
"1473",1998,"EVER",1,19,-1,0
"1474",1998,"EVER",0,19,-1,0
"1475",1998,"EVER",1,19,-1,0
"1476",1998,"EVER",0,19,-1,0
"1477",1998,"EVER",0,19,-1,0
"1478",1998,"EVER",0,27,-1,0
"1479",1998,"EVER",1,27,-1,0
"1480",1998,"EVER",1,16,-1,0
"1481",1998,"EVER",0,22,-1,0
"1482",1998,"EVER",0,16,-1,0
"1483",1998,"EVER",0,19,-1,0
"1484",1998,"EVER",1,21,-1,0
"1485",1998,"EVER",0,21,-1,0
"1486",1998,"EVER",0,16,-1,0
"1487",1998,"EVER",0,19,-1,0
"1488",1998,"EVER",0,21,-1,0
"1489",1998,"EVER",0,16,-1,0
"1490",1998,"EVER",1,19,-1,0
"1491",1998,"EVER",0,21,-1,0
"1492",1998,"EVER",0,16,-1,0
"1493",1998,"EVER",0,19,-1,0
"1494",1998,"EVER",1,18,-1,0
"1495",1998,"EVER",0,19,-1,0
"1496",1998,"EVER",1,18,-1,0
"1497",1998,"EVER",0,19,-1,0
"1498",1998,"EVER",0,21,-1,0
"1499",1998,"EVER",0,9,-1,0
"1500",1998,"EVER",1,19,-1,0
"1501",1998,"EVER",0,16,-1,0
"1502",1998,"EVER",1,21,-1,0
"1503",1998,"EVER",1,16,-1,0
"1504",1998,"EVER",1,20,-1,0
"1505",1998,"EVER",1,17,-1,0
"1506",1998,"EVER",0,17,-1,0
"1507",1998,"EVER",0,16,-1,0
"1508",1998,"EVER",1,19,-1,0
"1509",1998,"EVER",1,20,-1,0
"1510",1998,"EVER",1,27,-1,0
"1511",1998,"EVER",0,24,-1,0
"1512",1998,"EVER",0,6,-1,0
"1513",1998,"EVER",0,27,-1,0
"1514",1998,"EVER",0,27,-1,0
"1515",1998,"EVER",1,24,-1,0
"1516",1998,"EVER",1,19,-1,0
"1517",1998,"EVER",0,20,-1,0
"1518",1998,"EVER",0,8,-1,0
"1519",1998,"EVER",1,24,-1,0
"1520",1998,"EVER",1,16,-1,0
"1521",1998,"EVER",0,16,-1,0
"1522",1998,"EVER",1,28,-1,0
"1523",1998,"EVER",1,12,-1,0
"1524",1998,"EVER",1,12,-1,0
"1525",1998,"EVER",0,16,-1,0
"1526",1998,"EVER",0,5,-1,0
"1527",1998,"EVER",0,12,-1,0
"1528",1998,"EVER",0,6,-1,0
"1529",1998,"EVER",0,12,-1,0
"1530",1998,"EVER",0,19,-1,0
"1531",1998,"EVER",1,12,-1,0
"1532",1998,"EVER",0,19,-1,0
"1533",1998,"EVER",0,19,-1,0
"1534",1998,"EVER",0,24,-1,0
"1535",1998,"EVER",0,16,-1,0
"1536",1998,"EVER",0,18,-1,0
"1537",1998,"EVER",0,16,-1,0
"1538",1998,"EVER",0,16,-1,0
"1539",1998,"EVER",0,22,-1,0
"1540",1998,"EVER",0,16,-1,0
"1541",1998,"EVER",1,19,-1,0
"1542",1998,"EVER",0,19,-1,0
"1543",1998,"EVER",1,21,-1,0
"1544",1998,"EVER",0,22,-1,0
"1545",1998,"EVER",0,28,-1,0
"1546",1998,"EVER",1,22,-1,0
"1547",1998,"EVER",0,20,-1,0
"1548",1998,"EVER",0,24,-1,0
"1549",1998,"EVER",0,16,-1,0
"1550",1998,"EVER",0,20,-1,0
"1551",1998,"EVER",1,20,-1,0
"1552",1998,"EVER",0,15,-1,0
"1553",1998,"EVER",0,9,-1,0
"1554",1998,"EVER",0,15,-1,0
"1555",1998,"EVER",0,9,-1,0
"1556",1998,"EVER",0,20,-1,0
"1557",1998,"EVER",0,18,-1,0
"1558",1998,"EVER",1,20,-1,0
"1559",1998,"EVER",0,23,-1,0
"1560",1998,"EVER",1,23,-1,0
"1561",1998,"EVER",1,20,-1,0
"1562",1998,"EVER",1,20,-1,0
"1563",1998,"EVER",1,27,-1,0
"1564",1998,"EVER",0,9,-1,0
"1565",1998,"EVER",0,15,-1,0
"1566",1998,"EVER",1,20,-1,0
"1567",1998,"EVER",0,22,-1,0
"1568",1998,"EVER",0,28,-1,0
"1569",1998,"EVER",1,28,-1,0
"1570",1998,"EVER",0,22,-1,0
"1571",1998,"KRV",1,16,-1,0
"1572",1998,"KRV",0,21,-1,0
"1573",1998,"KRV",0,16,-1,0
"1574",1998,"OKEE",0,20,-1,0
"1575",1998,"OKEE",0,24,-1,0
"1576",1998,"OKEE",1,28,-1,0
"1577",1998,"OKEE",0,20,-1,0
"1578",1998,"OKEE",0,20,-1,0
"1579",1998,"OKEE",1,24,-1,0
"1580",1998,"OKEE",0,20,-1,0
"1581",1998,"OKEE",1,16,-1,0
"1582",1998,"OKEE",0,24,-1,0
"1583",1998,"SJM",0,17,-1,0
"1584",1998,"SJM",0,21,-1,0
"1585",1998,"SJM",0,16,-1,0
"1586",1998,"SJM",0,16,-1,0
"1587",1998,"SJM",0,21,-1,0
"1588",1998,"SJM",1,13,-1,0
"1589",1998,"SJM",1,21,-1,0
"1590",1998,"SJM",1,21,-1,0
"1591",1998,"SJM",1,21,-1,0
"1592",1998,"SJM",1,17,-1,0
"1593",1998,"SJM",0,13,-1,0
"1594",1998,"SJM",1,21,-1,0
"1595",1998,"SJM",1,21,-1,0
"1596",1999,"EVER",0,12,-1,0
"1597",1999,"EVER",1,18,-1,0
"1598",1999,"EVER",1,18,-1,0
"1599",1999,"EVER",1,18,-1,0
"1600",1999,"EVER",1,16,-1,0
"1601",1999,"EVER",0,17,-1,0
"1602",1999,"EVER",0,16,-1,0
"1603",1999,"EVER",0,18,-1,0
"1604",1999,"EVER",1,16,-1,0
"1605",1999,"EVER",0,24,-1,0
"1606",1999,"EVER",0,16,-1,0
"1607",1999,"EVER",1,15,-1,0
"1608",1999,"EVER",1,18,-1,0
"1609",1999,"EVER",1,24,-1,0
"1610",1999,"EVER",1,24,-1,0
"1611",1999,"EVER",1,18,-1,0
"1612",1999,"EVER",0,17,-1,0
"1613",1999,"EVER",0,18,-1,0
"1614",1999,"EVER",1,8,-1,0
"1615",1999,"EVER",0,24,-1,0
"1616",1999,"EVER",0,17,-1,0
"1617",1999,"EVER",0,18,-1,0
"1618",1999,"EVER",0,12,-1,0
"1619",1999,"EVER",0,24,-1,0
"1620",1999,"EVER",1,16,-1,0
"1621",1999,"EVER",0,24,-1,0
"1622",1999,"EVER",1,16,-1,0
"1623",1999,"EVER",0,20,-1,0
"1624",1999,"EVER",0,26,-1,0
"1625",1999,"EVER",0,9,-1,0
"1626",1999,"EVER",1,18,-1,0
"1627",1999,"EVER",0,24,-1,0
"1628",1999,"EVER",0,14,-1,0
"1629",1999,"EVER",0,12,-1,0
"1630",1999,"EVER",0,24,-1,0
"1631",1999,"EVER",1,14,-1,0
"1632",1999,"EVER",0,24,-1,0
"1633",1999,"EVER",1,14,-1,0
"1634",1999,"EVER",0,24,-1,0
"1635",1999,"EVER",1,16,-1,0
"1636",1999,"EVER",0,24,-1,0
"1637",1999,"EVER",0,16,-1,0
"1638",1999,"EVER",0,24,-1,0
"1639",1999,"EVER",1,18,-1,0
"1640",1999,"EVER",1,24,-1,0
"1641",1999,"EVER",0,14,-1,0
"1642",1999,"EVER",1,18,-1,0
"1643",1999,"EVER",1,18,-1,0
"1644",1999,"EVER",1,13,-1,0
"1645",1999,"EVER",0,18,-1,0
"1646",1999,"EVER",0,8,-1,0
"1647",1999,"EVER",0,16,-1,0
"1648",1999,"EVER",1,16,-1,0
"1649",1999,"EVER",1,21,-1,0
"1650",1999,"EVER",0,21,-1,0
"1651",1999,"EVER",1,17,-1,0
"1652",1999,"EVER",0,21,-1,0
"1653",1999,"EVER",0,17,-1,0
"1654",1999,"EVER",0,6,-1,0
"1655",1999,"EVER",0,22,-1,0
"1656",1999,"EVER",1,16,-1,0
"1657",1999,"EVER",1,20,-1,0
"1658",1999,"EVER",1,20,-1,0
"1659",1999,"EVER",0,13,-1,0
"1660",1999,"EVER",0,12,-1,0
"1661",1999,"EVER",0,16,-1,0
"1662",1999,"EVER",1,16,-1,0
"1663",1999,"EVER",0,16,-1,0
"1664",1999,"EVER",1,16,-1,0
"1665",1999,"EVER",0,10,-1,0
"1666",1999,"EVER",1,18,-1,0
"1667",1999,"EVER",0,12,-1,0
"1668",1999,"EVER",0,9,-1,0
"1669",1999,"EVER",1,18,-1,0
"1670",1999,"EVER",0,12,-1,0
"1671",1999,"EVER",1,16,-1,0
"1672",1999,"EVER",0,12,-1,0
"1673",1999,"EVER",0,16,-1,0
"1674",1999,"EVER",1,12,-1,0
"1675",1999,"EVER",0,12,-1,0
"1676",1999,"EVER",0,16,-1,0
"1677",1999,"EVER",1,12,-1,0
"1678",1999,"EVER",0,12,-1,0
"1679",1999,"EVER",0,16,-1,0
"1680",1999,"EVER",1,12,-1,0
"1681",1999,"EVER",0,12,-1,0
"1682",1999,"EVER",0,16,-1,0
"1683",1999,"EVER",0,12,-1,0
"1684",1999,"EVER",0,12,-1,0
"1685",1999,"EVER",1,16,-1,0
"1686",1999,"EVER",0,12,-1,0
"1687",1999,"EVER",1,16,-1,0
"1688",1999,"EVER",0,12,-1,0
"1689",1999,"EVER",0,16,-1,0
"1690",1999,"EVER",1,12,-1,0
"1691",1999,"EVER",0,12,-1,0
"1692",1999,"EVER",1,16,-1,0
"1693",1999,"EVER",0,14,-1,0
"1694",1999,"EVER",0,14,-1,0
"1695",1999,"EVER",0,15,-1,0
"1696",1999,"EVER",0,3,-1,0
"1697",1999,"EVER",0,22,-1,0
"1698",1999,"EVER",1,15,-1,0
"1699",1999,"EVER",0,16,-1,0
"1700",1999,"EVER",0,17,-1,0
"1701",1999,"EVER",0,18,-1,0
"1702",1999,"EVER",0,16,-1,0
"1703",1999,"EVER",0,17,-1,0
"1704",1999,"EVER",1,18,-1,0
"1705",1999,"EVER",1,12,-1,0
"1706",1999,"EVER",0,17,-1,0
"1707",1999,"EVER",0,18,-1,0
"1708",1999,"EVER",0,16,-1,0
"1709",1999,"EVER",0,17,-1,0
"1710",1999,"EVER",1,18,-1,0
"1711",1999,"EVER",0,17,-1,0
"1712",1999,"EVER",0,18,-1,0
"1713",1999,"EVER",0,16,-1,0
"1714",1999,"EVER",1,15,-1,0
"1715",1999,"EVER",0,17,-1,0
"1716",1999,"EVER",0,18,-1,0
"1717",1999,"EVER",1,16,-1,0
"1718",1999,"EVER",0,18,-1,0
"1719",1999,"EVER",0,9,-1,0
"1720",1999,"EVER",1,12,-1,0
"1721",1999,"EVER",1,18,-1,0
"1722",1999,"EVER",1,11,-1,0
"1723",1999,"EVER",0,12,-1,0
"1724",1999,"EVER",1,24,-1,0
"1725",1999,"EVER",0,16,-1,0
"1726",1999,"EVER",0,12,-1,0
"1727",1999,"EVER",0,16,-1,0
"1728",1999,"EVER",1,12,-1,0
"1729",1999,"EVER",1,26,-1,0
"1730",1999,"EVER",0,26,-1,0
"1731",1999,"EVER",0,26,-1,0
"1732",1999,"EVER",0,16,-1,0
"1733",1999,"EVER",0,15,-1,0
"1734",1999,"EVER",0,22,-1,0
"1735",1999,"EVER",1,10,-1,0
"1736",1999,"EVER",0,12,-1,0
"1737",1999,"EVER",0,24,-1,0
"1738",1999,"EVER",0,4,-1,0
"1739",1999,"EVER",1,22,-1,0
"1740",1999,"EVER",0,22,-1,0
"1741",1999,"EVER",1,26,-1,0
"1742",1999,"EVER",0,18,-1,0
"1743",1999,"EVER",0,18,-1,0
"1744",1999,"EVER",0,10,-1,0
"1745",1999,"EVER",1,14,-1,0
"1746",1999,"EVER",0,19,-1,0
"1747",1999,"EVER",1,16,-1,0
"1748",1999,"EVER",1,16,-1,0
"1749",1999,"EVER",0,16,-1,0
"1750",1999,"KRV",0,20,-1,0
"1751",1999,"SJM",1,25,-1,0
"1752",1999,"SJM",0,14,-1,0
"1753",1999,"SJM",0,14,-1,0
"1754",1999,"SJM",0,25,-1,0
"1755",1999,"SJM",0,14,-1,0
"1756",1999,"SJM",0,25,-1,0
"1757",1999,"SJM",1,14,-1,0
"1758",1999,"SJM",0,25,-1,0
"1759",1999,"SJM",0,16,-1,0
"1760",1999,"SJM",0,24,-1,0
"1761",1999,"SJM",1,14,-1,0
"1762",1999,"SJM",0,14,-1,0
"1763",1999,"SJM",1,14,-1,0
"1764",1999,"SJM",1,14,-1,0
"1765",1999,"SJM",0,14,-1,0
"1766",1999,"SJM",1,14,-1,0
"1767",1999,"SJM",1,14,-1,0
"1768",1999,"SJM",0,25,-1,0
"1769",1999,"SJM",0,25,-1,0
"1770",1999,"SJM",1,14,-1,0
"1771",1999,"SJM",1,14,-1,0
"1772",1999,"SJM",1,14,-1,0
"1773",2000,"EAST",1,21,-1,0
"1774",2000,"EVER",0,24,-1,0
"1775",2000,"EVER",0,11,-1,0
"1776",2000,"EVER",1,24,-1,0
"1777",2000,"EVER",1,24,-1,0
"1778",2000,"EVER",0,24,-1,0
"1779",2000,"EVER",0,11,-1,0
"1780",2000,"EVER",0,24,-1,0
"1781",2000,"EVER",0,11,-1,0
"1782",2000,"EVER",0,24,-1,0
"1783",2000,"EVER",0,11,-1,0
"1784",2000,"EVER",0,17,-1,0
"1785",2000,"EVER",0,22,-1,0
"1786",2000,"EVER",0,17,-1,0
"1787",2000,"EVER",0,18,-1,0
"1788",2000,"EVER",0,14,-1,0
"1789",2000,"EVER",1,23,-1,0
"1790",2000,"EVER",1,17,-1,0
"1791",2000,"EVER",0,17,-1,0
"1792",2000,"EVER",1,18,-1,0
"1793",2000,"EVER",0,17,-1,0
"1794",2000,"EVER",0,18,-1,0
"1795",2000,"EVER",0,18,-1,0
"1796",2000,"EVER",1,19,-1,0
"1797",2000,"EVER",0,19,-1,0
"1798",2000,"EVER",0,20,-1,0
"1799",2000,"EVER",0,20,-1,0
"1800",2000,"EVER",0,17,-1,0
"1801",2000,"EVER",0,21,-1,0
"1802",2000,"EVER",1,18,-1,0
"1803",2000,"EVER",0,21,-1,0
"1804",2000,"EVER",0,18,-1,0
"1805",2000,"EVER",1,15,-1,0
"1806",2000,"EVER",1,23,-1,0
"1807",2000,"EVER",0,22,-1,0
"1808",2000,"EVER",0,14,-1,0
"1809",2000,"EVER",1,19,-1,0
"1810",2000,"EVER",0,22,-1,0
"1811",2000,"EVER",0,14,-1,0
"1812",2000,"EVER",1,19,-1,0
"1813",2000,"EVER",1,22,-1,0
"1814",2000,"EVER",1,22,-1,0
"1815",2000,"EVER",0,24,-1,0
"1816",2000,"EVER",1,24,-1,0
"1817",2000,"EVER",0,8,-1,0
"1818",2000,"EVER",0,10,-1,0
"1819",2000,"EVER",0,7,-1,0
"1820",2000,"EVER",0,20,-1,0
"1821",2000,"EVER",1,16,-1,0
"1822",2000,"EVER",0,20,-1,0
"1823",2000,"EVER",0,16,-1,0
"1824",2000,"EVER",0,20,-1,0
"1825",2000,"EVER",1,18,-1,0
"1826",2000,"EVER",1,18,-1,0
"1827",2000,"EVER",0,11,-1,0
"1828",2000,"EVER",0,21,-1,0
"1829",2000,"EVER",0,11,-1,0
"1830",2000,"EVER",1,14,-1,0
"1831",2000,"EVER",0,11,-1,0
"1832",2000,"EVER",0,14,-1,0
"1833",2000,"EVER",0,11,-1,0
"1834",2000,"EVER",0,14,-1,0
"1835",2000,"EVER",0,11,-1,0
"1836",2000,"EVER",0,14,-1,0
"1837",2000,"EVER",0,11,-1,0
"1838",2000,"EVER",0,11,-1,0
"1839",2000,"EVER",0,14,-1,0
"1840",2000,"EVER",0,11,-1,0
"1841",2000,"EVER",0,14,-1,0
"1842",2000,"EVER",0,11,-1,0
"1843",2000,"EVER",0,14,-1,0
"1844",2000,"EVER",0,11,-1,0
"1845",2000,"EVER",1,15,-1,0
"1846",2000,"EVER",0,20,-1,0
"1847",2000,"EVER",0,20,-1,0
"1848",2000,"EVER",0,15,-1,0
"1849",2000,"EVER",1,14,-1,0
"1850",2000,"EVER",1,14,-1,0
"1851",2000,"EVER",0,14,-1,0
"1852",2000,"EVER",1,14,-1,0
"1853",2000,"EVER",0,2,-1,0
"1854",2000,"EVER",0,14,-1,0
"1855",2000,"EVER",0,14,-1,0
"1856",2000,"EVER",0,14,-1,0
"1857",2000,"EVER",1,19,-1,0
"1858",2000,"EVER",0,10,-1,0
"1859",2000,"EVER",0,18,-1,0
"1860",2000,"EVER",1,19,-1,0
"1861",2000,"EVER",0,14,-1,0
"1862",2000,"EVER",0,15,-1,0
"1863",2000,"EVER",0,19,-1,0
"1864",2000,"EVER",0,20,-1,0
"1865",2000,"EVER",0,2,-1,0
"1866",2000,"EVER",0,14,-1,0
"1867",2000,"EVER",0,14,-1,0
"1868",2000,"EVER",1,19,-1,0
"1869",2000,"EVER",0,19,-1,0
"1870",2000,"EVER",1,20,-1,0
"1871",2000,"EVER",0,18,-1,0
"1872",2000,"EVER",1,19,-1,0
"1873",2000,"EVER",0,18,-1,0
"1874",2000,"EVER",1,19,-1,0
"1875",2000,"EVER",0,18,-1,0
"1876",2000,"EVER",1,19,-1,0
"1877",2000,"EVER",0,18,-1,0
"1878",2000,"EVER",1,19,-1,0
"1879",2000,"EVER",0,18,-1,0
"1880",2000,"EVER",1,19,-1,0
"1881",2000,"EVER",1,14,-1,0
"1882",2000,"EVER",0,18,-1,0
"1883",2000,"EVER",1,19,-1,0
"1884",2000,"EVER",1,18,-1,0
"1885",2000,"EVER",0,18,-1,0
"1886",2000,"EVER",1,20,-1,0
"1887",2000,"EVER",1,17,-1,0
"1888",2000,"EVER",1,19,-1,0
"1889",2000,"EVER",0,19,-1,0
"1890",2000,"EVER",1,20,-1,0
"1891",2000,"EVER",0,24,-1,0
"1892",2000,"EVER",0,19,-1,0
"1893",2000,"EVER",0,17,-1,0
"1894",2000,"EVER",0,19,-1,0
"1895",2000,"EVER",0,25,-1,0
"1896",2000,"EVER",0,19,-1,0
"1897",2000,"EVER",1,17,-1,0
"1898",2000,"EVER",0,19,-1,0
"1899",2000,"EVER",1,17,-1,0
"1900",2000,"EVER",0,19,-1,0
"1901",2000,"EVER",1,17,-1,0
"1902",2000,"EVER",1,19,-1,0
"1903",2000,"EVER",0,19,-1,0
"1904",2000,"EVER",0,23,-1,0
"1905",2000,"EVER",0,15,-1,0
"1906",2000,"EVER",0,5,-1,0
"1907",2000,"EVER",1,23,-1,0
"1908",2000,"EVER",1,23,-1,0
"1909",2000,"EVER",0,23,-1,0
"1910",2000,"EVER",1,15,-1,0
"1911",2000,"EVER",0,15,-1,0
"1912",2000,"EVER",1,18,-1,0
"1913",2000,"EVER",1,22,-1,0
"1914",2000,"EVER",0,20,-1,0
"1915",2000,"EVER",1,20,-1,0
"1916",2000,"EVER",0,20,-1,0
"1917",2000,"EVER",1,18,-1,0
"1918",2000,"EVER",0,20,-1,0
"1919",2000,"EVER",0,7,-1,0
"1920",2000,"EVER",0,11,-1,0
"1921",2000,"EVER",1,20,-1,0
"1922",2000,"EVER",1,20,-1,0
"1923",2000,"EVER",1,20,-1,0
"1924",2000,"EVER",1,20,-1,0
"1925",2000,"EVER",1,20,-1,0
"1926",2000,"EVER",0,20,-1,0
"1927",2000,"EVER",0,20,-1,0
"1928",2000,"EVER",0,20,-1,0
"1929",2000,"EVER",1,17,-1,0
"1930",2000,"EVER",0,17,-1,0
"1931",2000,"EVER",1,22,-1,0
"1932",2000,"EVER",0,24,-1,0
"1933",2000,"EVER",0,11,-1,0
"1934",2000,"EVER",1,14,-1,0
"1935",2000,"EVER",0,24,-1,0
"1936",2000,"EVER",0,11,-1,0
"1937",2000,"EVER",0,24,-1,0
"1938",2000,"EVER",0,11,-1,0
"1939",2000,"EVER",1,14,-1,0
"1940",2000,"EVER",0,18,-1,0
"1941",2000,"EVER",0,17,-1,0
"1942",2000,"EVER",0,12,-1,0
"1943",2000,"EVER",0,9,-1,0
"1944",2000,"EVER",0,17,-1,0
"1945",2000,"EVER",1,21,-1,0
"1946",2000,"EVER",0,17,-1,0
"1947",2000,"EVER",1,12,-1,0
"1948",2000,"EVER",0,17,-1,0
"1949",2000,"EVER",1,12,-1,0
"1950",2000,"EVER",0,17,-1,0
"1951",2000,"EVER",1,21,-1,0
"1952",2000,"EVER",0,17,-1,0
"1953",2000,"EVER",1,12,-1,0
"1954",2000,"EVER",0,7,-1,0
"1955",2000,"EVER",0,18,-1,0
"1956",2000,"EVER",0,18,-1,0
"1957",2000,"EVER",0,6,-1,0
"1958",2000,"EVER",0,12,-1,0
"1959",2000,"EVER",0,18,-1,0
"1960",2000,"EVER",0,17,-1,0
"1961",2000,"EVER",1,21,-1,0
"1962",2000,"EVER",0,18,-1,0
"1963",2000,"EVER",1,17,-1,0
"1964",2000,"EVER",0,12,-1,0
"1965",2000,"EVER",0,9,-1,0
"1966",2000,"EVER",0,12,-1,0
"1967",2000,"EVER",0,9,-1,0
"1968",2000,"EVER",0,12,-1,0
"1969",2000,"EVER",0,9,-1,0
"1970",2000,"EVER",0,12,-1,0
"1971",2000,"EVER",1,27,-1,0
"1972",2000,"EVER",0,12,-1,0
"1973",2000,"EVER",0,9,-1,0
"1974",2000,"EVER",0,18,-1,0
"1975",2000,"EVER",0,5,-1,0
"1976",2000,"EVER",0,12,-1,0
"1977",2000,"EVER",1,9,-1,0
"1978",2000,"EVER",0,12,-1,0
"1979",2000,"EVER",0,9,-1,0
"1980",2000,"EVER",0,18,-1,0
"1981",2000,"EVER",0,5,-1,0
"1982",2000,"EVER",0,12,-1,0
"1983",2000,"EVER",0,9,-1,0
"1984",2000,"EVER",0,12,-1,0
"1985",2000,"EVER",0,12,-1,0
"1986",2000,"EVER",0,9,-1,0
"1987",2000,"EVER",0,18,-1,0
"1988",2000,"EVER",1,18,-1,0
"1989",2000,"EVER",0,12,-1,0
"1990",2000,"EVER",0,9,-1,0
"1991",2000,"EVER",0,12,-1,0
"1992",2000,"EVER",0,9,-1,0
"1993",2000,"EVER",0,12,-1,0
"1994",2000,"EVER",0,9,-1,0
"1995",2000,"EVER",0,18,-1,0
"1996",2000,"EVER",0,5,-1,0
"1997",2000,"EVER",0,18,-1,0
"1998",2000,"EVER",0,17,-1,0
"1999",2000,"EVER",1,12,-1,0
"2000",2000,"EVER",0,25,-1,0
"2001",2000,"EVER",1,13,-1,0
"2002",2000,"EVER",0,21,-1,0
"2003",2000,"KRV",0,21,-1,0
"2004",2000,"KRV",0,9,-1,0
"2005",2000,"KRV",0,5,-1,0
"2006",2000,"KRV",1,21,-1,0
"2007",2000,"KRV",0,21,-1,0
"2008",2000,"KRV",1,21,-1,0
"2009",2000,"KRV",0,21,-1,0
"2010",2000,"KRV",1,21,-1,0
"2011",2000,"SJM",0,13,-1,0
"2012",2000,"SJM",0,20,-1,0
"2013",2000,"SJM",1,17,-1,0
"2014",2000,"SJM",1,21,-1,0
"2015",2000,"SJM",0,17,-1,0
"2016",2000,"SJM",0,20,-1,0
"2017",2000,"SJM",0,25,-1,0
"2018",2000,"SJM",0,13,-1,0
"2019",2000,"SJM",1,20,-1,0
"2020",2000,"SJM",1,25,-1,0
"2021",2001,"KRV",0,22,-1,0
"2022",2001,"KRV",0,22,-1,0
"2023",2001,"KRV",0,22,-1,0
"2024",2001,"KRV",0,17,-1,0
"2025",2001,"KRV",0,14,-1,0
"2026",2001,"KRV",0,22,-1,0
"2027",2001,"KRV",0,17,-1,0
"2028",2001,"KRV",1,14,-1,0
"2029",2001,"KRV",1,14,-1,0
"2030",2001,"KRV",0,14,-1,0
"2031",2001,"KRV",1,22,-1,0
"2032",2001,"KRV",0,14,-1,0
"2033",2001,"KRV",1,27,-1,0
"2034",2001,"KRV",1,14,-1,0
"2035",2001,"KRV",1,22,-1,0
"2036",2001,"KRV",1,22,-1,0
"2037",2001,"KRV",1,27,-1,0
"2038",2001,"KRV",0,17,-1,0
"2039",2002,"EVER",1,16,-1,0
"2040",2002,"EVER",1,24,-1,0
"2041",2002,"EVER",0,15,-1,0
"2042",2002,"EVER",0,14,-1,0
"2043",2002,"EVER",0,8,-1,0
"2044",2002,"EVER",0,12,-1,0
"2045",2002,"EVER",1,20,-1,0
"2046",2002,"EVER",0,8,-1,0
"2047",2002,"EVER",0,12,-1,0
"2048",2002,"EVER",0,20,-1,0
"2049",2002,"EVER",0,8,-1,0
"2050",2002,"EVER",0,12,-1,0
"2051",2002,"EVER",1,20,-1,0
"2052",2002,"EVER",0,8,-1,0
"2053",2002,"EVER",0,12,-1,0
"2054",2002,"EVER",0,20,-1,0
"2055",2002,"EVER",1,8,-1,0
"2056",2002,"EVER",0,8,-1,0
"2057",2002,"EVER",0,12,-1,0
"2058",2002,"EVER",1,20,-1,0
"2059",2002,"EVER",1,20,-1,0
"2060",2002,"EVER",0,20,-1,0
"2061",2002,"EVER",0,20,-1,0
"2062",2002,"EVER",0,20,-1,0
"2063",2002,"EVER",0,18,-1,0
"2064",2002,"EVER",1,18,-1,0
"2065",2002,"EVER",0,18,-1,0
"2066",2002,"EVER",0,24,-1,0
"2067",2002,"EVER",0,20,-1,0
"2068",2002,"EVER",0,9,-1,0
"2069",2002,"EVER",0,19,-1,0
"2070",2002,"EVER",1,20,-1,0
"2071",2002,"EVER",1,20,-1,0
"2072",2002,"EVER",0,21,-1,0
"2073",2002,"EVER",0,9,-1,0
"2074",2002,"EVER",0,8,-1,0
"2075",2002,"EVER",0,13,-1,0
"2076",2002,"EVER",0,8,-1,0
"2077",2002,"EVER",0,20,-1,0
"2078",2002,"EVER",1,21,-1,0
"2079",2002,"EVER",1,12,-1,0
"2080",2002,"EVER",0,11,-1,0
"2081",2002,"EVER",0,19,-1,0
"2082",2002,"EVER",0,8,-1,0
"2083",2002,"EVER",0,13,-1,0
"2084",2002,"EVER",0,11,-1,0
"2085",2002,"EVER",0,19,-1,0
"2086",2002,"EVER",1,21,-1,0
"2087",2002,"EVER",1,11,-1,0
"2088",2002,"EVER",0,11,-1,0
"2089",2002,"EVER",0,19,-1,0
"2090",2002,"EVER",1,23,-1,0
"2091",2002,"EVER",0,9,-1,0
"2092",2002,"EVER",1,19,-1,0
"2093",2002,"EVER",0,9,-1,0
"2094",2002,"EVER",1,20,-1,0
"2095",2002,"EVER",0,11,-1,0
"2096",2002,"EVER",0,19,-1,0
"2097",2002,"EVER",0,11,-1,0
"2098",2002,"EVER",0,12,-1,0
"2099",2002,"EVER",1,9,-1,0
"2100",2002,"EVER",1,9,-1,0
"2101",2002,"EVER",0,9,-1,0
"2102",2002,"EVER",0,20,-1,0
"2103",2002,"EVER",0,8,-1,0
"2104",2002,"EVER",0,15,-1,0
"2105",2002,"EVER",1,9,-1,0
"2106",2002,"EVER",1,1,-1,0
"2107",2002,"EVER",0,9,-1,0
"2108",2002,"EVER",0,20,-1,0
"2109",2002,"EVER",0,10,-1,0
"2110",2002,"EVER",0,13,-1,0
"2111",2002,"EVER",0,9,-1,0
"2112",2002,"EVER",1,20,-1,0
"2113",2002,"EVER",0,9,-1,0
"2114",2002,"EVER",0,20,-1,0
"2115",2002,"EVER",0,8,-1,0
"2116",2002,"EVER",0,15,-1,0
"2117",2002,"EVER",0,9,-1,0
"2118",2002,"EVER",0,8,-1,0
"2119",2002,"EVER",1,20,-1,0
"2120",2002,"EVER",1,21,-1,0
"2121",2002,"EVER",0,8,-1,0
"2122",2002,"EVER",0,20,-1,0
"2123",2002,"EVER",0,10,-1,0
"2124",2002,"EVER",0,13,-1,0
"2125",2002,"EVER",0,8,-1,0
"2126",2002,"EVER",1,20,-1,0
"2127",2002,"EVER",0,8,-1,0
"2128",2002,"EVER",0,19,-1,0
"2129",2002,"EVER",0,11,-1,0
"2130",2002,"EVER",0,9,-1,0
"2131",2002,"EVER",1,18,-1,0
"2132",2002,"EVER",0,9,-1,0
"2133",2002,"EVER",0,18,-1,0
"2134",2002,"EVER",1,20,-1,0
"2135",2002,"EVER",1,20,-1,0
"2136",2002,"EVER",1,20,-1,0
"2137",2002,"EVER",1,19,-1,0
"2138",2002,"EVER",0,20,-1,0
"2139",2002,"EVER",0,21,-1,0
"2140",2002,"EVER",1,20,-1,0
"2141",2002,"EVER",0,20,-1,0
"2142",2002,"EVER",0,10,-1,0
"2143",2002,"EVER",0,11,-1,0
"2144",2002,"EVER",1,20,-1,0
"2145",2002,"EVER",0,20,-1,0
"2146",2002,"EVER",1,23,-1,0
"2147",2002,"EVER",0,21,-1,0
"2148",2002,"EVER",0,19,-1,0
"2149",2002,"EVER",0,21,-1,0
"2150",2002,"EVER",1,20,-1,0
"2151",2002,"EVER",0,10,-1,0
"2152",2002,"EVER",0,19,-1,0
"2153",2002,"EVER",1,21,-1,0
"2154",2002,"EVER",1,24,-1,0
"2155",2002,"EVER",1,23,-1,0
"2156",2002,"EVER",0,10,-1,0
"2157",2002,"EVER",0,13,-1,0
"2158",2002,"EVER",0,17,-1,0
"2159",2002,"EVER",1,11,-1,0
"2160",2002,"EVER",1,21,-1,0
"2161",2002,"EVER",0,17,-1,0
"2162",2002,"EVER",1,17,-1,0
"2163",2002,"EVER",0,11,-1,0
"2164",2002,"EVER",0,11,-1,0
"2165",2002,"EVER",0,11,-1,0
"2166",2002,"KRV",0,21,-1,0
"2167",2002,"KRV",0,15,-1,0
"2168",2002,"KRV",0,7,-1,0
"2169",2002,"KRV",1,21,-1,0
"2170",2002,"KRV",0,15,-1,0
"2171",2002,"KRV",0,7,-1,0
"2172",2002,"KRV",0,15,-1,0
"2173",2002,"KRV",0,7,-1,0
"2174",2002,"KRV",1,25,-1,0
"2175",2002,"KRV",0,25,-1,0
"2176",2002,"KRV",0,25,-1,0
"2177",2002,"KRV",0,25,-1,0
"2178",2002,"KRV",0,25,-1,0
"2179",2002,"KRV",0,12,-1,0
"2180",2002,"KRV",1,24,-1,0
"2181",2002,"KRV",1,24,-1,0
"2182",2002,"KRV",1,13,-1,0
"2183",2002,"KRV",0,24,-1,0
"2184",2002,"KRV",0,13,-1,0
"2185",2002,"KRV",0,24,-1,0
"2186",2002,"KRV",0,13,-1,0
"2187",2002,"KRV",0,24,-1,0
"2188",2002,"KRV",0,25,-1,0
"2189",2002,"KRV",0,11,-1,0
"2190",2002,"KRV",0,1,-1,0
"2191",2002,"KRV",0,12,-1,0
"2192",2002,"KRV",0,11,-1,0
"2193",2002,"KRV",0,25,-1,0
"2194",2002,"KRV",1,11,-1,0
"2195",2002,"KRV",0,25,-1,0
"2196",2002,"KRV",0,11,-1,0
"2197",2002,"KRV",0,25,-1,0
"2198",2002,"KRV",0,11,-1,0
"2199",2002,"KRV",0,25,-1,0
"2200",2002,"KRV",1,12,-1,0
"2201",2002,"KRV",1,10,-1,0
"2202",2002,"KRV",0,12,-1,0
"2203",2002,"KRV",1,10,-1,0
"2204",2002,"KRV",1,10,-1,0
"2205",2002,"KRV",0,12,-1,0
"2206",2002,"KRV",0,13,-1,0
"2207",2002,"SJM",1,24,-1,0
"2208",2003,"EAST",0,15,-1,0
"2209",2003,"EVER",1,26,-1,0
"2210",2003,"EVER",0,26,-1,0
"2211",2003,"EVER",0,10,-1,0
"2212",2003,"EVER",0,8,-1,0
"2213",2003,"EVER",0,10,-1,0
"2214",2003,"EVER",0,9,-1,0
"2215",2003,"EVER",0,25,-1,0
"2216",2003,"EVER",0,20,-1,0
"2217",2003,"EVER",0,18,-1,0
"2218",2003,"EVER",0,5,-1,0
"2219",2003,"EVER",0,20,-1,0
"2220",2003,"EVER",0,23,-1,0
"2221",2003,"EVER",0,2,-1,0
"2222",2003,"EVER",0,2,-1,0
"2223",2003,"EVER",0,21,-1,0
"2224",2003,"EVER",1,19,-1,0
"2225",2003,"EVER",0,21,-1,0
"2226",2003,"EVER",0,19,-1,0
"2227",2003,"EVER",0,20,-1,0
"2228",2003,"EVER",0,27,-1,0
"2229",2003,"EVER",0,21,-1,0
"2230",2003,"EVER",1,22,-1,0
"2231",2003,"EVER",0,21,-1,0
"2232",2003,"EVER",0,26,-1,0
"2233",2003,"EVER",1,22,-1,0
"2234",2003,"EVER",0,24,-1,0
"2235",2003,"EVER",0,20,-1,0
"2236",2003,"EVER",0,20,-1,0
"2237",2003,"EVER",0,20,-1,0
"2238",2003,"EVER",0,2,-1,0
"2239",2003,"EVER",0,25,-1,0
"2240",2003,"EVER",0,20,-1,0
"2241",2003,"EVER",1,20,-1,0
"2242",2003,"EVER",1,3,-1,0
"2243",2003,"EVER",1,22,-1,0
"2244",2003,"EVER",0,22,-1,0
"2245",2003,"EVER",0,23,-1,0
"2246",2003,"EVER",0,21,-1,0
"2247",2003,"EVER",0,19,-1,0
"2248",2003,"EVER",0,5,-1,0
"2249",2003,"EVER",1,21,-1,0
"2250",2003,"EVER",0,21,-1,0
"2251",2003,"EVER",1,21,-1,0
"2252",2003,"EVER",0,5,-1,0
"2253",2003,"EVER",0,19,-1,0
"2254",2003,"EVER",0,19,-1,0
"2255",2003,"EVER",0,24,-1,0
"2256",2003,"EVER",1,19,-1,0
"2257",2003,"EVER",1,24,-1,0
"2258",2003,"EVER",1,19,-1,0
"2259",2003,"EVER",1,10,-1,0
"2260",2003,"EVER",0,19,-1,0
"2261",2003,"EVER",1,19,-1,0
"2262",2003,"EVER",1,19,-1,0
"2263",2003,"EVER",1,19,-1,0
"2264",2003,"EVER",1,18,-1,0
"2265",2003,"EVER",0,19,-1,0
"2266",2003,"EVER",0,5,-1,0
"2267",2003,"EVER",0,4,-1,0
"2268",2003,"EVER",0,6,-1,0
"2269",2003,"EVER",0,11,-1,0
"2270",2003,"EVER",0,26,-1,0
"2271",2003,"EVER",0,1,-1,0
"2272",2003,"EVER",1,15,-1,0
"2273",2003,"EVER",0,6,-1,0
"2274",2003,"EVER",0,1,-1,0
"2275",2003,"EVER",0,23,-1,0
"2276",2003,"EVER",0,20,-1,0
"2277",2003,"EVER",0,2,-1,0
"2278",2003,"EVER",0,6,-1,0
"2279",2003,"EVER",0,4,-1,0
"2280",2003,"EVER",0,13,-1,0
"2281",2003,"EVER",0,26,-1,0
"2282",2003,"EVER",0,9,-1,0
"2283",2003,"EVER",0,21,-1,0
"2284",2003,"EVER",1,28,-1,0
"2285",2003,"KRV",0,25,-1,0
"2286",2003,"KRV",1,26,-1,0
"2287",2003,"KRV",0,24,-1,0
"2288",2003,"KRV",0,28,-1,0
"2289",2003,"KRV",0,2,-1,0
"2290",2003,"KRV",0,24,-1,0
"2291",2003,"KRV",0,24,-1,0
"2292",2003,"KRV",0,5,-1,0
"2293",2003,"KRV",0,7,-1,0
"2294",2003,"KRV",0,9,-1,0
"2295",2003,"KRV",0,18,-1,0
"2296",2003,"KRV",0,20,-1,0
"2297",2003,"KRV",1,14,-1,0
"2298",2003,"KRV",0,18,-1,0
"2299",2003,"KRV",0,26,-1,0
"2300",2003,"KRV",0,18,-1,0
"2301",2003,"OKEE",0,5,-1,0
"2302",2003,"OKEE",1,25,-1,0
"2303",2003,"SJM",0,21,-1,0
"2304",2003,"SJM",0,16,-1,0
"2305",2003,"SJM",1,14,-1,0
"2306",2003,"SJM",1,23,-1,0
"2307",2003,"SJM",0,16,-1,0
"2308",2003,"SJM",0,9,-1,0
"2309",2003,"SJM",0,21,-1,0
"2310",2003,"SJM",1,26,-1,0
"2311",2004,"EVER",1,13,-1,0
"2312",2004,"EVER",0,8,-1,0
"2313",2004,"EVER",0,7,-1,0
"2314",2004,"EVER",0,13,-1,0
"2315",2004,"EVER",0,4,-1,0
"2316",2004,"EVER",0,13,-1,0
"2317",2004,"EVER",0,13,-1,0
"2318",2004,"EVER",0,20,-1,0
"2319",2004,"EVER",0,4,-1,0
"2320",2004,"EVER",0,5,-1,0
"2321",2004,"EVER",0,5,-1,0
"2322",2004,"EVER",0,5,-1,0
"2323",2004,"EVER",0,9,-1,0
"2324",2004,"EVER",1,20,-1,0
"2325",2004,"EVER",1,24,-1,0
"2326",2004,"EVER",0,13,-1,0
"2327",2004,"EVER",0,23,-1,0
"2328",2004,"EVER",0,3,-1,0
"2329",2004,"EVER",1,24,-1,0
"2330",2004,"EVER",0,24,-1,0
"2331",2004,"EVER",1,20,-1,0
"2332",2004,"EVER",1,24,-1,0
"2333",2004,"EVER",0,24,-1,0
"2334",2004,"EVER",0,19,-1,0
"2335",2004,"EVER",0,15,-1,0
"2336",2004,"EVER",0,18,-1,0
"2337",2004,"EVER",1,19,-1,0
"2338",2004,"EVER",0,18,-1,0
"2339",2004,"EVER",0,19,-1,0
"2340",2004,"EVER",0,19,-1,0
"2341",2004,"EVER",0,17,-1,0
"2342",2004,"EVER",1,25,-1,0
"2343",2004,"EVER",1,24,-1,0
"2344",2004,"EVER",1,25,-1,0
"2345",2004,"EVER",1,25,-1,0
"2346",2004,"EVER",0,24,-1,0
"2347",2004,"EVER",1,14,-1,0
"2348",2004,"EVER",1,22,-1,0
"2349",2004,"EVER",1,22,-1,0
"2350",2004,"EVER",1,22,-1,0
"2351",2004,"EVER",1,20,-1,0
"2352",2004,"EVER",1,25,-1,0
"2353",2004,"EVER",0,7,-1,0
"2354",2004,"EVER",1,25,-1,0
"2355",2004,"EVER",0,19,-1,0
"2356",2004,"EVER",0,13,-1,0
"2357",2004,"EVER",0,7,-1,0
"2358",2004,"EVER",1,19,-1,0
"2359",2004,"EVER",0,7,-1,0
"2360",2004,"EVER",0,25,-1,0
"2361",2004,"EVER",0,22,-1,0
"2362",2004,"EVER",0,13,-1,0
"2363",2004,"EVER",0,7,-1,0
"2364",2004,"EVER",0,19,-1,0
"2365",2004,"EVER",0,5,-1,0
"2366",2004,"EVER",0,8,-1,0
"2367",2004,"EVER",0,9,-1,0
"2368",2004,"EVER",0,22,-1,0
"2369",2004,"EVER",0,2,-1,0
"2370",2004,"EVER",1,2,-1,0
"2371",2004,"EVER",0,10,-1,0
"2372",2004,"EVER",0,9,-1,0
"2373",2004,"EVER",0,17,-1,0
"2374",2004,"EVER",0,10,-1,0
"2375",2004,"EVER",0,9,-1,0
"2376",2004,"EVER",1,22,-1,0
"2377",2004,"EVER",0,9,-1,0
"2378",2004,"EVER",1,25,-1,0
"2379",2004,"EVER",0,9,-1,0
"2380",2004,"EVER",1,24,-1,0
"2381",2004,"EVER",1,23,-1,0
"2382",2004,"EVER",0,7,-1,0
"2383",2004,"EVER",0,23,-1,0
"2384",2004,"EVER",0,6,-1,0
"2385",2004,"EVER",0,10,-1,0
"2386",2004,"EVER",0,9,-1,0
"2387",2004,"EVER",0,22,-1,0
"2388",2004,"EVER",0,2,-1,0
"2389",2004,"EVER",0,15,-1,0
"2390",2004,"EVER",0,12,-1,0
"2391",2004,"EVER",0,13,-1,0
"2392",2004,"EVER",0,18,-1,0
"2393",2004,"KRV",0,21,0,1
"2394",2004,"KRV",0,17,0,1
"2395",2004,"KRV",0,17,0,1
"2396",2004,"KRV",0,8,0,1
"2397",2004,"OKEE",0,19,-1,0
"2398",2004,"OKEE",1,21,-1,0
"2399",2004,"OKEE",1,11,-1,0
"2400",2004,"OKEE",0,20,-1,0
"2401",2004,"OKEE",0,26,-1,0
"2402",2004,"OKEE",0,5,-1,0
"2403",2004,"OKEE",1,26,-1,0
"2404",2004,"OKEE",0,22,-1,0
"2405",2004,"OKEE",1,19,-1,0
"2406",2004,"OKEE",1,19,-1,0
"2407",2004,"OKEE",1,22,-1,0
"2408",2004,"OKEE",1,19,-1,0
"2409",2004,"OKEE",0,22,-1,0
"2410",2004,"OKEE",0,25,-1,0
"2411",2004,"OKEE",0,8,-1,0
"2412",2004,"OKEE",0,4,-1,0
"2413",2004,"OKEE",1,19,-1,0
"2414",2004,"OKEE",0,19,-1,0
"2415",2004,"OKEE",0,5,-1,0
"2416",2004,"SJM",0,11,-1,0
"2417",2004,"SJM",0,12,-1,0
"2418",2004,"SJM",1,19,-1,0
"2419",2004,"SJM",1,17,-1,0
"2420",2004,"SJM",0,24,-1,0
"2421",2004,"SJM",0,17,-1,0
"2422",2004,"SJM",1,25,-1,0
"2423",2004,"SJM",1,24,-1,0
"2424",2004,"SJM",0,24,-1,0
"2425",2004,"SJM",0,14,-1,0
"2426",2004,"SJM",0,4,-1,0
"2427",2004,"SJM",0,24,-1,0
"2428",2004,"SJM",0,14,-1,0
"2429",2004,"SJM",1,13,-1,0
"2430",2004,"SJM",1,24,-1,0
"2431",2004,"SJM",1,17,-1,0
"2432",2005,"EAST",1,15,-1,0
"2433",2005,"EAST",1,15,-1,0
"2434",2005,"EAST",1,19,-1,0
"2435",2005,"EAST",0,19,-1,0
"2436",2005,"EAST",0,20,-1,0
"2437",2005,"EAST",1,19,-1,0
"2438",2005,"EAST",1,19,-1,0
"2439",2005,"EAST",1,19,-1,0
"2440",2005,"EAST",0,20,-1,0
"2441",2005,"EAST",0,19,-1,0
"2442",2005,"EAST",0,15,-1,0
"2443",2005,"EAST",0,21,-1,0
"2444",2005,"EAST",1,19,-1,0
"2445",2005,"EAST",1,20,-1,0
"2446",2005,"EAST",1,19,-1,0
"2447",2005,"EAST",1,19,-1,0
"2448",2005,"EAST",1,21,-1,0
"2449",2005,"EAST",1,19,-1,0
"2450",2005,"EAST",1,19,-1,0
"2451",2005,"EAST",1,20,-1,0
"2452",2005,"EAST",0,19,-1,0
"2453",2005,"EAST",1,15,-1,0
"2454",2005,"EAST",0,20,-1,0
"2455",2005,"EAST",0,19,-1,0
"2456",2005,"EAST",1,15,-1,0
"2457",2005,"EAST",1,19,-1,0
"2458",2005,"EAST",1,19,-1,0
"2459",2005,"EAST",0,19,-1,0
"2460",2005,"EAST",1,15,-1,0
"2461",2005,"EVER",1,18,-1,0
"2462",2005,"EVER",0,18,-1,0
"2463",2005,"EVER",1,21,-1,0
"2464",2005,"EVER",1,18,-1,0
"2465",2005,"EVER",0,1,-1,0
"2466",2005,"EVER",1,18,-1,0
"2467",2005,"EVER",0,20,-1,0
"2468",2005,"EVER",1,19,-1,0
"2469",2005,"EVER",1,18,-1,0
"2470",2005,"EVER",0,1,-1,0
"2471",2005,"EVER",1,18,-1,0
"2472",2005,"EVER",1,18,-1,0
"2473",2005,"EVER",0,20,-1,0
"2474",2005,"EVER",1,19,-1,0
"2475",2005,"EVER",1,18,-1,0
"2476",2005,"EVER",1,18,-1,0
"2477",2005,"EVER",1,20,-1,0
"2478",2005,"EVER",1,20,-1,0
"2479",2005,"EVER",1,20,-1,0
"2480",2005,"EVER",1,8,-1,0
"2481",2005,"KRV",1,18,1,1
"2482",2005,"KRV",0,20,1,1
"2483",2005,"KRV",1,14,1,1
"2484",2005,"KRV",1,18,1,1
"2485",2005,"KRV",1,18,1,1
"2486",2005,"KRV",0,18,1,1
"2487",2005,"KRV",1,18,1,1
"2488",2005,"KRV",0,18,1,1
"2489",2005,"KRV",1,18,1,1
"2490",2005,"KRV",1,18,1,1
"2491",2005,"KRV",1,18,1,1
"2492",2005,"KRV",1,18,1,1
"2493",2005,"KRV",1,18,1,1
"2494",2005,"KRV",1,20,1,1
"2495",2005,"KRV",0,18,1,1
"2496",2005,"KRV",0,20,1,1
"2497",2005,"KRV",0,7,1,1
"2498",2005,"KRV",0,12,1,1
"2499",2005,"KRV",1,18,1,1
"2500",2005,"KRV",1,12,1,1
"2501",2005,"KRV",1,18,1,1
"2502",2005,"KRV",1,18,1,1
"2503",2005,"KRV",1,18,1,1
"2504",2005,"KRV",1,18,1,1
"2505",2005,"KRV",1,20,1,1
"2506",2005,"KRV",1,18,1,1
"2507",2005,"KRV",0,20,1,1
"2508",2005,"KRV",0,14,1,1
"2509",2005,"KRV",0,4,1,1
"2510",2005,"KRV",0,1,1,1
"2511",2005,"KRV",0,20,1,1
"2512",2005,"KRV",0,20,1,1
"2513",2005,"KRV",0,6,1,1
"2514",2005,"KRV",0,8,1,1
"2515",2005,"KRV",0,20,1,1
"2516",2005,"KRV",0,15,1,1
"2517",2005,"KRV",0,5,1,1
"2518",2005,"KRV",0,6,1,1
"2519",2005,"KRV",0,15,1,1
"2520",2005,"KRV",0,5,1,1
"2521",2005,"KRV",0,6,1,1
"2522",2005,"KRV",0,8,1,1
"2523",2005,"KRV",0,5,1,1
"2524",2005,"KRV",0,7,1,1
"2525",2005,"KRV",0,10,1,1
"2526",2005,"KRV",0,15,1,1
"2527",2005,"KRV",0,19,1,1
"2528",2005,"KRV",0,1,1,1
"2529",2005,"KRV",0,15,1,1
"2530",2005,"KRV",1,20,1,1
"2531",2005,"KRV",0,27,1,1
"2532",2005,"KRV",0,15,1,1
"2533",2005,"KRV",1,20,1,1
"2534",2005,"KRV",0,15,1,1
"2535",2005,"KRV",1,19,1,1
"2536",2005,"KRV",0,5,1,1
"2537",2005,"KRV",0,20,1,1
"2538",2005,"KRV",1,9,1,1
"2539",2005,"KRV",1,19,1,1
"2540",2005,"KRV",1,1,1,1
"2541",2005,"KRV",0,4,1,1
"2542",2005,"KRV",0,10,1,1
"2543",2005,"KRV",1,20,1,1
"2544",2005,"KRV",1,20,1,1
"2545",2005,"KRV",0,13,1,1
"2546",2005,"KRV",0,4,1,1
"2547",2005,"KRV",0,15,1,1
"2548",2005,"KRV",0,23,1,1
"2549",2005,"KRV",0,20,1,1
"2550",2005,"KRV",0,13,1,1
"2551",2005,"KRV",0,3,1,1
"2552",2005,"KRV",0,2,1,1
"2553",2005,"KRV",0,6,1,1
"2554",2005,"KRV",1,23,1,1
"2555",2005,"KRV",0,23,1,1
"2556",2005,"KRV",0,20,1,1
"2557",2005,"KRV",1,23,1,1
"2558",2005,"KRV",1,23,1,1
"2559",2005,"KRV",0,20,1,1
"2560",2005,"KRV",0,17,1,1
"2561",2005,"KRV",0,15,1,1
"2562",2005,"KRV",0,13,1,1
"2563",2005,"KRV",1,20,1,1
"2564",2005,"KRV",1,17,1,1
"2565",2005,"KRV",0,15,1,1
"2566",2005,"KRV",0,13,1,1
"2567",2005,"KRV",0,3,1,1
"2568",2005,"KRV",0,2,1,1
"2569",2005,"KRV",0,6,1,1
"2570",2005,"KRV",0,17,1,1
"2571",2005,"KRV",0,15,1,1
"2572",2005,"KRV",0,18,1,1
"2573",2005,"KRV",0,6,1,1
"2574",2005,"KRV",0,20,1,1
"2575",2005,"KRV",0,23,1,1
"2576",2005,"KRV",0,19,1,1
"2577",2005,"KRV",0,23,1,1
"2578",2005,"KRV",0,20,1,1
"2579",2005,"KRV",1,5,1,1
"2580",2005,"KRV",1,12,1,1
"2581",2005,"KRV",0,23,1,1
"2582",2005,"KRV",1,20,1,1
"2583",2005,"KRV",0,23,1,1
"2584",2005,"KRV",0,20,1,1
"2585",2005,"KRV",0,20,1,1
"2586",2005,"KRV",1,21,1,1
"2587",2005,"KRV",0,11,1,1
"2588",2005,"KRV",1,15,1,1
"2589",2005,"KRV",0,18,1,1
"2590",2005,"KRV",1,21,1,1
"2591",2005,"KRV",0,21,1,1
"2592",2005,"KRV",0,20,1,1
"2593",2005,"KRV",0,14,1,1
"2594",2005,"KRV",0,4,1,1
"2595",2005,"KRV",0,1,1,1
"2596",2005,"KRV",1,8,1,1
"2597",2005,"KRV",1,20,1,1
"2598",2005,"KRV",0,18,1,1
"2599",2005,"KRV",0,23,1,1
"2600",2005,"KRV",0,23,1,1
"2601",2005,"KRV",1,19,1,1
"2602",2005,"KRV",1,21,1,1
"2603",2005,"KRV",0,11,1,1
"2604",2005,"KRV",0,23,1,1
"2605",2005,"KRV",0,15,1,1
"2606",2005,"KRV",1,19,1,1
"2607",2005,"KRV",1,23,1,1
"2608",2005,"KRV",0,4,1,1
"2609",2005,"KRV",0,6,1,1
"2610",2005,"OKEE",1,20,-1,0
"2611",2005,"OKEE",1,16,-1,0
"2612",2005,"OKEE",1,16,-1,0
"2613",2005,"OKEE",1,20,-1,0
"2614",2005,"OKEE",1,16,-1,0
"2615",2005,"OKEE",1,20,-1,0
"2616",2005,"OKEE",1,16,-1,0
"2617",2005,"OKEE",1,17,-1,0
"2618",2005,"OKEE",1,19,-1,0
"2619",2005,"OKEE",1,17,-1,0
"2620",2005,"OKEE",0,17,-1,0
"2621",2005,"OKEE",0,8,-1,0
"2622",2005,"OKEE",0,17,-1,0
"2623",2005,"OKEE",0,8,-1,0
"2624",2005,"OKEE",0,5,-1,0
"2625",2005,"OKEE",1,22,-1,0
"2626",2005,"OKEE",1,21,-1,0
"2627",2005,"OKEE",1,21,-1,0
"2628",2005,"OKEE",0,21,-1,0
"2629",2005,"OKEE",1,24,-1,0
"2630",2005,"OKEE",1,21,-1,0
"2631",2005,"OKEE",0,21,-1,0
"2632",2005,"OKEE",1,24,-1,0
"2633",2005,"OKEE",1,24,-1,0
"2634",2005,"OKEE",0,22,-1,0
"2635",2005,"OKEE",1,15,-1,0
"2636",2005,"OKEE",1,22,-1,0
"2637",2005,"OKEE",1,21,-1,0
"2638",2005,"OKEE",0,22,-1,0
"2639",2005,"OKEE",0,4,-1,0
"2640",2005,"OKEE",0,1,-1,0
"2641",2005,"OKEE",1,17,-1,0
"2642",2005,"OKEE",1,15,-1,0
"2643",2005,"OKEE",1,17,-1,0
"2644",2005,"OKEE",1,18,-1,0
"2645",2005,"OKEE",1,21,-1,0
"2646",2005,"OKEE",0,18,-1,0
"2647",2005,"OKEE",1,24,-1,0
"2648",2005,"SJM",1,22,-1,0
"2649",2005,"SJM",1,20,-1,0
"2650",2005,"SJM",0,22,-1,0
"2651",2005,"SJM",0,20,-1,0
"2652",2005,"SJM",0,22,-1,0
"2653",2005,"SJM",1,22,-1,0
"2654",2005,"SJM",0,20,-1,0
"2655",2005,"SJM",0,10,-1,0
"2656",2005,"SJM",0,8,-1,0
"2657",2005,"SJM",0,20,-1,0
"2658",2005,"SJM",1,10,-1,0
"2659",2005,"SJM",1,20,-1,0
"2660",2005,"SJM",1,17,-1,0
"2661",2005,"SJM",1,20,-1,0
"2662",2005,"SJM",0,10,-1,0
"2663",2005,"SJM",0,7,-1,0
"2664",2005,"SJM",1,5,-1,0
"2665",2005,"SJM",0,10,-1,0
"2666",2006,"EAST",0,19,-1,0
"2667",2006,"EAST",1,11,-1,0
"2668",2006,"EAST",0,18,-1,0
"2669",2006,"EVER",1,20,-1,0
"2670",2006,"EVER",1,24,-1,0
"2671",2006,"EVER",1,23,-1,0
"2672",2006,"EVER",0,26,-1,0
"2673",2006,"EVER",1,15,-1,0
"2674",2006,"EVER",0,26,-1,0
"2675",2006,"EVER",1,15,-1,0
"2676",2006,"EVER",1,19,-1,0
"2677",2006,"EVER",0,26,-1,0
"2678",2006,"EVER",1,15,-1,0
"2679",2006,"EVER",0,27,-1,0
"2680",2006,"EVER",0,6,-1,0
"2681",2006,"EVER",1,8,-1,0
"2682",2006,"EVER",0,26,-1,0
"2683",2006,"EVER",0,13,-1,0
"2684",2006,"EVER",1,17,-1,0
"2685",2006,"EVER",0,26,-1,0
"2686",2006,"EVER",0,16,-1,0
"2687",2006,"EVER",0,18,-1,0
"2688",2006,"EVER",0,24,-1,0
"2689",2006,"EVER",0,2,-1,0
"2690",2006,"EVER",1,14,-1,0
"2691",2006,"EVER",1,16,-1,0
"2692",2006,"EVER",0,26,-1,0
"2693",2006,"EVER",1,14,-1,0
"2694",2006,"EVER",1,26,-1,0
"2695",2006,"EVER",1,15,-1,0
"2696",2006,"EVER",0,25,-1,0
"2697",2006,"EVER",1,20,-1,0
"2698",2006,"EVER",1,6,-1,0
"2699",2006,"EVER",0,24,-1,0
"2700",2006,"EVER",1,17,-1,0
"2701",2006,"EVER",0,26,-1,0
"2702",2006,"EVER",1,15,-1,0
"2703",2006,"EVER",0,25,-1,0
"2704",2006,"EVER",0,20,-1,0
"2705",2006,"EVER",0,2,-1,0
"2706",2006,"EVER",0,19,-1,0
"2707",2006,"EVER",0,19,-1,0
"2708",2006,"EVER",0,25,-1,0
"2709",2006,"EVER",0,26,-1,0
"2710",2006,"EVER",0,15,-1,0
"2711",2006,"EVER",0,19,-1,0
"2712",2006,"EVER",0,26,-1,0
"2713",2006,"EVER",1,14,-1,0
"2714",2006,"EVER",1,4,-1,0
"2715",2006,"EVER",1,26,-1,0
"2716",2006,"EVER",0,28,-1,0
"2717",2006,"EVER",0,13,-1,0
"2718",2006,"EVER",1,4,-1,0
"2719",2006,"EVER",0,25,-1,0
"2720",2006,"EVER",0,2,-1,0
"2721",2006,"EVER",0,14,-1,0
"2722",2006,"EVER",0,26,-1,0
"2723",2006,"EVER",1,6,-1,0
"2724",2006,"EVER",0,2,-1,0
"2725",2006,"EVER",0,3,-1,0
"2726",2006,"EVER",0,10,-1,0
"2727",2006,"EVER",1,4,-1,0
"2728",2006,"EVER",0,28,-1,0
"2729",2006,"EVER",0,11,-1,0
"2730",2006,"EVER",1,20,-1,0
"2731",2006,"EVER",1,28,-1,0
"2732",2006,"EVER",0,13,-1,0
"2733",2006,"EVER",1,15,-1,0
"2734",2006,"EVER",0,28,-1,0
"2735",2006,"EVER",0,11,-1,0
"2736",2006,"EVER",1,25,-1,0
"2737",2006,"EVER",0,13,-1,0
"2738",2006,"EVER",0,12,-1,0
"2739",2006,"EVER",0,17,-1,0
"2740",2006,"EVER",1,25,-1,0
"2741",2006,"EVER",1,17,-1,0
"2742",2006,"EVER",1,22,-1,0
"2743",2006,"EVER",1,25,-1,0
"2744",2006,"EVER",1,25,-1,0
"2745",2006,"EVER",0,25,-1,0
"2746",2006,"EVER",0,8,-1,0
"2747",2006,"EVER",0,9,-1,0
"2748",2006,"EVER",0,24,-1,0
"2749",2006,"EVER",0,11,-1,0
"2750",2006,"EVER",0,7,-1,0
"2751",2006,"EVER",0,24,-1,0
"2752",2006,"EVER",1,18,-1,0
"2753",2006,"EVER",0,18,-1,0
"2754",2006,"EVER",1,17,-1,0
"2755",2006,"EVER",0,24,-1,0
"2756",2006,"EVER",0,18,-1,0
"2757",2006,"EVER",0,6,-1,0
"2758",2006,"EVER",0,24,-1,0
"2759",2006,"EVER",0,18,-1,0
"2760",2006,"EVER",1,19,-1,0
"2761",2006,"EVER",0,25,-1,0
"2762",2006,"EVER",1,17,-1,0
"2763",2006,"EVER",0,25,-1,0
"2764",2006,"EVER",1,17,-1,0
"2765",2006,"EVER",0,25,-1,0
"2766",2006,"EVER",1,10,-1,0
"2767",2006,"EVER",1,17,-1,0
"2768",2006,"EVER",0,13,-1,0
"2769",2006,"EVER",0,12,-1,0
"2770",2006,"EVER",1,1,-1,0
"2771",2006,"EVER",0,12,-1,0
"2772",2006,"EVER",1,17,-1,0
"2773",2006,"EVER",0,12,-1,0
"2774",2006,"EVER",1,10,-1,0
"2775",2006,"EVER",0,9,-1,0
"2776",2006,"EVER",0,7,-1,0
"2777",2006,"EVER",0,23,-1,0
"2778",2006,"EVER",0,22,-1,0
"2779",2006,"EVER",1,25,-1,0
"2780",2006,"EVER",1,25,-1,0
"2781",2006,"EVER",0,23,-1,0
"2782",2006,"EVER",0,13,-1,0
"2783",2006,"EVER",0,11,-1,0
"2784",2006,"EVER",0,18,-1,0
"2785",2006,"EVER",1,23,-1,0
"2786",2006,"EVER",0,23,-1,0
"2787",2006,"EVER",0,22,-1,0
"2788",2006,"EVER",0,20,-1,0
"2789",2006,"EVER",0,19,-1,0
"2790",2006,"EVER",1,15,-1,0
"2791",2006,"EVER",0,24,-1,0
"2792",2006,"EVER",1,18,-1,0
"2793",2006,"EVER",0,21,-1,0
"2794",2006,"EVER",0,19,-1,0
"2795",2006,"EVER",0,7,-1,0
"2796",2006,"EVER",0,12,-1,0
"2797",2006,"EVER",0,24,-1,0
"2798",2006,"EVER",1,19,-1,0
"2799",2006,"EVER",1,24,-1,0
"2800",2006,"EVER",1,23,-1,0
"2801",2006,"EVER",1,23,-1,0
"2802",2006,"EVER",0,24,-1,0
"2803",2006,"EVER",1,18,-1,0
"2804",2006,"EVER",1,15,-1,0
"2805",2006,"EVER",1,23,-1,0
"2806",2006,"EVER",0,25,-1,0
"2807",2006,"EVER",1,20,-1,0
"2808",2006,"EVER",1,7,-1,0
"2809",2006,"EVER",0,8,-1,0
"2810",2006,"EVER",1,20,-1,0
"2811",2006,"EVER",0,25,-1,0
"2812",2006,"EVER",1,20,-1,0
"2813",2006,"EVER",0,3,-1,0
"2814",2006,"EVER",1,17,-1,0
"2815",2006,"EVER",0,25,-1,0
"2816",2006,"EVER",1,20,-1,0
"2817",2006,"EVER",0,17,-1,0
"2818",2006,"EVER",0,8,-1,0
"2819",2006,"EVER",0,20,-1,0
"2820",2006,"EVER",0,18,-1,0
"2821",2006,"EVER",0,25,-1,0
"2822",2006,"EVER",0,12,-1,0
"2823",2006,"EVER",0,8,-1,0
"2824",2006,"EVER",0,18,-1,0
"2825",2006,"EVER",1,20,-1,0
"2826",2006,"EVER",1,20,-1,0
"2827",2006,"EVER",1,20,-1,0
"2828",2006,"EVER",1,20,-1,0
"2829",2006,"EVER",0,20,-1,0
"2830",2006,"EVER",1,18,-1,0
"2831",2006,"EVER",0,20,-1,0
"2832",2006,"EVER",1,18,-1,0
"2833",2006,"EVER",1,18,-1,0
"2834",2006,"EVER",0,25,-1,0
"2835",2006,"EVER",1,12,-1,0
"2836",2006,"EVER",0,22,-1,0
"2837",2006,"EVER",0,25,-1,0
"2838",2006,"EVER",0,20,-1,0
"2839",2006,"EVER",0,18,-1,0
"2840",2006,"EVER",0,22,-1,0
"2841",2006,"EVER",0,10,-1,0
"2842",2006,"EVER",0,11,-1,0
"2843",2006,"EVER",1,21,-1,0
"2844",2006,"EVER",1,18,-1,0
"2845",2006,"EVER",0,22,-1,0
"2846",2006,"EVER",0,16,-1,0
"2847",2006,"EVER",0,6,-1,0
"2848",2006,"EVER",0,21,-1,0
"2849",2006,"EVER",0,22,-1,0
"2850",2006,"EVER",0,22,-1,0
"2851",2006,"EVER",1,16,-1,0
"2852",2006,"EVER",1,16,-1,0
"2853",2006,"EVER",1,6,-1,0
"2854",2006,"EVER",0,16,-1,0
"2855",2006,"EVER",0,5,-1,0
"2856",2006,"EVER",0,27,-1,0
"2857",2006,"EVER",0,22,-1,0
"2858",2006,"EVER",1,18,-1,0
"2859",2006,"EVER",1,22,-1,0
"2860",2006,"EVER",0,21,-1,0
"2861",2006,"EVER",1,22,-1,0
"2862",2006,"EVER",0,9,-1,0
"2863",2006,"EVER",0,21,-1,0
"2864",2006,"EVER",0,9,-1,0
"2865",2006,"EVER",0,16,-1,0
"2866",2006,"EVER",0,5,-1,0
"2867",2006,"EVER",1,22,-1,0
"2868",2006,"EVER",0,9,-1,0
"2869",2006,"EVER",0,22,-1,0
"2870",2006,"EVER",0,11,-1,0
"2871",2006,"EVER",0,10,-1,0
"2872",2006,"EVER",0,9,-1,0
"2873",2006,"EVER",0,22,-1,0
"2874",2006,"EVER",1,16,-1,0
"2875",2006,"EVER",0,9,-1,0
"2876",2006,"EVER",0,22,-1,0
"2877",2006,"EVER",0,14,-1,0
"2878",2006,"EVER",0,22,-1,0
"2879",2006,"EVER",0,14,-1,0
"2880",2006,"EVER",0,7,-1,0
"2881",2006,"EVER",0,18,-1,0
"2882",2006,"EVER",0,21,-1,0
"2883",2006,"EVER",0,22,-1,0
"2884",2006,"EVER",0,11,-1,0
"2885",2006,"EVER",0,10,-1,0
"2886",2006,"EVER",0,21,-1,0
"2887",2006,"EVER",0,21,-1,0
"2888",2006,"EVER",0,12,-1,0
"2889",2006,"EVER",0,10,-1,0
"2890",2006,"EVER",0,21,-1,0
"2891",2006,"EVER",0,22,-1,0
"2892",2006,"EVER",0,14,-1,0
"2893",2006,"EVER",0,5,-1,0
"2894",2006,"EVER",0,21,-1,0
"2895",2006,"EVER",0,22,-1,0
"2896",2006,"EVER",0,21,-1,0
"2897",2006,"EVER",1,18,-1,0
"2898",2006,"EVER",0,21,-1,0
"2899",2006,"EVER",0,16,-1,0
"2900",2006,"EVER",0,5,-1,0
"2901",2006,"EVER",0,22,-1,0
"2902",2006,"KRV",0,19,2,1
"2903",2006,"KRV",0,10,2,1
"2904",2006,"KRV",0,12,2,1
"2905",2006,"KRV",0,24,2,1
"2906",2006,"KRV",0,15,2,1
"2907",2006,"KRV",0,24,2,1
"2908",2006,"KRV",1,5,2,1
"2909",2006,"KRV",1,14,2,1
"2910",2006,"KRV",1,13,2,1
"2911",2006,"KRV",1,14,2,1
"2912",2006,"KRV",1,14,2,1
"2913",2006,"KRV",0,14,2,1
"2914",2006,"KRV",0,11,2,1
"2915",2006,"KRV",0,17,2,1
"2916",2006,"KRV",1,13,2,1
"2917",2006,"KRV",0,14,2,1
"2918",2006,"KRV",0,11,2,1
"2919",2006,"KRV",1,17,2,1
"2920",2006,"KRV",1,24,2,1
"2921",2006,"KRV",1,18,2,1
"2922",2006,"KRV",0,18,2,1
"2923",2006,"KRV",0,18,2,1
"2924",2006,"KRV",0,24,2,1
"2925",2006,"KRV",1,18,2,1
"2926",2006,"KRV",0,18,2,1
"2927",2006,"KRV",1,22,2,1
"2928",2006,"KRV",1,18,2,1
"2929",2006,"KRV",0,18,2,1
"2930",2006,"KRV",0,18,2,1
"2931",2006,"KRV",0,7,2,1
"2932",2006,"KRV",0,16,2,1
"2933",2006,"KRV",0,18,2,1
"2934",2006,"KRV",0,4,2,1
"2935",2006,"KRV",1,18,2,1
"2936",2006,"KRV",1,18,2,1
"2937",2006,"KRV",0,18,2,1
"2938",2006,"KRV",1,18,2,1
"2939",2006,"KRV",1,18,2,1
"2940",2006,"KRV",0,18,2,1
"2941",2006,"KRV",1,18,2,1
"2942",2006,"KRV",1,23,2,1
"2943",2006,"KRV",1,22,2,1
"2944",2006,"KRV",0,22,2,1
"2945",2006,"KRV",1,23,2,1
"2946",2006,"KRV",1,13,2,1
"2947",2006,"KRV",0,20,2,1
"2948",2006,"KRV",1,13,2,1
"2949",2006,"KRV",0,18,2,1
"2950",2006,"KRV",0,15,2,1
"2951",2006,"KRV",0,24,2,1
"2952",2006,"KRV",1,18,2,1
"2953",2006,"KRV",1,18,2,1
"2954",2006,"KRV",1,24,2,1
"2955",2006,"KRV",1,18,2,1
"2956",2006,"KRV",0,24,2,1
"2957",2006,"KRV",1,18,2,1
"2958",2006,"KRV",0,24,2,1
"2959",2006,"KRV",0,18,2,1
"2960",2006,"KRV",1,6,2,1
"2961",2006,"KRV",0,24,2,1
"2962",2006,"KRV",0,18,2,1
"2963",2006,"KRV",0,18,2,1
"2964",2006,"KRV",1,18,2,1
"2965",2006,"KRV",1,24,2,1
"2966",2006,"KRV",0,24,2,1
"2967",2006,"KRV",0,24,2,1
"2968",2006,"KRV",1,18,2,1
"2969",2006,"KRV",1,18,2,1
"2970",2006,"OKEE",0,19,-1,0
"2971",2006,"OKEE",0,18,-1,0
"2972",2006,"OKEE",0,18,-1,0
"2973",2006,"OKEE",0,23,-1,0
"2974",2006,"OKEE",0,15,-1,0
"2975",2006,"OKEE",0,24,-1,0
"2976",2006,"OKEE",0,18,-1,0
"2977",2006,"OKEE",0,18,-1,0
"2978",2006,"OKEE",0,18,-1,0
"2979",2006,"OKEE",0,18,-1,0
"2980",2006,"OKEE",0,14,-1,0
"2981",2006,"OKEE",0,23,-1,0
"2982",2006,"OKEE",1,24,-1,0
"2983",2006,"OKEE",1,18,-1,0
"2984",2006,"OKEE",0,28,-1,0
"2985",2006,"OKEE",0,17,-1,0
"2986",2006,"OKEE",0,20,-1,0
"2987",2006,"OKEE",1,18,-1,0
"2988",2006,"OKEE",0,15,-1,0
"2989",2006,"OKEE",0,21,-1,0
"2990",2006,"SJM",0,7,-1,0
"2991",2006,"SJM",0,18,-1,0
"2992",2006,"SJM",0,2,-1,0
"2993",2006,"SJM",1,19,-1,0
"2994",2006,"SJM",1,21,-1,0
"2995",2006,"SJM",1,21,-1,0
"2996",2006,"SJM",1,18,-1,0
"2997",2006,"SJM",1,22,-1,0
"2998",2006,"SJM",1,18,-1,0
"2999",2006,"SJM",1,18,-1,0
"3000",2006,"SJM",1,20,-1,0
"3001",2006,"SJM",1,18,-1,0
"3002",2006,"SJM",1,18,-1,0
"3003",2006,"SJM",0,10,-1,0
"3004",2006,"SJM",0,19,-1,0
"3005",2006,"SJM",1,18,-1,0
"3006",2006,"SJM",0,21,-1,0
"3007",2006,"SJM",1,18,-1,0
"3008",2006,"SJM",1,21,-1,0
"3009",2006,"SJM",1,18,-1,0
"3010",2006,"SJM",1,18,-1,0
"3011",2006,"SJM",1,18,-1,0
"3012",2006,"SJM",1,21,-1,0
"3013",2006,"SJM",1,18,-1,0
"3014",2006,"SJM",1,18,-1,0
"3015",2006,"SJM",0,18,-1,0
"3016",2006,"SJM",1,18,-1,0
"3017",2006,"SJM",1,18,-1,0
"3018",2006,"SJM",0,19,-1,0
"3019",2006,"SJM",0,18,-1,0
"3020",2006,"SJM",0,21,-1,0
"3021",2006,"SJM",1,17,-1,0
"3022",2006,"SJM",0,18,-1,0
"3023",2006,"SJM",0,19,-1,0
"3024",2006,"SJM",0,19,-1,0
"3025",2006,"SJM",0,27,-1,0
"3026",2006,"SJM",1,19,-1,0
"3027",2007,"EVER",1,19,-1,0
"3028",2007,"EVER",0,21,-1,0
"3029",2007,"EVER",1,21,-1,0
"3030",2007,"EVER",1,23,-1,0
"3031",2007,"EVER",1,19,-1,0
"3032",2007,"EVER",1,24,-1,0
"3033",2007,"EVER",1,24,-1,0
"3034",2007,"EVER",1,12,-1,0
"3035",2007,"EVER",1,12,-1,0
"3036",2007,"EVER",1,24,-1,0
"3037",2007,"EVER",1,24,-1,0
"3038",2007,"KRV",0,18,3,1
"3039",2007,"KRV",0,17,3,1
"3040",2007,"KRV",0,12,3,1
"3041",2007,"KRV",0,12,3,1
"3042",2007,"KRV",0,7,3,1
"3043",2007,"KRV",0,12,3,1
"3044",2007,"KRV",1,19,3,1
"3045",2007,"KRV",0,12,3,1
"3046",2007,"KRV",0,3,3,1
"3047",2007,"KRV",1,14,3,1
"3048",2007,"KRV",0,18,3,1
"3049",2007,"KRV",0,16,3,1
"3050",2007,"KRV",0,11,3,1
"3051",2007,"KRV",0,6,3,1
"3052",2007,"KRV",0,16,3,1
"3053",2007,"KRV",0,20,3,1
"3054",2007,"KRV",0,14,3,1
"3055",2007,"KRV",0,11,3,1
"3056",2007,"KRV",0,6,3,1
"3057",2007,"KRV",1,16,3,1
"3058",2007,"KRV",1,17,3,1
"3059",2007,"KRV",1,17,3,1
"3060",2007,"KRV",0,20,3,1
"3061",2007,"KRV",0,11,3,1
"3062",2007,"KRV",0,19,3,1
"3063",2007,"KRV",0,20,3,1
"3064",2007,"KRV",0,16,3,1
"3065",2007,"KRV",1,17,3,1
"3066",2007,"KRV",0,20,3,1
"3067",2007,"KRV",0,16,3,1
"3068",2007,"KRV",1,17,3,1
"3069",2007,"KRV",1,16,3,1
"3070",2007,"KRV",0,4,3,1
"3071",2007,"KRV",1,16,3,1
"3072",2007,"KRV",0,16,3,1
"3073",2007,"KRV",0,17,3,1
"3074",2007,"KRV",1,14,3,1
"3075",2007,"KRV",0,20,3,1
"3076",2007,"KRV",0,16,3,1
"3077",2007,"KRV",0,14,3,1
"3078",2007,"KRV",1,20,3,1
"3079",2007,"KRV",1,16,3,1
"3080",2007,"KRV",0,8,3,1
"3081",2007,"KRV",1,20,3,1
"3082",2007,"KRV",0,8,3,1
"3083",2007,"KRV",0,20,3,1
"3084",2007,"KRV",0,16,3,1
"3085",2007,"KRV",1,17,3,1
"3086",2007,"KRV",1,16,3,1
"3087",2007,"KRV",0,20,3,1
"3088",2007,"KRV",0,16,3,1
"3089",2007,"KRV",0,18,3,1
"3090",2007,"KRV",0,16,3,1
"3091",2007,"KRV",0,20,3,1
"3092",2007,"KRV",0,16,3,1
"3093",2007,"KRV",1,17,3,1
"3094",2007,"KRV",0,21,3,1
"3095",2007,"KRV",0,16,3,1
"3096",2007,"KRV",0,7,3,1
"3097",2007,"KRV",0,10,3,1
"3098",2007,"KRV",0,16,3,1
"3099",2007,"KRV",0,17,3,1
"3100",2007,"KRV",0,1,3,1
"3101",2007,"KRV",1,12,3,1
"3102",2007,"KRV",0,17,3,1
"3103",2007,"KRV",0,17,3,1
"3104",2007,"KRV",0,1,3,1
"3105",2007,"KRV",0,16,3,1
"3106",2007,"KRV",0,17,3,1
"3107",2007,"KRV",0,17,3,1
"3108",2007,"KRV",1,13,3,1
"3109",2007,"KRV",0,17,3,1
"3110",2007,"KRV",0,17,3,1
"3111",2007,"KRV",0,13,3,1
"3112",2007,"KRV",0,4,3,1
"3113",2007,"KRV",0,17,3,1
"3114",2007,"KRV",0,17,3,1
"3115",2007,"KRV",0,6,3,1
"3116",2007,"KRV",0,17,3,1
"3117",2007,"KRV",0,16,3,1
"3118",2007,"KRV",0,17,3,1
"3119",2007,"KRV",0,14,3,1
"3120",2007,"KRV",0,16,3,1
"3121",2007,"KRV",0,17,3,1
"3122",2007,"KRV",0,17,3,1
"3123",2007,"KRV",0,16,3,1
"3124",2007,"KRV",0,17,3,1
"3125",2007,"KRV",0,16,3,1
"3126",2007,"KRV",0,19,3,1
"3127",2007,"KRV",0,12,3,1
"3128",2007,"KRV",0,3,3,1
"3129",2007,"KRV",1,17,3,1
"3130",2007,"KRV",0,17,3,1
"3131",2007,"KRV",1,18,3,1
"3132",2007,"KRV",0,20,3,1
"3133",2007,"KRV",1,16,3,1
"3134",2007,"KRV",0,16,3,1
"3135",2007,"KRV",0,17,3,1
"3136",2007,"KRV",1,14,3,1
"3137",2007,"KRV",0,16,3,1
"3138",2007,"KRV",1,17,3,1
"3139",2007,"KRV",0,16,3,1
"3140",2007,"KRV",0,17,3,1
"3141",2007,"KRV",0,17,3,1
"3142",2007,"KRV",0,16,3,1
"3143",2007,"KRV",1,18,3,1
"3144",2007,"KRV",1,16,3,1
"3145",2007,"KRV",1,18,3,1
"3146",2007,"KRV",0,17,3,1
"3147",2007,"KRV",0,13,3,1
"3148",2007,"KRV",0,16,3,1
"3149",2007,"KRV",0,17,3,1
"3150",2007,"KRV",0,17,3,1
"3151",2007,"KRV",1,17,3,1
"3152",2007,"KRV",0,16,3,1
"3153",2007,"KRV",0,17,3,1
"3154",2007,"KRV",0,2,3,1
"3155",2007,"KRV",1,17,3,1
"3156",2007,"KRV",0,17,3,1
"3157",2007,"KRV",0,17,3,1
"3158",2007,"KRV",0,7,3,1
"3159",2007,"KRV",0,17,3,1
"3160",2007,"KRV",0,17,3,1
"3161",2007,"KRV",0,14,3,1
"3162",2007,"KRV",1,17,3,1
"3163",2007,"KRV",0,17,3,1
"3164",2007,"KRV",0,17,3,1
"3165",2007,"KRV",1,8,3,1
"3166",2007,"KRV",0,17,3,1
"3167",2007,"KRV",0,17,3,1
"3168",2007,"KRV",0,8,3,1
"3169",2007,"KRV",0,20,3,1
"3170",2007,"KRV",1,16,3,1
"3171",2007,"KRV",0,17,3,1
"3172",2007,"KRV",0,24,3,1
"3173",2007,"KRV",1,16,3,1
"3174",2007,"KRV",0,8,3,1
"3175",2007,"KRV",1,23,3,1
"3176",2007,"KRV",0,16,3,1
"3177",2007,"KRV",1,15,3,1
"3178",2007,"KRV",0,15,3,1
"3179",2007,"KRV",0,28,3,1
"3180",2007,"KRV",0,16,3,1
"3181",2007,"KRV",0,17,3,1
"3182",2007,"KRV",0,20,3,1
"3183",2007,"KRV",0,20,3,1
"3184",2007,"KRV",1,16,3,1
"3185",2007,"KRV",1,10,3,1
"3186",2007,"KRV",0,16,3,1
"3187",2007,"KRV",1,28,3,1
"3188",2007,"KRV",0,28,3,1
"3189",2007,"KRV",0,9,3,1
"3190",2007,"KRV",0,16,3,1
"3191",2007,"KRV",0,28,3,1
"3192",2007,"KRV",0,16,3,1
"3193",2007,"KRV",0,28,3,1
"3194",2007,"KRV",0,9,3,1
"3195",2007,"KRV",0,16,3,1
"3196",2007,"KRV",0,22,3,1
"3197",2007,"KRV",0,28,3,1
"3198",2007,"KRV",0,9,3,1
"3199",2007,"KRV",0,6,3,1
"3200",2007,"KRV",0,5,3,1
"3201",2007,"KRV",0,28,3,1
"3202",2007,"KRV",0,9,3,1
"3203",2007,"KRV",0,6,3,1
"3204",2007,"KRV",0,15,3,1
"3205",2007,"KRV",1,22,3,1
"3206",2007,"KRV",0,15,3,1
"3207",2007,"KRV",0,28,3,1
"3208",2007,"KRV",0,9,3,1
"3209",2007,"KRV",0,20,3,1
"3210",2007,"KRV",0,16,3,1
"3211",2007,"KRV",1,17,3,1
"3212",2007,"KRV",0,15,3,1
"3213",2007,"KRV",0,22,3,1
"3214",2007,"KRV",0,15,3,1
"3215",2007,"KRV",1,28,3,1
"3216",2007,"KRV",0,15,3,1
"3217",2007,"KRV",0,15,3,1
"3218",2007,"KRV",0,28,3,1
"3219",2007,"KRV",0,28,3,1
"3220",2007,"KRV",0,9,3,1
"3221",2007,"KRV",0,9,3,1
"3222",2007,"KRV",1,26,3,1
"3223",2007,"KRV",0,28,3,1
"3224",2007,"KRV",0,6,3,1
"3225",2007,"KRV",0,5,3,1
"3226",2007,"KRV",0,26,3,1
"3227",2007,"KRV",0,9,3,1
"3228",2007,"KRV",0,16,3,1
"3229",2007,"KRV",1,17,3,1
"3230",2007,"KRV",0,18,3,1
"3231",2008,"EAST",1,25,-1,0
"3232",2008,"EAST",1,26,-1,0
"3233",2008,"EVER",1,21,-1,0
"3234",2008,"EVER",0,7,-1,0
"3235",2008,"EVER",0,7,-1,0
"3236",2008,"EVER",0,14,-1,0
"3237",2008,"EVER",0,14,-1,0
"3238",2008,"EVER",0,21,-1,0
"3239",2008,"EVER",0,19,-1,0
"3240",2008,"EVER",0,14,-1,0
"3241",2008,"EVER",0,21,-1,0
"3242",2008,"EVER",1,14,-1,0
"3243",2008,"EVER",0,14,-1,0
"3244",2008,"EVER",0,14,-1,0
"3245",2008,"EVER",0,21,-1,0
"3246",2008,"EVER",1,14,-1,0
"3247",2008,"EVER",0,14,-1,0
"3248",2008,"EVER",1,21,-1,0
"3249",2008,"EVER",1,21,-1,0
"3250",2008,"EVER",0,21,-1,0
"3251",2008,"EVER",1,14,-1,0
"3252",2008,"EVER",0,21,-1,0
"3253",2008,"EVER",0,21,-1,0
"3254",2008,"EVER",1,7,-1,0
"3255",2008,"EVER",0,7,-1,0
"3256",2008,"EVER",0,7,-1,0
"3257",2008,"EVER",0,14,-1,0
"3258",2008,"EVER",1,21,-1,0
"3259",2008,"EVER",0,19,-1,0
"3260",2008,"EVER",0,14,-1,0
"3261",2008,"EVER",0,14,-1,0
"3262",2008,"EVER",0,7,-1,0
"3263",2008,"EVER",0,7,-1,0
"3264",2008,"EVER",0,14,-1,0
"3265",2008,"EVER",1,7,-1,0
"3266",2008,"EVER",1,14,-1,0
"3267",2008,"EVER",0,7,-1,0
"3268",2008,"KRV",0,21,4,1
"3269",2008,"KRV",0,21,4,1
"3270",2008,"KRV",0,21,4,1
"3271",2008,"KRV",0,21,4,1
"3272",2008,"KRV",0,10,4,1
"3273",2008,"KRV",1,21,4,1
"3274",2008,"KRV",0,19,4,1
"3275",2008,"KRV",0,22,4,1
"3276",2008,"KRV",0,20,4,1
"3277",2008,"KRV",1,10,4,1
"3278",2008,"KRV",1,22,4,1
"3279",2008,"KRV",0,15,4,1
"3280",2008,"KRV",0,4,4,1
"3281",2008,"KRV",0,22,4,1
"3282",2008,"KRV",0,20,4,1
"3283",2008,"KRV",0,10,4,1
"3284",2008,"KRV",0,5,4,1
"3285",2008,"KRV",0,20,4,1
"3286",2008,"KRV",0,21,4,1
"3287",2008,"KRV",1,21,4,1
"3288",2008,"KRV",0,23,4,1
"3289",2008,"KRV",0,10,4,1
"3290",2008,"KRV",0,2,4,1
"3291",2008,"KRV",0,20,4,1
"3292",2008,"KRV",1,21,4,1
"3293",2008,"KRV",0,9,4,1
"3294",2008,"KRV",0,10,4,1
"3295",2008,"KRV",0,21,4,1
"3296",2008,"KRV",1,22,4,1
"3297",2008,"KRV",0,21,4,1
"3298",2008,"KRV",0,22,4,1
"3299",2008,"KRV",1,22,4,1
"3300",2008,"KRV",0,22,4,1
"3301",2008,"KRV",0,22,4,1
"3302",2008,"KRV",0,22,4,1
"3303",2008,"KRV",1,22,4,1
"3304",2008,"KRV",1,22,4,1
"3305",2008,"KRV",1,22,4,1
"3306",2008,"KRV",0,22,4,1
"3307",2008,"KRV",0,20,4,1
"3308",2008,"KRV",0,19,4,1
"3309",2008,"KRV",0,21,4,1
"3310",2008,"KRV",0,22,4,1
"3311",2008,"KRV",0,20,4,1
"3312",2008,"KRV",0,19,4,1
"3313",2008,"KRV",0,20,4,1
"3314",2008,"KRV",0,19,4,1
"3315",2008,"KRV",0,21,4,1
"3316",2008,"KRV",0,19,4,1
"3317",2008,"KRV",0,21,4,1
"3318",2008,"KRV",0,2,4,1
"3319",2008,"KRV",0,5,4,1
"3320",2008,"KRV",0,20,4,1
"3321",2008,"KRV",0,19,4,1
"3322",2008,"KRV",0,21,4,1
"3323",2008,"KRV",1,22,4,1
"3324",2008,"KRV",1,19,4,1
"3325",2008,"KRV",0,20,4,1
"3326",2008,"KRV",1,19,4,1
"3327",2008,"KRV",0,19,4,1
"3328",2008,"KRV",0,21,4,1
"3329",2008,"KRV",1,21,4,1
"3330",2008,"KRV",0,21,4,1
"3331",2008,"KRV",0,19,4,1
"3332",2008,"KRV",0,4,4,1
"3333",2008,"KRV",0,22,4,1
"3334",2008,"KRV",1,21,4,1
"3335",2008,"KRV",0,21,4,1
"3336",2008,"KRV",0,20,4,1
"3337",2008,"KRV",0,8,4,1
"3338",2008,"KRV",0,5,4,1
"3339",2008,"KRV",0,21,4,1
"3340",2008,"KRV",1,19,4,1
"3341",2008,"KRV",0,21,4,1
"3342",2008,"KRV",1,19,4,1
"3343",2008,"KRV",1,21,4,1
"3344",2008,"KRV",0,21,4,1
"3345",2008,"KRV",0,19,4,1
"3346",2008,"KRV",1,22,4,1
"3347",2008,"KRV",1,21,4,1
"3348",2008,"KRV",0,21,4,1
"3349",2008,"KRV",1,19,4,1
"3350",2008,"KRV",1,19,4,1
"3351",2008,"KRV",0,19,4,1
"3352",2008,"KRV",1,22,4,1
"3353",2008,"KRV",1,12,4,1
"3354",2008,"KRV",0,12,4,1
"3355",2008,"KRV",0,8,4,1
"3356",2008,"KRV",0,11,4,1
"3357",2008,"KRV",0,15,4,1
"3358",2008,"KRV",0,8,4,1
"3359",2008,"KRV",0,12,4,1
"3360",2008,"KRV",0,8,4,1
"3361",2008,"KRV",0,5,4,1
"3362",2008,"KRV",0,1,4,1
"3363",2008,"KRV",0,6,4,1
"3364",2008,"KRV",0,17,4,1
"3365",2008,"KRV",0,4,4,1
"3366",2008,"KRV",0,9,4,1
"3367",2008,"KRV",0,5,4,1
"3368",2008,"KRV",0,12,4,1
"3369",2008,"KRV",0,8,4,1
"3370",2008,"KRV",0,11,4,1
"3371",2008,"KRV",0,15,4,1
"3372",2008,"KRV",0,6,4,1
"3373",2008,"KRV",0,20,4,1
"3374",2008,"KRV",0,10,4,1
"3375",2008,"KRV",0,21,4,1
"3376",2008,"KRV",0,10,4,1
"3377",2008,"KRV",1,16,4,1
"3378",2008,"KRV",0,20,4,1
"3379",2008,"KRV",1,10,4,1
"3380",2008,"KRV",0,20,4,1
"3381",2008,"KRV",0,10,4,1
"3382",2008,"KRV",1,16,4,1
"3383",2008,"KRV",0,19,4,1
"3384",2008,"KRV",0,21,4,1
"3385",2008,"KRV",0,9,4,1
"3386",2008,"KRV",0,12,4,1
"3387",2008,"KRV",0,14,4,1
"3388",2008,"KRV",1,15,4,1
"3389",2008,"KRV",0,12,4,1
"3390",2008,"KRV",0,17,4,1
"3391",2008,"KRV",0,12,4,1
"3392",2008,"KRV",0,8,4,1
"3393",2008,"KRV",0,5,4,1
"3394",2008,"KRV",0,1,4,1
"3395",2008,"KRV",1,21,4,1
"3396",2008,"KRV",0,21,4,1
"3397",2008,"KRV",0,17,4,1
"3398",2008,"KRV",0,12,4,1
"3399",2008,"KRV",0,8,4,1
"3400",2008,"KRV",0,1,4,1
"3401",2008,"KRV",0,17,4,1
"3402",2008,"KRV",0,12,4,1
"3403",2008,"KRV",0,8,4,1
"3404",2008,"KRV",0,6,4,1
"3405",2008,"KRV",0,6,4,1
"3406",2008,"KRV",0,21,4,1
"3407",2008,"KRV",0,17,4,1
"3408",2008,"KRV",0,12,4,1
"3409",2008,"KRV",0,8,4,1
"3410",2008,"KRV",0,5,4,1
"3411",2008,"KRV",0,1,4,1
"3412",2008,"KRV",1,21,4,1
"3413",2008,"KRV",1,17,4,1
"3414",2008,"KRV",0,21,4,1
"3415",2008,"KRV",0,17,4,1
"3416",2008,"KRV",0,11,4,1
"3417",2008,"KRV",0,8,4,1
"3418",2008,"KRV",0,21,4,1
"3419",2008,"KRV",0,17,4,1
"3420",2008,"KRV",0,11,4,1
"3421",2008,"KRV",0,8,4,1
"3422",2008,"KRV",1,15,4,1
"3423",2008,"KRV",0,17,4,1
"3424",2008,"KRV",0,12,4,1
"3425",2008,"KRV",0,7,4,1
"3426",2008,"KRV",0,17,4,1
"3427",2008,"KRV",0,12,4,1
"3428",2008,"KRV",0,8,4,1
"3429",2008,"KRV",0,11,4,1
"3430",2008,"KRV",0,17,4,1
"3431",2008,"KRV",0,12,4,1
"3432",2008,"KRV",0,8,4,1
"3433",2008,"KRV",0,5,4,1
"3434",2008,"KRV",0,12,4,1
"3435",2008,"KRV",0,8,4,1
"3436",2008,"KRV",0,11,4,1
"3437",2008,"KRV",0,15,4,1
"3438",2008,"KRV",0,3,4,1
"3439",2008,"KRV",0,12,4,1
"3440",2008,"KRV",0,8,4,1
"3441",2008,"KRV",0,11,4,1
"3442",2008,"KRV",0,15,4,1
"3443",2008,"KRV",0,7,4,1
"3444",2008,"KRV",0,14,4,1
"3445",2008,"KRV",0,18,4,1
"3446",2008,"KRV",0,20,4,1
"3447",2008,"KRV",0,5,4,1
"3448",2008,"KRV",0,6,4,1
"3449",2008,"KRV",0,20,4,1
"3450",2008,"KRV",0,10,4,1
"3451",2008,"KRV",0,16,4,1
"3452",2008,"KRV",0,5,4,1
"3453",2008,"KRV",0,13,4,1
"3454",2008,"KRV",0,15,4,1
"3455",2008,"KRV",0,5,4,1
"3456",2008,"KRV",0,19,4,1
"3457",2008,"KRV",0,21,4,1
"3458",2008,"KRV",1,17,4,1
"3459",2008,"KRV",0,12,4,1
"3460",2008,"KRV",0,8,4,1
"3461",2008,"KRV",0,11,4,1
"3462",2008,"KRV",0,15,4,1
"3463",2008,"KRV",1,8,4,1
"3464",2008,"KRV",1,11,4,1
"3465",2008,"KRV",0,12,4,1
"3466",2008,"KRV",0,8,4,1
"3467",2008,"KRV",0,11,4,1
"3468",2008,"KRV",0,15,4,1
"3469",2008,"KRV",0,7,4,1
"3470",2008,"KRV",0,14,4,1
"3471",2008,"KRV",0,19,4,1
"3472",2008,"KRV",0,21,4,1
"3473",2008,"KRV",1,17,4,1
"3474",2008,"KRV",0,9,4,1
"3475",2008,"KRV",0,11,4,1
"3476",2008,"KRV",0,17,4,1
"3477",2008,"KRV",0,19,4,1
"3478",2008,"KRV",0,17,4,1
"3479",2008,"KRV",0,9,4,1
"3480",2008,"KRV",0,10,4,1
"3481",2008,"KRV",0,12,4,1
"3482",2008,"KRV",1,17,4,1
"3483",2008,"KRV",0,18,4,1
"3484",2008,"KRV",0,8,4,1
"3485",2008,"KRV",0,22,4,1
"3486",2008,"KRV",0,18,4,1
"3487",2008,"KRV",0,11,4,1
"3488",2008,"KRV",0,8,4,1
"3489",2008,"KRV",1,18,4,1
"3490",2008,"KRV",0,18,4,1
"3491",2008,"KRV",0,11,4,1
"3492",2008,"KRV",1,9,4,1
"3493",2008,"KRV",0,18,4,1
"3494",2008,"KRV",0,11,4,1
"3495",2008,"KRV",0,9,4,1
"3496",2008,"KRV",0,10,4,1
"3497",2008,"KRV",0,17,4,1
"3498",2008,"KRV",0,11,4,1
"3499",2008,"KRV",0,9,4,1
"3500",2008,"KRV",0,17,4,1
"3501",2008,"KRV",1,11,4,1
"3502",2008,"KRV",0,17,4,1
"3503",2008,"KRV",0,11,4,1
"3504",2008,"KRV",0,8,4,1
"3505",2008,"KRV",1,11,4,1
"3506",2008,"KRV",0,17,4,1
"3507",2008,"KRV",0,11,4,1
"3508",2008,"KRV",0,13,4,1
"3509",2008,"KRV",0,6,4,1
"3510",2008,"KRV",0,17,4,1
"3511",2008,"KRV",1,15,4,1
"3512",2008,"KRV",0,20,4,1
"3513",2008,"KRV",0,18,4,1
"3514",2008,"KRV",1,12,4,1
"3515",2008,"KRV",1,15,4,1
"3516",2008,"KRV",1,11,4,1
"3517",2008,"KRV",0,11,4,1
"3518",2008,"KRV",0,15,4,1
"3519",2008,"KRV",0,7,4,1
"3520",2008,"KRV",0,14,4,1
"3521",2008,"KRV",0,6,4,1
"3522",2008,"KRV",0,15,4,1
"3523",2008,"KRV",0,8,4,1
"3524",2008,"KRV",0,13,4,1
"3525",2008,"KRV",0,21,4,1
"3526",2008,"KRV",0,8,4,1
"3527",2008,"KRV",1,5,4,1
"3528",2008,"KRV",1,21,4,1
"3529",2008,"KRV",0,8,4,1
"3530",2008,"KRV",0,13,4,1
"3531",2008,"KRV",0,21,4,1
"3532",2008,"KRV",0,14,4,1
"3533",2008,"KRV",0,2,4,1
"3534",2008,"KRV",0,8,4,1
"3535",2008,"KRV",0,13,4,1
"3536",2008,"KRV",0,21,4,1
"3537",2008,"KRV",1,14,4,1
"3538",2008,"KRV",1,21,4,1
"3539",2008,"KRV",0,21,4,1
"3540",2008,"KRV",0,21,4,1
"3541",2008,"KRV",0,8,4,1
"3542",2008,"KRV",0,7,4,1
"3543",2008,"KRV",0,14,4,1
"3544",2008,"KRV",0,6,4,1
"3545",2008,"KRV",1,21,4,1
"3546",2008,"KRV",1,8,4,1
"3547",2008,"KRV",0,8,4,1
"3548",2008,"KRV",0,13,4,1
"3549",2008,"KRV",0,21,4,1
"3550",2008,"KRV",0,14,4,1
"3551",2008,"KRV",1,20,4,1
"3552",2008,"KRV",0,21,4,1
"3553",2008,"KRV",0,17,4,1
"3554",2008,"KRV",0,6,4,1
"3555",2008,"KRV",0,3,4,1
"3556",2008,"KRV",1,7,4,1
"3557",2008,"KRV",0,21,4,1
"3558",2008,"KRV",0,17,4,1
"3559",2008,"KRV",1,4,4,1
"3560",2008,"KRV",0,21,4,1
"3561",2008,"KRV",0,16,4,1
"3562",2008,"KRV",0,21,4,1
"3563",2008,"KRV",0,17,4,1
"3564",2008,"KRV",0,6,4,1
"3565",2008,"KRV",0,6,4,1
"3566",2008,"KRV",0,21,4,1
"3567",2008,"KRV",0,17,4,1
"3568",2008,"KRV",0,6,4,1
"3569",2008,"KRV",0,6,4,1
"3570",2008,"KRV",1,21,4,1
"3571",2008,"KRV",1,11,4,1
"3572",2008,"KRV",0,15,4,1
"3573",2008,"KRV",1,8,4,1
"3574",2008,"KRV",0,15,4,1
"3575",2008,"KRV",0,7,4,1
"3576",2008,"KRV",0,14,4,1
"3577",2008,"KRV",0,6,4,1
"3578",2008,"KRV",0,15,4,1
"3579",2008,"KRV",1,8,4,1
"3580",2008,"KRV",0,21,4,1
"3581",2008,"KRV",0,21,4,1
"3582",2008,"KRV",0,10,4,1
"3583",2008,"KRV",0,7,4,1
"3584",2008,"KRV",0,11,4,1
"3585",2008,"KRV",0,9,4,1
"3586",2008,"KRV",0,12,4,1
"3587",2008,"KRV",0,14,4,1
"3588",2008,"KRV",0,3,4,1
"3589",2008,"KRV",0,17,4,1
"3590",2008,"KRV",0,11,4,1
"3591",2008,"KRV",0,9,4,1
"3592",2008,"KRV",0,11,4,1
"3593",2008,"KRV",0,17,4,1
"3594",2008,"KRV",0,11,4,1
"3595",2008,"KRV",0,17,4,1
"3596",2008,"KRV",0,11,4,1
"3597",2008,"KRV",0,9,4,1
"3598",2008,"KRV",0,4,4,1
"3599",2008,"KRV",0,6,4,1
"3600",2008,"KRV",0,11,4,1
"3601",2008,"KRV",0,15,4,1
"3602",2008,"KRV",0,7,4,1
"3603",2008,"KRV",0,8,4,1
"3604",2008,"KRV",0,12,4,1
"3605",2008,"KRV",1,11,4,1
"3606",2008,"KRV",0,11,4,1
"3607",2008,"KRV",0,9,4,1
"3608",2008,"KRV",1,12,4,1
"3609",2008,"KRV",1,11,4,1
"3610",2008,"KRV",1,9,4,1
"3611",2008,"KRV",0,11,4,1
"3612",2008,"KRV",0,14,4,1
"3613",2008,"KRV",0,6,4,1
"3614",2008,"KRV",0,15,4,1
"3615",2008,"KRV",0,7,4,1
"3616",2008,"KRV",0,11,4,1
"3617",2008,"KRV",1,4,4,1
"3618",2008,"KRV",0,15,4,1
"3619",2008,"KRV",0,6,4,1
"3620",2008,"KRV",0,9,4,1
"3621",2008,"KRV",0,11,4,1
"3622",2008,"SJM",1,20,-1,0
"3623",2008,"SJM",0,21,-1,0
"3624",2009,"EVER",1,21,-1,0
"3625",2009,"EVER",1,20,-1,0
"3626",2009,"EVER",0,5,-1,0
"3627",2009,"EVER",1,18,-1,0
"3628",2009,"EVER",0,5,-1,0
"3629",2009,"EVER",1,18,-1,0
"3630",2009,"EVER",1,21,-1,0
"3631",2009,"EVER",1,19,-1,0
"3632",2009,"EVER",1,20,-1,0
"3633",2009,"EVER",0,19,-1,0
"3634",2009,"EVER",1,22,-1,0
"3635",2009,"EVER",0,17,-1,0
"3636",2009,"EVER",1,10,-1,0
"3637",2009,"EVER",0,20,-1,0
"3638",2009,"EVER",0,3,-1,0
"3639",2009,"EVER",0,18,-1,0
"3640",2009,"EVER",0,20,-1,0
"3641",2009,"EVER",0,3,-1,0
"3642",2009,"EVER",0,18,-1,0
"3643",2009,"EVER",0,3,-1,0
"3644",2009,"EVER",0,13,-1,0
"3645",2009,"EVER",0,18,-1,0
"3646",2009,"EVER",0,20,-1,0
"3647",2009,"EVER",0,13,-1,0
"3648",2009,"EVER",0,20,-1,0
"3649",2009,"EVER",1,13,-1,0
"3650",2009,"EVER",0,18,-1,0
"3651",2009,"EVER",1,20,-1,0
"3652",2009,"EVER",0,18,-1,0
"3653",2009,"EVER",0,20,-1,0
"3654",2009,"EVER",0,15,-1,0
"3655",2009,"EVER",0,10,-1,0
"3656",2009,"EVER",1,15,-1,0
"3657",2009,"KRV",0,15,5,1
"3658",2009,"KRV",1,17,5,1
"3659",2009,"KRV",1,15,5,1
"3660",2009,"KRV",0,15,5,1
"3661",2009,"KRV",0,17,5,1
"3662",2009,"KRV",0,7,5,1
"3663",2009,"KRV",0,15,5,1
"3664",2009,"KRV",1,17,5,1
"3665",2009,"KRV",1,17,5,1
"3666",2009,"KRV",1,17,5,1
"3667",2009,"KRV",0,22,5,1
"3668",2009,"KRV",0,17,5,1
"3669",2009,"KRV",0,9,5,1
"3670",2009,"KRV",0,15,5,1
"3671",2009,"KRV",0,21,5,1
"3672",2009,"KRV",1,16,5,1
"3673",2009,"KRV",1,15,5,1
"3674",2009,"KRV",1,10,5,1
"3675",2009,"KRV",1,15,5,1
"3676",2009,"KRV",0,12,5,1
"3677",2009,"KRV",0,19,5,1
"3678",2009,"KRV",0,24,5,1
"3679",2009,"KRV",1,12,5,1
"3680",2009,"KRV",0,19,5,1
"3681",2009,"KRV",0,21,5,1
"3682",2009,"KRV",0,21,5,1
"3683",2009,"KRV",1,16,5,1
"3684",2009,"KRV",0,12,5,1
"3685",2009,"KRV",1,25,5,1
"3686",2009,"KRV",0,21,5,1
"3687",2009,"KRV",1,14,5,1
"3688",2009,"KRV",1,19,5,1
"3689",2009,"KRV",0,5,5,1
"3690",2009,"KRV",1,6,5,1
"3691",2009,"KRV",1,19,5,1
"3692",2009,"KRV",1,19,5,1
"3693",2009,"KRV",0,19,5,1
"3694",2009,"KRV",0,15,5,1
"3695",2009,"KRV",0,19,5,1
"3696",2009,"KRV",1,15,5,1
"3697",2009,"KRV",1,19,5,1
"3698",2009,"KRV",0,19,5,1
"3699",2009,"KRV",0,15,5,1
"3700",2009,"KRV",1,19,5,1
"3701",2009,"KRV",1,19,5,1
"3702",2009,"KRV",1,19,5,1
"3703",2009,"KRV",0,19,5,1
"3704",2009,"KRV",0,15,5,1
"3705",2009,"KRV",1,24,5,1
"3706",2009,"KRV",0,24,5,1
"3707",2009,"KRV",0,3,5,1
"3708",2009,"KRV",0,24,5,1
"3709",2009,"KRV",0,18,5,1
"3710",2009,"KRV",0,12,5,1
"3711",2009,"KRV",1,24,5,1
"3712",2009,"KRV",0,22,5,1
"3713",2009,"KRV",0,22,5,1
"3714",2009,"KRV",0,5,5,1
"3715",2009,"KRV",0,17,5,1
"3716",2009,"KRV",1,25,5,1
"3717",2009,"KRV",0,14,5,1
"3718",2009,"KRV",0,24,5,1
"3719",2009,"KRV",0,17,5,1
"3720",2009,"KRV",0,7,5,1
"3721",2009,"KRV",1,24,5,1
"3722",2009,"KRV",0,19,5,1
"3723",2009,"KRV",0,24,5,1
"3724",2009,"KRV",1,10,5,1
"3725",2009,"KRV",0,19,5,1
"3726",2009,"KRV",0,10,5,1
"3727",2009,"KRV",0,9,5,1
"3728",2009,"KRV",0,22,5,1
"3729",2009,"KRV",0,20,5,1
"3730",2009,"KRV",0,15,5,1
"3731",2009,"KRV",1,27,5,1
"3732",2009,"KRV",0,20,5,1
"3733",2009,"KRV",0,15,5,1
"3734",2009,"KRV",0,19,5,1
"3735",2009,"KRV",0,23,5,1
"3736",2009,"KRV",0,19,5,1
"3737",2009,"KRV",0,11,5,1
"3738",2009,"KRV",0,6,5,1
"3739",2009,"KRV",1,19,5,1
"3740",2009,"KRV",1,19,5,1
"3741",2009,"KRV",1,19,5,1
"3742",2009,"KRV",0,19,5,1
"3743",2009,"KRV",1,15,5,1
"3744",2009,"KRV",0,18,5,1
"3745",2009,"KRV",1,23,5,1
"3746",2009,"KRV",0,19,5,1
"3747",2009,"KRV",0,23,5,1
"3748",2009,"KRV",1,7,5,1
"3749",2009,"KRV",0,23,5,1
"3750",2009,"KRV",1,18,5,1
"3751",2009,"KRV",0,19,5,1
"3752",2009,"KRV",1,23,5,1
"3753",2009,"KRV",0,23,5,1
"3754",2009,"KRV",0,19,5,1
"3755",2009,"KRV",0,19,5,1
"3756",2009,"KRV",1,16,5,1
"3757",2009,"KRV",1,19,5,1
"3758",2009,"KRV",0,20,5,1
"3759",2009,"KRV",1,22,5,1
"3760",2009,"KRV",0,19,5,1
"3761",2009,"KRV",0,23,5,1
"3762",2009,"KRV",0,6,5,1
"3763",2009,"KRV",0,20,5,1
"3764",2009,"KRV",0,23,5,1
"3765",2009,"KRV",1,18,5,1
"3766",2009,"KRV",0,19,5,1
"3767",2009,"KRV",1,24,5,1
"3768",2009,"KRV",0,19,5,1
"3769",2009,"KRV",0,16,5,1
"3770",2009,"KRV",0,5,5,1
"3771",2009,"KRV",0,24,5,1
"3772",2009,"KRV",0,18,5,1
"3773",2009,"KRV",0,13,5,1
"3774",2009,"KRV",1,23,5,1
"3775",2009,"KRV",0,19,5,1
"3776",2009,"KRV",1,23,5,1
"3777",2009,"KRV",0,19,5,1
"3778",2009,"KRV",0,24,5,1
"3779",2009,"KRV",0,18,5,1
"3780",2009,"KRV",0,19,5,1
"3781",2009,"KRV",0,20,5,1
"3782",2009,"KRV",0,3,5,1
"3783",2009,"KRV",0,23,5,1
"3784",2009,"KRV",1,19,5,1
"3785",2009,"KRV",0,25,5,1
"3786",2009,"KRV",0,18,5,1
"3787",2009,"KRV",0,16,5,1
"3788",2009,"KRV",0,5,5,1
"3789",2009,"KRV",0,24,5,1
"3790",2009,"KRV",0,19,5,1
"3791",2009,"KRV",1,18,5,1
"3792",2009,"KRV",0,23,5,1
"3793",2009,"KRV",0,1,5,1
"3794",2009,"KRV",0,18,5,1
"3795",2009,"KRV",0,19,5,1
"3796",2009,"KRV",1,24,5,1
"3797",2009,"KRV",1,23,5,1
"3798",2009,"KRV",1,19,5,1
"3799",2009,"KRV",1,18,5,1
"3800",2009,"KRV",0,18,5,1
"3801",2009,"KRV",0,10,5,1
"3802",2009,"KRV",1,9,5,1
"3803",2009,"KRV",0,5,5,1
"3804",2009,"KRV",0,19,5,1
"3805",2009,"KRV",0,9,5,1
"3806",2009,"KRV",0,9,5,1
"3807",2009,"KRV",0,8,5,1
"3808",2009,"KRV",0,3,5,1
"3809",2009,"KRV",0,7,5,1
"3810",2009,"KRV",0,2,5,1
"3811",2009,"KRV",0,3,5,1
"3812",2009,"KRV",0,15,5,1
"3813",2009,"KRV",0,22,5,1
"3814",2009,"KRV",0,10,5,1
"3815",2009,"KRV",0,13,5,1
"3816",2009,"KRV",0,19,5,1
"3817",2009,"KRV",1,11,5,1
"3818",2009,"KRV",0,19,5,1
"3819",2009,"KRV",1,11,5,1
"3820",2009,"KRV",1,19,5,1
"3821",2009,"KRV",1,19,5,1
"3822",2009,"KRV",0,19,5,1
"3823",2009,"KRV",0,11,5,1
"3824",2009,"KRV",0,8,5,1
"3825",2009,"KRV",0,8,5,1
"3826",2009,"KRV",0,3,5,1
"3827",2009,"KRV",1,7,5,1
"3828",2009,"KRV",0,19,5,1
"3829",2009,"KRV",0,10,5,1
"3830",2009,"KRV",0,9,5,1
"3831",2009,"KRV",1,8,5,1
"3832",2009,"KRV",0,19,5,1
"3833",2009,"KRV",1,10,5,1
"3834",2009,"KRV",0,19,5,1
"3835",2009,"KRV",0,9,5,1
"3836",2009,"KRV",0,9,5,1
"3837",2009,"KRV",0,8,5,1
"3838",2009,"KRV",1,19,5,1
"3839",2009,"KRV",1,19,5,1
"3840",2009,"KRV",0,19,5,1
"3841",2009,"KRV",0,10,5,1
"3842",2009,"KRV",1,9,5,1
"3843",2009,"KRV",1,10,5,1
"3844",2009,"KRV",0,19,5,1
"3845",2009,"KRV",0,10,5,1
"3846",2009,"KRV",1,9,5,1
"3847",2009,"KRV",1,9,5,1
"3848",2009,"KRV",1,10,5,1
"3849",2009,"KRV",1,8,5,1
"3850",2009,"KRV",0,10,5,1
"3851",2009,"KRV",1,9,5,1
"3852",2009,"KRV",0,19,5,1
"3853",2009,"KRV",0,10,5,1
"3854",2009,"KRV",0,9,5,1
"3855",2009,"KRV",1,8,5,1
"3856",2009,"KRV",1,18,5,1
"3857",2009,"KRV",0,19,5,1
"3858",2009,"KRV",0,22,5,1
"3859",2009,"KRV",0,18,5,1
"3860",2009,"KRV",1,16,5,1
"3861",2009,"KRV",0,13,5,1
"3862",2009,"KRV",0,9,5,1
"3863",2009,"KRV",0,8,5,1
"3864",2009,"KRV",0,10,5,1
"3865",2009,"KRV",0,5,5,1
"3866",2009,"KRV",1,17,5,1
"3867",2009,"KRV",1,19,5,1
"3868",2009,"KRV",1,24,5,1
"3869",2009,"KRV",0,9,5,1
"3870",2009,"KRV",0,4,5,1
"3871",2009,"KRV",0,4,5,1
"3872",2009,"KRV",0,17,5,1
"3873",2009,"KRV",0,22,5,1
"3874",2009,"KRV",0,8,5,1
"3875",2009,"KRV",0,5,5,1
"3876",2009,"KRV",0,17,5,1
"3877",2009,"KRV",0,22,5,1
"3878",2009,"KRV",0,13,5,1
"3879",2009,"KRV",0,4,5,1
"3880",2009,"SJM",1,24,-1,0
"3881",2009,"SJM",0,23,-1,0
"3882",2009,"SJM",1,16,-1,0
"3883",2009,"SJM",1,19,-1,0
"3884",2010,"EAST",0,15,-1,0
"3885",2010,"EAST",1,28,-1,0
"3886",2010,"EAST",0,15,-1,0
"3887",2010,"EAST",0,28,-1,0
"3888",2010,"EAST",1,28,-1,0
"3889",2010,"EAST",0,15,-1,0
"3890",2010,"EAST",0,15,-1,0
"3891",2010,"EAST",0,6,-1,0
"3892",2010,"EAST",0,15,-1,0
"3893",2010,"EAST",0,16,-1,0
"3894",2010,"EAST",0,15,-1,0
"3895",2010,"EAST",1,16,-1,0
"3896",2010,"EAST",1,9,-1,0
"3897",2010,"EAST",0,13,-1,0
"3898",2010,"EAST",1,7,-1,0
"3899",2010,"EAST",1,18,-1,0
"3900",2010,"EAST",0,25,-1,0
"3901",2010,"EAST",0,15,-1,0
"3902",2010,"EAST",0,25,-1,0
"3903",2010,"EVER",0,11,-1,0
"3904",2010,"EVER",0,11,-1,0
"3905",2010,"EVER",1,20,-1,0
"3906",2010,"EVER",1,21,-1,0
"3907",2010,"EVER",0,12,-1,0
"3908",2010,"EVER",0,21,-1,0
"3909",2010,"EVER",1,16,-1,0
"3910",2010,"EVER",0,21,-1,0
"3911",2010,"EVER",1,12,-1,0
"3912",2010,"EVER",0,21,-1,0
"3913",2010,"EVER",1,19,-1,0
"3914",2010,"EVER",0,21,-1,0
"3915",2010,"EVER",1,19,-1,0
"3916",2010,"EVER",1,12,-1,0
"3917",2010,"EVER",1,22,-1,0
"3918",2010,"EVER",1,21,-1,0
"3919",2010,"EVER",0,21,-1,0
"3920",2010,"EVER",0,8,-1,0
"3921",2010,"EVER",0,12,-1,0
"3922",2010,"EVER",0,21,-1,0
"3923",2010,"EVER",0,22,-1,0
"3924",2010,"EVER",1,22,-1,0
"3925",2010,"EVER",0,21,-1,0
"3926",2010,"EVER",1,20,-1,0
"3927",2010,"EVER",1,20,-1,0
"3928",2010,"EVER",0,21,-1,0
"3929",2010,"EVER",1,20,-1,0
"3930",2010,"EVER",0,21,-1,0
"3931",2010,"EVER",1,20,-1,0
"3932",2010,"EVER",0,20,-1,0
"3933",2010,"EVER",0,19,-1,0
"3934",2010,"EVER",0,4,-1,0
"3935",2010,"EVER",0,20,-1,0
"3936",2010,"EVER",0,15,-1,0
"3937",2010,"EVER",1,22,-1,0
"3938",2010,"EVER",0,15,-1,0
"3939",2010,"EVER",1,22,-1,0
"3940",2010,"EVER",0,9,-1,0
"3941",2010,"EVER",0,20,-1,0
"3942",2010,"EVER",0,19,-1,0
"3943",2010,"EVER",0,15,-1,0
"3944",2010,"EVER",0,14,-1,0
"3945",2010,"EVER",0,13,-1,0
"3946",2010,"EVER",1,8,-1,0
"3947",2010,"EVER",0,8,-1,0
"3948",2010,"EVER",0,7,-1,0
"3949",2010,"EVER",0,24,-1,0
"3950",2010,"EVER",1,21,-1,0
"3951",2010,"EVER",1,23,-1,0
"3952",2010,"EVER",0,23,-1,0
"3953",2010,"EVER",1,17,-1,0
"3954",2010,"EVER",0,19,-1,0
"3955",2010,"EVER",0,14,-1,0
"3956",2010,"EVER",0,22,-1,0
"3957",2010,"EVER",1,15,-1,0
"3958",2010,"EVER",0,11,-1,0
"3959",2010,"EVER",1,22,-1,0
"3960",2010,"EVER",0,11,-1,0
"3961",2010,"EVER",0,22,-1,0
"3962",2010,"EVER",0,15,-1,0
"3963",2010,"EVER",1,18,-1,0
"3964",2010,"EVER",0,11,-1,0
"3965",2010,"EVER",0,22,-1,0
"3966",2010,"EVER",1,15,-1,0
"3967",2010,"EVER",0,22,-1,0
"3968",2010,"EVER",0,15,-1,0
"3969",2010,"EVER",0,22,-1,0
"3970",2010,"EVER",0,15,-1,0
"3971",2010,"EVER",1,5,-1,0
"3972",2010,"EVER",1,22,-1,0
"3973",2010,"EVER",0,15,-1,0
"3974",2010,"EVER",0,18,-1,0
"3975",2010,"EVER",1,14,-1,0
"3976",2010,"EVER",0,18,-1,0
"3977",2010,"EVER",0,19,-1,0
"3978",2010,"EVER",0,19,-1,0
"3979",2010,"EVER",0,14,-1,0
"3980",2010,"EVER",0,19,-1,0
"3981",2010,"EVER",1,14,-1,0
"3982",2010,"EVER",0,19,-1,0
"3983",2010,"EVER",0,14,-1,0
"3984",2010,"EVER",0,11,-1,0
"3985",2010,"EVER",0,18,-1,0
"3986",2010,"EVER",0,19,-1,0
"3987",2010,"EVER",0,7,-1,0
"3988",2010,"EVER",1,10,-1,0
"3989",2010,"EVER",0,18,-1,0
"3990",2010,"EVER",1,19,-1,0
"3991",2010,"EVER",0,19,-1,0
"3992",2010,"EVER",1,14,-1,0
"3993",2010,"EVER",0,5,-1,0
"3994",2010,"EVER",1,18,-1,0
"3995",2010,"EVER",1,15,-1,0
"3996",2010,"EVER",1,13,-1,0
"3997",2010,"EVER",1,20,-1,0
"3998",2010,"EVER",0,20,-1,0
"3999",2010,"EVER",0,17,-1,0
"4000",2010,"EVER",0,13,-1,0
"4001",2010,"EVER",0,14,-1,0
"4002",2010,"EVER",0,14,-1,0
"4003",2010,"EVER",0,18,-1,0
"4004",2010,"EVER",0,14,-1,0
"4005",2010,"EVER",0,9,-1,0
"4006",2010,"EVER",0,24,-1,0
"4007",2010,"EVER",0,15,-1,0
"4008",2010,"EVER",0,25,-1,0
"4009",2010,"EVER",0,22,-1,0
"4010",2010,"EVER",0,14,-1,0
"4011",2010,"EVER",0,8,-1,0
"4012",2010,"EVER",0,9,-1,0
"4013",2010,"EVER",0,15,-1,0
"4014",2010,"EVER",0,14,-1,0
"4015",2010,"EVER",0,15,-1,0
"4016",2010,"EVER",1,14,-1,0
"4017",2010,"EVER",0,15,-1,0
"4018",2010,"EVER",0,14,-1,0
"4019",2010,"EVER",0,18,-1,0
"4020",2010,"EVER",0,14,-1,0
"4021",2010,"EVER",0,14,-1,0
"4022",2010,"EVER",0,14,-1,0
"4023",2010,"KRV",0,3,6,1
"4024",2010,"KRV",0,18,6,1
"4025",2010,"KRV",1,22,6,1
"4026",2010,"KRV",0,22,6,1
"4027",2010,"KRV",0,8,6,1
"4028",2010,"KRV",1,22,6,1
"4029",2010,"KRV",1,22,6,1
"4030",2010,"KRV",0,18,6,1
"4031",2010,"KRV",0,3,6,1
"4032",2010,"KRV",1,8,6,1
"4033",2010,"KRV",0,22,6,1
"4034",2010,"KRV",1,23,6,1
"4035",2010,"KRV",1,22,6,1
"4036",2010,"KRV",1,22,6,1
"4037",2010,"KRV",0,9,6,1
"4038",2010,"KRV",0,5,6,1
"4039",2010,"KRV",0,7,6,1
"4040",2010,"KRV",0,3,6,1
"4041",2010,"KRV",0,6,6,1
"4042",2010,"KRV",1,22,6,1
"4043",2010,"KRV",0,13,6,1
"4044",2010,"KRV",0,23,6,1
"4045",2010,"KRV",1,8,6,1
"4046",2010,"KRV",0,5,6,1
"4047",2010,"KRV",1,20,6,1
"4048",2010,"KRV",0,19,6,1
"4049",2010,"KRV",0,3,6,1
"4050",2010,"KRV",0,7,6,1
"4051",2010,"KRV",1,9,6,1
"4052",2010,"KRV",1,8,6,1
"4053",2010,"KRV",0,9,6,1
"4054",2010,"KRV",0,20,6,1
"4055",2010,"KRV",0,11,6,1
"4056",2010,"KRV",0,4,6,1
"4057",2010,"KRV",1,21,6,1
"4058",2010,"KRV",0,2,6,1
"4059",2010,"KRV",0,7,6,1
"4060",2010,"KRV",0,9,6,1
"4061",2010,"KRV",0,5,6,1
"4062",2010,"KRV",0,7,6,1
"4063",2010,"KRV",0,7,6,1
"4064",2010,"KRV",0,7,6,1
"4065",2010,"KRV",0,7,6,1
"4066",2010,"KRV",0,21,6,1
"4067",2010,"KRV",0,3,6,1
"4068",2010,"KRV",0,6,6,1
"4069",2010,"KRV",0,7,6,1
"4070",2010,"KRV",0,7,6,1
"4071",2010,"KRV",0,7,6,1
"4072",2010,"KRV",0,7,6,1
"4073",2010,"KRV",0,21,6,1
"4074",2010,"KRV",1,3,6,1
"4075",2010,"KRV",0,11,6,1
"4076",2010,"KRV",0,7,6,1
"4077",2010,"KRV",0,7,6,1
"4078",2010,"KRV",0,7,6,1
"4079",2010,"KRV",0,7,6,1
"4080",2010,"KRV",0,7,6,1
"4081",2010,"KRV",0,7,6,1
"4082",2010,"KRV",0,3,6,1
"4083",2010,"KRV",0,21,6,1
"4084",2010,"KRV",0,10,6,1
"4085",2010,"KRV",0,8,6,1
"4086",2010,"KRV",0,7,6,1
"4087",2010,"KRV",0,7,6,1
"4088",2010,"KRV",0,3,6,1
"4089",2010,"KRV",1,10,6,1
"4090",2010,"KRV",0,21,6,1
"4091",2010,"KRV",0,20,6,1
"4092",2010,"KRV",0,7,6,1
"4093",2010,"KRV",1,21,6,1
"4094",2010,"KRV",0,21,6,1
"4095",2010,"KRV",0,20,6,1
"4096",2010,"KRV",0,15,6,1
"4097",2010,"KRV",0,7,6,1
"4098",2010,"KRV",0,7,6,1
"4099",2010,"KRV",0,7,6,1
"4100",2010,"KRV",0,7,6,1
"4101",2010,"KRV",0,7,6,1
"4102",2010,"KRV",0,7,6,1
"4103",2010,"KRV",0,4,6,1
"4104",2010,"KRV",0,7,6,1
"4105",2010,"KRV",0,7,6,1
"4106",2010,"KRV",0,7,6,1
"4107",2010,"KRV",0,7,6,1
"4108",2010,"KRV",1,7,6,1
"4109",2010,"KRV",0,7,6,1
"4110",2010,"KRV",0,7,6,1
"4111",2010,"KRV",1,7,6,1
"4112",2010,"KRV",0,18,6,1
"4113",2010,"KRV",0,19,6,1
"4114",2010,"KRV",0,7,6,1
"4115",2010,"KRV",0,7,6,1
"4116",2010,"KRV",0,8,6,1
"4117",2010,"KRV",0,8,6,1
"4118",2010,"KRV",0,6,6,1
"4119",2010,"KRV",0,7,6,1
"4120",2010,"KRV",0,7,6,1
"4121",2010,"KRV",0,3,6,1
"4122",2010,"KRV",1,20,6,1
"4123",2010,"KRV",0,1,6,1
"4124",2010,"KRV",0,24,6,1
"4125",2010,"KRV",0,20,6,1
"4126",2010,"KRV",0,3,6,1
"4127",2010,"KRV",0,7,6,1
"4128",2010,"KRV",0,2,6,1
"4129",2010,"KRV",0,4,6,1
"4130",2010,"KRV",0,25,6,1
"4131",2010,"KRV",0,15,6,1
"4132",2010,"KRV",0,3,6,1
"4133",2010,"KRV",0,7,6,1
"4134",2010,"KRV",1,23,6,1
"4135",2010,"KRV",1,23,6,1
"4136",2010,"KRV",0,23,6,1
"4137",2010,"KRV",0,22,6,1
"4138",2010,"KRV",0,13,6,1
"4139",2010,"KRV",0,7,6,1
"4140",2010,"KRV",1,22,6,1
"4141",2010,"KRV",0,22,6,1
"4142",2010,"KRV",0,15,6,1
"4143",2010,"KRV",0,12,6,1
"4144",2010,"KRV",0,22,6,1
"4145",2010,"KRV",0,15,6,1
"4146",2010,"KRV",0,3,6,1
"4147",2010,"KRV",0,4,6,1
"4148",2010,"KRV",0,7,6,1
"4149",2010,"KRV",0,7,6,1
"4150",2010,"KRV",0,9,6,1
"4151",2010,"KRV",1,5,6,1
"4152",2010,"KRV",0,4,6,1
"4153",2010,"KRV",0,7,6,1
"4154",2010,"KRV",1,7,6,1
"4155",2010,"KRV",0,4,6,1
"4156",2010,"KRV",0,7,6,1
"4157",2010,"KRV",0,7,6,1
"4158",2010,"KRV",0,7,6,1
"4159",2010,"KRV",1,7,6,1
"4160",2010,"KRV",1,22,6,1
"4161",2010,"KRV",0,3,6,1
"4162",2010,"KRV",1,7,6,1
"4163",2010,"KRV",0,16,6,1
"4164",2010,"KRV",1,7,6,1
"4165",2010,"KRV",1,19,6,1
"4166",2010,"KRV",0,22,6,1
"4167",2010,"KRV",0,20,6,1
"4168",2010,"KRV",1,11,6,1
"4169",2010,"KRV",0,22,6,1
"4170",2010,"KRV",0,15,6,1
"4171",2010,"KRV",0,9,6,1
"4172",2010,"KRV",0,6,6,1
"4173",2010,"KRV",0,12,6,1
"4174",2010,"KRV",0,21,6,1
"4175",2010,"KRV",1,7,6,1
"4176",2010,"KRV",0,7,6,1
"4177",2010,"KRV",1,6,6,1
"4178",2010,"KRV",1,4,6,1
"4179",2010,"KRV",0,9,6,1
"4180",2010,"KRV",1,10,6,1
"4181",2010,"KRV",1,7,6,1
"4182",2010,"KRV",0,5,6,1
"4183",2010,"KRV",1,7,6,1
"4184",2010,"KRV",1,6,6,1
"4185",2010,"KRV",0,8,6,1
"4186",2010,"KRV",1,18,6,1
"4187",2010,"KRV",0,18,6,1
"4188",2010,"KRV",1,23,6,1
"4189",2010,"KRV",1,6,6,1
"4190",2010,"KRV",0,23,6,1
"4191",2010,"KRV",0,20,6,1
"4192",2010,"KRV",1,14,6,1
"4193",2010,"KRV",1,11,6,1
"4194",2010,"KRV",0,6,6,1
"4195",2010,"KRV",0,7,6,1
"4196",2010,"KRV",0,7,6,1
"4197",2010,"KRV",0,7,6,1
"4198",2010,"KRV",0,8,6,1
"4199",2010,"KRV",0,8,6,1
"4200",2010,"KRV",0,6,6,1
"4201",2010,"KRV",1,7,6,1
"4202",2010,"KRV",1,23,6,1
"4203",2010,"KRV",1,23,6,1
"4204",2010,"KRV",0,23,6,1
"4205",2010,"KRV",0,20,6,1
"4206",2010,"KRV",0,14,6,1
"4207",2010,"KRV",0,2,6,1
"4208",2010,"KRV",0,7,6,1
"4209",2010,"KRV",0,8,6,1
"4210",2010,"KRV",0,8,6,1
"4211",2010,"KRV",0,6,6,1
"4212",2010,"KRV",0,7,6,1
"4213",2010,"KRV",0,7,6,1
"4214",2010,"KRV",0,2,6,1
"4215",2010,"KRV",0,23,6,1
"4216",2010,"KRV",1,20,6,1
"4217",2010,"KRV",0,7,6,1
"4218",2010,"KRV",0,7,6,1
"4219",2010,"KRV",0,7,6,1
"4220",2010,"KRV",0,7,6,1
"4221",2010,"KRV",0,7,6,1
"4222",2010,"KRV",1,7,6,1
"4223",2010,"KRV",0,2,6,1
"4224",2010,"KRV",1,7,6,1
"4225",2010,"KRV",1,11,6,1
"4226",2010,"KRV",0,2,6,1
"4227",2010,"KRV",0,7,6,1
"4228",2010,"KRV",0,7,6,1
"4229",2010,"KRV",0,7,6,1
"4230",2010,"KRV",0,7,6,1
"4231",2010,"KRV",0,7,6,1
"4232",2010,"KRV",0,7,6,1
"4233",2010,"KRV",0,6,6,1
"4234",2010,"KRV",0,6,6,1
"4235",2010,"KRV",0,2,6,1
"4236",2010,"KRV",0,7,6,1
"4237",2010,"KRV",0,7,6,1
"4238",2010,"KRV",0,8,6,1
"4239",2010,"KRV",0,6,6,1
"4240",2010,"KRV",0,7,6,1
"4241",2010,"KRV",0,7,6,1
"4242",2010,"KRV",1,7,6,1
"4243",2010,"KRV",1,7,6,1
"4244",2010,"KRV",0,20,6,1
"4245",2010,"KRV",0,20,6,1
"4246",2010,"KRV",0,15,6,1
"4247",2010,"KRV",0,19,6,1
"4248",2010,"KRV",0,21,6,1
"4249",2010,"KRV",0,14,6,1
"4250",2010,"KRV",0,12,6,1
"4251",2010,"KRV",0,21,6,1
"4252",2010,"KRV",0,18,6,1
"4253",2010,"KRV",1,23,6,1
"4254",2010,"KRV",0,18,6,1
"4255",2010,"KRV",0,6,6,1
"4256",2010,"KRV",0,7,6,1
"4257",2010,"KRV",0,7,6,1
"4258",2010,"KRV",0,7,6,1
"4259",2010,"KRV",1,7,6,1
"4260",2010,"KRV",0,12,6,1
"4261",2010,"KRV",1,20,6,1
"4262",2010,"KRV",0,7,6,1
"4263",2010,"KRV",0,8,6,1
"4264",2010,"KRV",1,7,6,1
"4265",2010,"KRV",0,12,6,1
"4266",2010,"KRV",1,3,6,1
"4267",2010,"KRV",0,4,6,1
"4268",2010,"KRV",0,7,6,1
"4269",2010,"KRV",0,2,6,1
"4270",2010,"KRV",0,7,6,1
"4271",2010,"KRV",0,7,6,1
"4272",2010,"KRV",1,7,6,1
"4273",2010,"KRV",1,7,6,1
"4274",2010,"KRV",0,6,6,1
"4275",2010,"KRV",0,8,6,1
"4276",2010,"KRV",1,7,6,1
"4277",2010,"KRV",1,4,6,1
"4278",2010,"KRV",0,17,6,1
"4279",2010,"KRV",0,7,6,1
"4280",2010,"KRV",0,6,6,1
"4281",2010,"KRV",0,5,6,1
"4282",2010,"KRV",1,8,6,1
"4283",2010,"KRV",0,6,6,1
"4284",2010,"KRV",0,7,6,1
"4285",2010,"KRV",1,7,6,1
"4286",2010,"KRV",0,17,6,1
"4287",2010,"KRV",0,7,6,1
"4288",2010,"KRV",0,7,6,1
"4289",2010,"KRV",0,6,6,1
"4290",2010,"KRV",0,7,6,1
"4291",2010,"KRV",0,4,6,1
"4292",2010,"KRV",1,20,6,1
"4293",2010,"KRV",1,20,6,1
"4294",2010,"KRV",0,2,6,1
"4295",2010,"KRV",1,21,6,1
"4296",2010,"KRV",0,6,6,1
"4297",2010,"KRV",0,7,6,1
"4298",2010,"KRV",1,7,6,1
"4299",2010,"KRV",0,14,6,1
"4300",2010,"KRV",1,8,6,1
"4301",2010,"KRV",0,19,6,1
"4302",2010,"KRV",1,7,6,1
"4303",2010,"OKEE",0,19,1,1
"4304",2010,"OKEE",1,24,1,1
"4305",2010,"OKEE",0,19,1,1
"4306",2010,"OKEE",1,20,1,1
"4307",2010,"OKEE",1,24,1,1
"4308",2010,"OKEE",1,24,1,1
"4309",2010,"OKEE",1,24,1,1
"4310",2010,"OKEE",1,23,1,1
"4311",2010,"OKEE",0,26,1,1
"4312",2010,"OKEE",0,15,1,1
"4313",2010,"OKEE",1,21,1,1
"4314",2010,"OKEE",1,26,1,1
"4315",2010,"OKEE",0,26,1,1
"4316",2010,"OKEE",1,15,1,1
"4317",2010,"OKEE",1,19,1,1
"4318",2010,"OKEE",0,16,1,1
"4319",2010,"OKEE",0,22,1,1
"4320",2010,"OKEE",1,15,1,1
"4321",2010,"OKEE",0,13,1,1
"4322",2010,"OKEE",1,14,1,1
"4323",2010,"OKEE",0,21,1,1
"4324",2010,"OKEE",0,8,1,1
"4325",2010,"SJM",0,20,-1,0
"4326",2010,"SJM",1,18,-1,0
"4327",2010,"SJM",1,18,-1,0
"4328",2010,"SJM",1,16,-1,0
"4329",2010,"SJM",1,21,-1,0
"4330",2010,"SJM",1,18,-1,0
"4331",2010,"SJM",1,21,-1,0
"4332",2010,"SJM",1,21,-1,0
"4333",2010,"SJM",0,18,-1,0
"4334",2010,"SJM",0,25,-1,0
"4335",2010,"SJM",0,20,-1,0
"4336",2010,"SJM",0,18,-1,0
"4337",2010,"SJM",1,25,-1,0
"4338",2010,"SJM",1,25,-1,0
"4339",2010,"SJM",0,21,-1,0
"4340",2010,"SJM",1,22,-1,0
"4341",2010,"SJM",1,22,-1,0
"4342",2010,"SJM",0,22,-1,0
"4343",2010,"SJM",1,20,-1,0
"4344",2010,"SJM",0,22,-1,0
"4345",2010,"SJM",1,20,-1,0
"4346",2011,"EAST",1,25,-1,0
"4347",2011,"EAST",1,25,-1,0
"4348",2011,"EAST",1,25,-1,0
"4349",2011,"EAST",1,24,-1,0
"4350",2011,"EVER",1,21,-1,0
"4351",2011,"EVER",0,16,-1,0
"4352",2011,"EVER",0,27,-1,0
"4353",2011,"EVER",0,17,-1,0
"4354",2011,"EVER",0,24,-1,0
"4355",2011,"EVER",1,9,-1,0
"4356",2011,"EVER",0,24,-1,0
"4357",2011,"EVER",1,9,-1,0
"4358",2011,"EVER",1,16,-1,0
"4359",2011,"EVER",0,24,-1,0
"4360",2011,"EVER",0,22,-1,0
"4361",2011,"EVER",1,23,-1,0
"4362",2011,"EVER",0,22,-1,0
"4363",2011,"EVER",0,10,-1,0
"4364",2011,"EVER",0,22,-1,0
"4365",2011,"EVER",0,23,-1,0
"4366",2011,"EVER",0,8,-1,0
"4367",2011,"EVER",0,22,-1,0
"4368",2011,"EVER",0,10,-1,0
"4369",2011,"EVER",0,18,-1,0
"4370",2011,"EVER",0,4,-1,0
"4371",2011,"EVER",0,22,-1,0
"4372",2011,"EVER",0,10,-1,0
"4373",2011,"EVER",1,23,-1,0
"4374",2011,"EVER",0,23,-1,0
"4375",2011,"EVER",0,8,-1,0
"4376",2011,"EVER",0,10,-1,0
"4377",2011,"EVER",1,10,-1,0
"4378",2011,"EVER",0,27,-1,0
"4379",2011,"EVER",0,15,-1,0
"4380",2011,"EVER",0,27,-1,0
"4381",2011,"EVER",1,18,-1,0
"4382",2011,"EVER",1,26,-1,0
"4383",2011,"EVER",0,26,-1,0
"4384",2011,"EVER",0,26,-1,0
"4385",2011,"EVER",1,22,-1,0
"4386",2011,"EVER",0,25,-1,0
"4387",2011,"EVER",1,22,-1,0
"4388",2011,"EVER",0,25,-1,0
"4389",2011,"EVER",1,16,-1,0
"4390",2011,"EVER",0,22,-1,0
"4391",2011,"EVER",1,15,-1,0
"4392",2011,"KRV",0,26,7,1
"4393",2011,"KRV",0,16,7,1
"4394",2011,"KRV",1,21,7,1
"4395",2011,"KRV",0,26,7,1
"4396",2011,"KRV",0,1,7,1
"4397",2011,"KRV",0,18,7,1
"4398",2011,"KRV",1,21,7,1
"4399",2011,"KRV",0,26,7,1
"4400",2011,"KRV",0,18,7,1
"4401",2011,"KRV",0,10,7,1
"4402",2011,"KRV",0,3,7,1
"4403",2011,"KRV",0,18,7,1
"4404",2011,"KRV",0,17,7,1
"4405",2011,"KRV",0,26,7,1
"4406",2011,"KRV",0,18,7,1
"4407",2011,"KRV",0,3,7,1
"4408",2011,"KRV",0,26,7,1
"4409",2011,"KRV",0,18,7,1
"4410",2011,"KRV",0,3,7,1
"4411",2011,"KRV",0,3,7,1
"4412",2011,"KRV",0,26,7,1
"4413",2011,"KRV",0,17,7,1
"4414",2011,"KRV",0,15,7,1
"4415",2011,"KRV",0,26,7,1
"4416",2011,"KRV",1,18,7,1
"4417",2011,"KRV",0,26,7,1
"4418",2011,"KRV",0,6,7,1
"4419",2011,"KRV",0,21,7,1
"4420",2011,"KRV",0,19,7,1
"4421",2011,"KRV",0,18,7,1
"4422",2011,"KRV",0,10,7,1
"4423",2011,"KRV",0,3,7,1
"4424",2011,"KRV",0,18,7,1
"4425",2011,"KRV",0,21,7,1
"4426",2011,"KRV",0,19,7,1
"4427",2011,"KRV",0,18,7,1
"4428",2011,"KRV",0,21,7,1
"4429",2011,"KRV",0,19,7,1
"4430",2011,"KRV",0,21,7,1
"4431",2011,"KRV",0,19,7,1
"4432",2011,"KRV",0,18,7,1
"4433",2011,"KRV",0,21,7,1
"4434",2011,"KRV",1,19,7,1
"4435",2011,"KRV",1,21,7,1
"4436",2011,"KRV",0,17,7,1
"4437",2011,"KRV",0,18,7,1
"4438",2011,"KRV",0,21,7,1
"4439",2011,"KRV",1,19,7,1
"4440",2011,"KRV",0,18,7,1
"4441",2011,"KRV",1,21,7,1
"4442",2011,"KRV",0,21,7,1
"4443",2011,"KRV",0,21,7,1
"4444",2011,"KRV",0,6,7,1
"4445",2011,"KRV",0,21,7,1
"4446",2011,"KRV",0,12,7,1
"4447",2011,"KRV",0,21,7,1
"4448",2011,"KRV",0,21,7,1
"4449",2011,"KRV",0,12,7,1
"4450",2011,"KRV",0,21,7,1
"4451",2011,"KRV",0,11,7,1
"4452",2011,"KRV",0,7,7,1
"4453",2011,"KRV",0,7,7,1
"4454",2011,"KRV",0,7,7,1
"4455",2011,"KRV",0,21,7,1
"4456",2011,"KRV",0,19,7,1
"4457",2011,"KRV",0,21,7,1
"4458",2011,"KRV",0,21,7,1
"4459",2011,"KRV",0,6,7,1
"4460",2011,"KRV",0,21,7,1
"4461",2011,"KRV",0,21,7,1
"4462",2011,"KRV",0,6,7,1
"4463",2011,"KRV",0,21,7,1
"4464",2011,"KRV",0,11,7,1
"4465",2011,"KRV",0,7,7,1
"4466",2011,"KRV",0,7,7,1
"4467",2011,"KRV",0,7,7,1
"4468",2011,"KRV",0,1,7,1
"4469",2011,"KRV",0,21,7,1
"4470",2011,"KRV",0,21,7,1
"4471",2011,"KRV",0,6,7,1
"4472",2011,"KRV",1,21,7,1
"4473",2011,"KRV",0,21,7,1
"4474",2011,"KRV",0,19,7,1
"4475",2011,"KRV",0,21,7,1
"4476",2011,"KRV",0,19,7,1
"4477",2011,"KRV",0,11,7,1
"4478",2011,"KRV",1,7,7,1
"4479",2011,"KRV",0,7,7,1
"4480",2011,"KRV",0,7,7,1
"4481",2011,"KRV",0,7,7,1
"4482",2011,"KRV",0,7,7,1
"4483",2011,"KRV",0,7,7,1
"4484",2011,"KRV",0,8,7,1
"4485",2011,"KRV",0,6,7,1
"4486",2011,"KRV",0,10,7,1
"4487",2011,"KRV",0,12,7,1
"4488",2011,"KRV",0,16,7,1
"4489",2011,"KRV",0,7,7,1
"4490",2011,"KRV",1,11,7,1
"4491",2011,"KRV",0,21,7,1
"4492",2011,"KRV",0,12,7,1
"4493",2011,"KRV",1,16,7,1
"4494",2011,"KRV",0,19,7,1
"4495",2011,"KRV",0,1,7,1
"4496",2011,"KRV",0,6,7,1
"4497",2011,"KRV",0,7,7,1
"4498",2011,"KRV",0,7,7,1
"4499",2011,"KRV",0,7,7,1
"4500",2011,"KRV",0,7,7,1
"4501",2011,"KRV",1,7,7,1
"4502",2011,"KRV",0,6,7,1
"4503",2011,"KRV",0,7,7,1
"4504",2011,"KRV",0,7,7,1
"4505",2011,"KRV",0,8,7,1
"4506",2011,"KRV",0,6,7,1
"4507",2011,"KRV",1,7,7,1
"4508",2011,"KRV",0,6,7,1
"4509",2011,"KRV",0,7,7,1
"4510",2011,"KRV",0,7,7,1
"4511",2011,"KRV",0,7,7,1
"4512",2011,"KRV",0,7,7,1
"4513",2011,"KRV",1,7,7,1
"4514",2011,"KRV",0,4,7,1
"4515",2011,"KRV",0,7,7,1
"4516",2011,"KRV",0,7,7,1
"4517",2011,"KRV",0,7,7,1
"4518",2011,"KRV",0,7,7,1
"4519",2011,"KRV",0,7,7,1
"4520",2011,"KRV",0,7,7,1
"4521",2011,"KRV",0,8,7,1
"4522",2011,"KRV",0,16,7,1
"4523",2011,"KRV",0,22,7,1
"4524",2011,"KRV",0,5,7,1
"4525",2011,"KRV",0,16,7,1
"4526",2011,"KRV",0,22,7,1
"4527",2011,"KRV",0,12,7,1
"4528",2011,"KRV",1,16,7,1
"4529",2011,"KRV",0,22,7,1
"4530",2011,"KRV",0,16,7,1
"4531",2011,"KRV",0,26,7,1
"4532",2011,"KRV",0,18,7,1
"4533",2011,"KRV",0,7,7,1
"4534",2011,"KRV",0,19,7,1
"4535",2011,"KRV",1,26,7,1
"4536",2011,"KRV",0,19,7,1
"4537",2011,"KRV",0,26,7,1
"4538",2011,"KRV",0,7,7,1
"4539",2011,"KRV",0,4,7,1
"4540",2011,"KRV",1,26,7,1
"4541",2011,"KRV",0,19,7,1
"4542",2011,"KRV",0,24,7,1
"4543",2011,"KRV",0,6,7,1
"4544",2011,"KRV",0,27,7,1
"4545",2011,"KRV",0,15,7,1
"4546",2011,"KRV",0,22,7,1
"4547",2011,"KRV",0,5,7,1
"4548",2011,"KRV",0,7,7,1
"4549",2011,"KRV",0,7,7,1
"4550",2011,"KRV",0,9,7,1
"4551",2011,"KRV",0,7,7,1
"4552",2011,"KRV",0,21,7,1
"4553",2011,"KRV",0,9,7,1
"4554",2011,"KRV",0,21,7,1
"4555",2011,"KRV",0,9,7,1
"4556",2011,"KRV",0,13,7,1
"4557",2011,"KRV",0,21,7,1
"4558",2011,"KRV",0,19,7,1
"4559",2011,"KRV",0,9,7,1
"4560",2011,"KRV",1,26,7,1
"4561",2011,"KRV",0,14,7,1
"4562",2011,"KRV",0,12,7,1
"4563",2011,"KRV",0,19,7,1
"4564",2011,"KRV",0,22,7,1
"4565",2011,"KRV",1,19,7,1
"4566",2011,"KRV",1,26,7,1
"4567",2011,"KRV",0,7,7,1
"4568",2011,"KRV",0,7,7,1
"4569",2011,"KRV",0,7,7,1
"4570",2011,"KRV",0,6,7,1
"4571",2011,"KRV",0,7,7,1
"4572",2011,"KRV",0,8,7,1
"4573",2011,"KRV",0,4,7,1
"4574",2011,"KRV",0,26,7,1
"4575",2011,"KRV",1,19,7,1
"4576",2011,"KRV",1,26,7,1
"4577",2011,"KRV",0,7,7,1
"4578",2011,"KRV",0,7,7,1
"4579",2011,"KRV",0,7,7,1
"4580",2011,"KRV",0,7,7,1
"4581",2011,"KRV",1,7,7,1
"4582",2011,"KRV",0,6,7,1
"4583",2011,"KRV",0,7,7,1
"4584",2011,"KRV",0,7,7,1
"4585",2011,"KRV",0,7,7,1
"4586",2011,"KRV",0,7,7,1
"4587",2011,"KRV",0,7,7,1
"4588",2011,"KRV",0,6,7,1
"4589",2011,"KRV",0,7,7,1
"4590",2011,"KRV",0,3,7,1
"4591",2011,"KRV",0,7,7,1
"4592",2011,"KRV",0,7,7,1
"4593",2011,"KRV",0,7,7,1
"4594",2011,"KRV",0,7,7,1
"4595",2011,"KRV",0,7,7,1
"4596",2011,"KRV",0,6,7,1
"4597",2011,"KRV",0,4,7,1
"4598",2011,"KRV",0,2,7,1
"4599",2011,"KRV",1,20,7,1
"4600",2011,"KRV",0,5,7,1
"4601",2011,"KRV",1,7,7,1
"4602",2011,"KRV",1,28,7,1
"4603",2011,"KRV",1,20,7,1
"4604",2011,"KRV",0,3,7,1
"4605",2011,"KRV",0,7,7,1
"4606",2011,"KRV",0,7,7,1
"4607",2011,"KRV",0,7,7,1
"4608",2011,"KRV",1,7,7,1
"4609",2011,"KRV",1,6,7,1
"4610",2011,"KRV",0,4,7,1
"4611",2011,"KRV",0,6,7,1
"4612",2011,"KRV",1,14,7,1
"4613",2011,"KRV",1,4,7,1
"4614",2011,"KRV",0,3,7,1
"4615",2011,"KRV",0,7,7,1
"4616",2011,"KRV",0,7,7,1
"4617",2011,"KRV",1,7,7,1
"4618",2011,"KRV",0,24,7,1
"4619",2011,"KRV",0,14,7,1
"4620",2011,"KRV",1,17,7,1
"4621",2011,"KRV",0,24,7,1
"4622",2011,"KRV",0,14,7,1
"4623",2011,"KRV",0,5,7,1
"4624",2011,"KRV",0,7,7,1
"4625",2011,"KRV",0,6,7,1
"4626",2011,"KRV",0,7,7,1
"4627",2011,"KRV",0,7,7,1
"4628",2011,"KRV",0,7,7,1
"4629",2011,"KRV",0,7,7,1
"4630",2011,"KRV",0,7,7,1
"4631",2011,"KRV",0,7,7,1
"4632",2011,"KRV",0,2,7,1
"4633",2011,"KRV",1,12,7,1
"4634",2011,"KRV",0,5,7,1
"4635",2011,"KRV",0,14,7,1
"4636",2011,"KRV",0,7,7,1
"4637",2011,"KRV",0,7,7,1
"4638",2011,"KRV",0,7,7,1
"4639",2011,"KRV",0,5,7,1
"4640",2011,"KRV",0,2,7,1
"4641",2011,"KRV",0,5,7,1
"4642",2011,"KRV",0,7,7,1
"4643",2011,"KRV",0,7,7,1
"4644",2011,"KRV",0,7,7,1
"4645",2011,"KRV",0,7,7,1
"4646",2011,"KRV",0,7,7,1
"4647",2011,"KRV",0,7,7,1
"4648",2011,"KRV",0,7,7,1
"4649",2011,"KRV",0,4,7,1
"4650",2011,"KRV",0,19,7,1
"4651",2011,"KRV",0,1,7,1
"4652",2011,"KRV",0,2,7,1
"4653",2011,"KRV",0,20,7,1
"4654",2011,"KRV",0,20,7,1
"4655",2011,"KRV",1,7,7,1
"4656",2011,"KRV",0,7,7,1
"4657",2011,"KRV",0,7,7,1
"4658",2011,"KRV",0,7,7,1
"4659",2011,"KRV",0,7,7,1
"4660",2011,"KRV",0,7,7,1
"4661",2011,"KRV",0,7,7,1
"4662",2011,"KRV",0,7,7,1
"4663",2011,"KRV",0,7,7,1
"4664",2011,"KRV",0,7,7,1
"4665",2011,"KRV",0,7,7,1
"4666",2011,"KRV",0,7,7,1
"4667",2011,"KRV",0,4,7,1
"4668",2011,"KRV",0,18,7,1
"4669",2011,"KRV",0,2,7,1
"4670",2011,"KRV",1,8,7,1
"4671",2011,"KRV",0,8,7,1
"4672",2011,"KRV",0,7,7,1
"4673",2011,"KRV",1,7,7,1
"4674",2011,"KRV",0,14,7,1
"4675",2011,"KRV",0,7,7,1
"4676",2011,"KRV",1,8,7,1
"4677",2011,"KRV",1,9,7,1
"4678",2011,"KRV",1,20,7,1
"4679",2011,"KRV",0,16,7,1
"4680",2011,"KRV",0,3,7,1
"4681",2011,"KRV",0,7,7,1
"4682",2011,"KRV",0,7,7,1
"4683",2011,"KRV",0,8,7,1
"4684",2011,"KRV",0,6,7,1
"4685",2011,"KRV",0,7,7,1
"4686",2011,"KRV",0,7,7,1
"4687",2011,"KRV",0,7,7,1
"4688",2011,"KRV",0,4,7,1
"4689",2011,"KRV",0,17,7,1
"4690",2011,"KRV",0,8,7,1
"4691",2011,"KRV",0,6,7,1
"4692",2011,"KRV",0,7,7,1
"4693",2011,"KRV",0,7,7,1
"4694",2011,"KRV",0,7,7,1
"4695",2011,"KRV",0,4,7,1
"4696",2011,"KRV",0,14,7,1
"4697",2011,"KRV",0,7,7,1
"4698",2011,"KRV",0,7,7,1
"4699",2011,"KRV",0,7,7,1
"4700",2011,"KRV",0,7,7,1
"4701",2011,"KRV",1,7,7,1
"4702",2011,"KRV",0,10,7,1
"4703",2011,"KRV",0,7,7,1
"4704",2011,"KRV",0,8,7,1
"4705",2011,"KRV",0,7,7,1
"4706",2011,"KRV",0,7,7,1
"4707",2011,"KRV",0,7,7,1
"4708",2011,"KRV",0,7,7,1
"4709",2011,"KRV",0,2,7,1
"4710",2011,"KRV",0,24,7,1
"4711",2011,"KRV",0,7,7,1
"4712",2011,"KRV",0,7,7,1
"4713",2011,"KRV",0,3,7,1
"4714",2011,"KRV",1,25,7,1
"4715",2011,"KRV",0,25,7,1
"4716",2011,"KRV",0,20,7,1
"4717",2011,"KRV",0,9,7,1
"4718",2011,"KRV",1,25,7,1
"4719",2011,"KRV",1,6,7,1
"4720",2011,"KRV",0,19,7,1
"4721",2011,"KRV",1,7,7,1
"4722",2011,"KRV",0,9,7,1
"4723",2011,"KRV",0,7,7,1
"4724",2011,"KRV",0,7,7,1
"4725",2011,"KRV",1,7,7,1
"4726",2011,"KRV",0,24,7,1
"4727",2011,"KRV",0,1,7,1
"4728",2011,"KRV",1,19,7,1
"4729",2011,"KRV",1,7,7,1
"4730",2011,"KRV",0,4,7,1
"4731",2011,"KRV",0,7,7,1
"4732",2011,"KRV",0,7,7,1
"4733",2011,"KRV",1,7,7,1
"4734",2011,"KRV",1,6,7,1
"4735",2011,"KRV",0,19,7,1
"4736",2011,"KRV",0,21,7,1
"4737",2011,"KRV",0,15,7,1
"4738",2011,"KRV",0,3,7,1
"4739",2011,"KRV",0,7,7,1
"4740",2011,"KRV",0,7,7,1
"4741",2011,"KRV",0,7,7,1
"4742",2011,"KRV",0,6,7,1
"4743",2011,"KRV",0,8,7,1
"4744",2011,"KRV",0,7,7,1
"4745",2011,"KRV",0,11,7,1
"4746",2011,"KRV",1,7,7,1
"4747",2011,"KRV",0,14,7,1
"4748",2011,"KRV",0,7,7,1
"4749",2011,"KRV",0,7,7,1
"4750",2011,"KRV",0,7,7,1
"4751",2011,"KRV",0,7,7,1
"4752",2011,"KRV",0,7,7,1
"4753",2011,"KRV",0,7,7,1
"4754",2011,"KRV",0,3,7,1
"4755",2011,"KRV",0,6,7,1
"4756",2011,"KRV",1,11,7,1
"4757",2011,"KRV",0,7,7,1
"4758",2011,"KRV",0,6,7,1
"4759",2011,"KRV",1,7,7,1
"4760",2011,"KRV",1,14,7,1
"4761",2011,"KRV",1,26,7,1
"4762",2011,"KRV",0,15,7,1
"4763",2011,"KRV",0,7,7,1
"4764",2011,"KRV",0,8,7,1
"4765",2011,"KRV",0,6,7,1
"4766",2011,"KRV",0,7,7,1
"4767",2011,"KRV",0,7,7,1
"4768",2011,"KRV",0,7,7,1
"4769",2011,"KRV",0,3,7,1
"4770",2011,"KRV",0,10,7,1
"4771",2011,"KRV",1,7,7,1
"4772",2011,"KRV",0,7,7,1
"4773",2011,"KRV",0,7,7,1
"4774",2011,"KRV",1,5,7,1
"4775",2011,"KRV",0,6,7,1
"4776",2011,"KRV",0,7,7,1
"4777",2011,"KRV",0,7,7,1
"4778",2011,"KRV",0,7,7,1
"4779",2011,"KRV",0,7,7,1
"4780",2011,"KRV",0,7,7,1
"4781",2011,"KRV",0,7,7,1
"4782",2011,"KRV",0,3,7,1
"4783",2011,"KRV",0,2,7,1
"4784",2011,"KRV",0,2,7,1
"4785",2011,"KRV",0,7,7,1
"4786",2011,"KRV",0,6,7,1
"4787",2011,"KRV",0,7,7,1
"4788",2011,"KRV",0,6,7,1
"4789",2011,"KRV",0,7,7,1
"4790",2011,"KRV",0,7,7,1
"4791",2011,"KRV",0,7,7,1
"4792",2011,"KRV",0,7,7,1
"4793",2011,"KRV",0,7,7,1
"4794",2011,"KRV",0,7,7,1
"4795",2011,"KRV",0,6,7,1
"4796",2011,"KRV",0,7,7,1
"4797",2011,"KRV",0,14,7,1
"4798",2011,"KRV",0,7,7,1
"4799",2011,"KRV",0,21,7,1
"4800",2011,"KRV",0,15,7,1
"4801",2011,"KRV",0,5,7,1
"4802",2011,"KRV",0,22,7,1
"4803",2011,"KRV",0,14,7,1
"4804",2011,"KRV",0,5,7,1
"4805",2011,"KRV",0,11,7,1
"4806",2011,"KRV",1,20,7,1
"4807",2011,"KRV",0,22,7,1
"4808",2011,"KRV",0,7,7,1
"4809",2011,"KRV",0,7,7,1
"4810",2011,"KRV",0,2,7,1
"4811",2011,"KRV",1,21,7,1
"4812",2011,"KRV",0,21,7,1
"4813",2011,"KRV",0,3,7,1
"4814",2011,"KRV",0,3,7,1
"4815",2011,"KRV",0,21,7,1
"4816",2011,"KRV",0,3,7,1
"4817",2011,"KRV",0,3,7,1
"4818",2011,"KRV",0,19,7,1
"4819",2011,"KRV",0,7,7,1
"4820",2011,"KRV",0,7,7,1
"4821",2011,"KRV",0,7,7,1
"4822",2011,"KRV",0,7,7,1
"4823",2011,"KRV",0,7,7,1
"4824",2011,"KRV",0,7,7,1
"4825",2011,"KRV",0,6,7,1
"4826",2011,"KRV",0,21,7,1
"4827",2011,"KRV",0,19,7,1
"4828",2011,"KRV",0,20,7,1
"4829",2011,"KRV",0,20,7,1
"4830",2011,"KRV",1,19,7,1
"4831",2011,"KRV",1,17,7,1
"4832",2011,"KRV",0,7,7,1
"4833",2011,"KRV",0,7,7,1
"4834",2011,"KRV",0,7,7,1
"4835",2011,"KRV",0,7,7,1
"4836",2011,"KRV",0,7,7,1
"4837",2011,"KRV",0,6,7,1
"4838",2011,"KRV",0,7,7,1
"4839",2011,"KRV",0,20,7,1
"4840",2011,"KRV",0,20,7,1
"4841",2011,"KRV",0,9,7,1
"4842",2011,"KRV",0,11,7,1
"4843",2011,"KRV",1,21,7,1
"4844",2011,"KRV",0,15,7,1
"4845",2011,"KRV",0,7,7,1
"4846",2011,"KRV",0,6,7,1
"4847",2011,"KRV",0,7,7,1
"4848",2011,"KRV",0,5,7,1
"4849",2011,"KRV",0,6,7,1
"4850",2011,"KRV",1,7,7,1
"4851",2011,"KRV",1,7,7,1
"4852",2011,"KRV",0,7,7,1
"4853",2011,"KRV",0,7,7,1
"4854",2011,"KRV",0,7,7,1
"4855",2011,"KRV",0,7,7,1
"4856",2011,"KRV",0,7,7,1
"4857",2011,"KRV",1,7,7,1
"4858",2011,"KRV",0,17,7,1
"4859",2011,"KRV",0,25,7,1
"4860",2011,"KRV",0,6,7,1
"4861",2011,"KRV",0,3,7,1
"4862",2011,"KRV",0,7,7,1
"4863",2011,"KRV",0,7,7,1
"4864",2011,"KRV",0,7,7,1
"4865",2011,"KRV",0,7,7,1
"4866",2011,"KRV",0,7,7,1
"4867",2011,"KRV",0,7,7,1
"4868",2011,"KRV",0,3,7,1
"4869",2011,"KRV",0,24,7,1
"4870",2011,"KRV",0,14,7,1
"4871",2011,"KRV",0,7,7,1
"4872",2011,"KRV",0,7,7,1
"4873",2011,"KRV",0,7,7,1
"4874",2011,"KRV",0,7,7,1
"4875",2011,"KRV",0,7,7,1
"4876",2011,"KRV",0,7,7,1
"4877",2011,"KRV",0,7,7,1
"4878",2011,"KRV",0,8,7,1
"4879",2011,"KRV",1,8,7,1
"4880",2011,"KRV",0,7,7,1
"4881",2011,"KRV",0,3,7,1
"4882",2011,"KRV",0,7,7,1
"4883",2011,"KRV",0,6,7,1
"4884",2011,"KRV",0,7,7,1
"4885",2011,"KRV",0,6,7,1
"4886",2011,"KRV",1,7,7,1
"4887",2011,"KRV",0,6,7,1
"4888",2011,"KRV",0,10,7,1
"4889",2011,"KRV",0,13,7,1
"4890",2011,"KRV",0,13,7,1
"4891",2011,"KRV",0,3,7,1
"4892",2011,"KRV",0,7,7,1
"4893",2011,"KRV",0,7,7,1
"4894",2011,"KRV",0,14,7,1
"4895",2011,"KRV",0,7,7,1
"4896",2011,"KRV",0,7,7,1
"4897",2011,"KRV",0,7,7,1
"4898",2011,"KRV",0,7,7,1
"4899",2011,"KRV",0,7,7,1
"4900",2011,"KRV",0,7,7,1
"4901",2011,"KRV",0,7,7,1
"4902",2011,"KRV",0,7,7,1
"4903",2011,"KRV",0,7,7,1
"4904",2011,"KRV",0,7,7,1
"4905",2011,"KRV",0,7,7,1
"4906",2011,"KRV",0,7,7,1
"4907",2011,"KRV",0,7,7,1
"4908",2011,"KRV",0,7,7,1
"4909",2011,"KRV",0,7,7,1
"4910",2011,"KRV",0,7,7,1
"4911",2011,"KRV",0,7,7,1
"4912",2011,"KRV",0,7,7,1
"4913",2011,"KRV",0,7,7,1
"4914",2011,"KRV",0,24,7,1
"4915",2011,"KRV",0,8,7,1
"4916",2011,"KRV",0,3,7,1
"4917",2011,"OKEE",0,16,2,1
"4918",2011,"OKEE",0,19,2,1
"4919",2011,"OKEE",0,18,2,1
"4920",2011,"OKEE",0,12,2,1
"4921",2011,"OKEE",0,23,2,1
"4922",2011,"OKEE",0,18,2,1
"4923",2011,"OKEE",0,23,2,1
"4924",2011,"OKEE",1,18,2,1
"4925",2011,"OKEE",0,22,2,1
"4926",2011,"OKEE",0,18,2,1
"4927",2011,"OKEE",1,13,2,1
"4928",2011,"OKEE",0,18,2,1
"4929",2011,"OKEE",0,8,2,1
"4930",2011,"OKEE",0,24,2,1
"4931",2011,"OKEE",1,18,2,1
"4932",2011,"OKEE",1,18,2,1
"4933",2011,"OKEE",0,18,2,1
"4934",2011,"OKEE",1,12,2,1
"4935",2011,"OKEE",1,12,2,1
"4936",2011,"OKEE",0,20,2,1
"4937",2011,"OKEE",0,10,2,1
"4938",2011,"OKEE",1,19,2,1
"4939",2011,"OKEE",0,19,2,1
"4940",2011,"OKEE",0,11,2,1
"4941",2011,"OKEE",0,10,2,1
"4942",2011,"OKEE",0,20,2,1
"4943",2011,"OKEE",1,10,2,1
"4944",2011,"OKEE",0,19,2,1
"4945",2011,"OKEE",0,20,2,1
"4946",2011,"OKEE",0,10,2,1
"4947",2011,"OKEE",0,24,2,1
"4948",2011,"OKEE",0,10,2,1
"4949",2011,"OKEE",0,19,2,1
"4950",2011,"OKEE",0,11,2,1
"4951",2011,"OKEE",0,19,2,1
"4952",2011,"OKEE",0,19,2,1
"4953",2011,"OKEE",0,11,2,1
"4954",2011,"OKEE",1,18,2,1
"4955",2011,"OKEE",1,18,2,1
"4956",2011,"OKEE",1,13,2,1
"4957",2011,"OKEE",0,22,2,1
"4958",2011,"OKEE",1,18,2,1
"4959",2011,"OKEE",1,15,2,1
"4960",2011,"OKEE",0,18,2,1
"4961",2011,"OKEE",0,13,2,1
"4962",2011,"OKEE",0,18,2,1
"4963",2011,"OKEE",1,12,2,1
"4964",2011,"OKEE",0,18,2,1
"4965",2011,"OKEE",1,12,2,1
"4966",2011,"OKEE",1,18,2,1
"4967",2011,"OKEE",1,24,2,1
"4968",2011,"OKEE",0,24,2,1
"4969",2011,"OKEE",0,12,2,1
"4970",2011,"OKEE",0,7,2,1
"4971",2011,"OKEE",0,15,2,1
"4972",2011,"OKEE",0,20,2,1
"4973",2011,"OKEE",0,16,2,1
"4974",2011,"OKEE",0,20,2,1
"4975",2011,"OKEE",1,20,2,1
"4976",2011,"OKEE",0,20,2,1
"4977",2011,"OKEE",0,19,2,1
"4978",2011,"OKEE",0,11,2,1
"4979",2011,"OKEE",0,19,2,1
"4980",2011,"OKEE",0,11,2,1
"4981",2011,"SJM",1,25,-1,0
"4982",2011,"SJM",1,18,-1,0
"4983",2012,"EAST",1,21,-1,0
"4984",2012,"EVER",1,14,0,1
"4985",2012,"EVER",0,28,0,1
"4986",2012,"EVER",1,23,0,1
"4987",2012,"EVER",0,23,0,1
"4988",2012,"EVER",0,19,0,1
"4989",2012,"EVER",0,4,0,1
"4990",2012,"EVER",0,10,0,1
"4991",2012,"EVER",0,14,0,1
"4992",2012,"EVER",0,22,0,1
"4993",2012,"EVER",0,10,0,1
"4994",2012,"EVER",1,14,0,1
"4995",2012,"EVER",0,21,0,1
"4996",2012,"EVER",1,7,0,1
"4997",2012,"EVER",0,21,0,1
"4998",2012,"EVER",1,8,0,1
"4999",2012,"EVER",1,21,0,1
"5000",2012,"EVER",1,8,0,1
"5001",2012,"EVER",0,21,0,1
"5002",2012,"EVER",1,8,0,1
"5003",2012,"EVER",0,21,0,1
"5004",2012,"EVER",1,8,0,1
"5005",2012,"EVER",1,22,0,1
"5006",2012,"EVER",1,15,0,1
"5007",2012,"EVER",1,4,0,1
"5008",2012,"EVER",0,21,0,1
"5009",2012,"EVER",1,9,0,1
"5010",2012,"EVER",0,21,0,1
"5011",2012,"EVER",1,8,0,1
"5012",2012,"EVER",0,21,0,1
"5013",2012,"EVER",1,8,0,1
"5014",2012,"EVER",0,21,0,1
"5015",2012,"EVER",1,8,0,1
"5016",2012,"EVER",1,8,0,1
"5017",2012,"EVER",0,21,0,1
"5018",2012,"EVER",1,8,0,1
"5019",2012,"EVER",1,8,0,1
"5020",2012,"EVER",0,8,0,1
"5021",2012,"EVER",0,21,0,1
"5022",2012,"EVER",1,18,0,1
"5023",2012,"EVER",0,24,0,1
"5024",2012,"EVER",1,23,0,1
"5025",2012,"EVER",0,20,0,1
"5026",2012,"EVER",1,27,0,1
"5027",2012,"EVER",1,16,0,1
"5028",2012,"EVER",0,18,0,1
"5029",2012,"EVER",0,21,0,1
"5030",2012,"EVER",1,22,0,1
"5031",2012,"EVER",0,22,0,1
"5032",2012,"EVER",1,18,0,1
"5033",2012,"EVER",0,22,0,1
"5034",2012,"EVER",1,18,0,1
"5035",2012,"EVER",1,22,0,1
"5036",2012,"EVER",1,21,0,1
"5037",2012,"KRV",0,20,8,1
"5038",2012,"KRV",0,22,8,1
"5039",2012,"KRV",0,20,8,1
"5040",2012,"KRV",0,22,8,1
"5041",2012,"KRV",0,22,8,1
"5042",2012,"KRV",0,20,8,1
"5043",2012,"KRV",0,17,8,1
"5044",2012,"KRV",1,22,8,1
"5045",2012,"KRV",0,16,8,1
"5046",2012,"KRV",0,5,8,1
"5047",2012,"KRV",1,9,8,1
"5048",2012,"KRV",0,9,8,1
"5049",2012,"KRV",0,20,8,1
"5050",2012,"KRV",0,22,8,1
"5051",2012,"KRV",0,20,8,1
"5052",2012,"KRV",0,22,8,1
"5053",2012,"KRV",0,4,8,1
"5054",2012,"KRV",0,7,8,1
"5055",2012,"KRV",0,20,8,1
"5056",2012,"KRV",0,22,8,1
"5057",2012,"KRV",0,4,8,1
"5058",2012,"KRV",0,19,8,1
"5059",2012,"KRV",0,20,8,1
"5060",2012,"KRV",0,20,8,1
"5061",2012,"KRV",0,9,8,1
"5062",2012,"KRV",0,20,8,1
"5063",2012,"KRV",0,22,8,1
"5064",2012,"KRV",0,20,8,1
"5065",2012,"KRV",0,12,8,1
"5066",2012,"KRV",1,20,8,1
"5067",2012,"KRV",0,20,8,1
"5068",2012,"KRV",1,22,8,1
"5069",2012,"KRV",0,20,8,1
"5070",2012,"KRV",0,20,8,1
"5071",2012,"KRV",0,20,8,1
"5072",2012,"KRV",0,20,8,1
"5073",2012,"KRV",0,11,8,1
"5074",2012,"KRV",1,20,8,1
"5075",2012,"KRV",0,20,8,1
"5076",2012,"KRV",1,22,8,1
"5077",2012,"KRV",0,20,8,1
"5078",2012,"KRV",1,22,8,1
"5079",2012,"KRV",0,20,8,1
"5080",2012,"KRV",0,22,8,1
"5081",2012,"KRV",0,22,8,1
"5082",2012,"KRV",0,11,8,1
"5083",2012,"KRV",1,22,8,1
"5084",2012,"KRV",0,22,8,1
"5085",2012,"KRV",0,4,8,1
"5086",2012,"KRV",0,22,8,1
"5087",2012,"KRV",0,22,8,1
"5088",2012,"KRV",0,4,8,1
"5089",2012,"KRV",0,22,8,1
"5090",2012,"KRV",0,20,8,1
"5091",2012,"KRV",0,20,8,1
"5092",2012,"KRV",0,20,8,1
"5093",2012,"KRV",1,20,8,1
"5094",2012,"KRV",0,7,8,1
"5095",2012,"KRV",0,13,8,1
"5096",2012,"KRV",1,7,8,1
"5097",2012,"KRV",1,7,8,1
"5098",2012,"KRV",0,7,8,1
"5099",2012,"KRV",0,7,8,1
"5100",2012,"KRV",0,13,8,1
"5101",2012,"KRV",1,9,8,1
"5102",2012,"KRV",0,7,8,1
"5103",2012,"KRV",1,13,8,1
"5104",2012,"KRV",0,7,8,1
"5105",2012,"KRV",0,20,8,1
"5106",2012,"KRV",0,13,8,1
"5107",2012,"KRV",0,13,8,1
"5108",2012,"KRV",0,9,8,1
"5109",2012,"KRV",1,11,8,1
"5110",2012,"KRV",0,20,8,1
"5111",2012,"KRV",0,20,8,1
"5112",2012,"KRV",0,20,8,1
"5113",2012,"KRV",0,22,8,1
"5114",2012,"KRV",1,20,8,1
"5115",2012,"KRV",0,22,8,1
"5116",2012,"KRV",0,20,8,1
"5117",2012,"KRV",0,22,8,1
"5118",2012,"KRV",1,20,8,1
"5119",2012,"KRV",0,20,8,1
"5120",2012,"KRV",0,10,8,1
"5121",2012,"KRV",0,20,8,1
"5122",2012,"KRV",0,4,8,1
"5123",2012,"KRV",0,16,8,1
"5124",2012,"KRV",1,24,8,1
"5125",2012,"KRV",1,20,8,1
"5126",2012,"KRV",1,20,8,1
"5127",2012,"KRV",1,20,8,1
"5128",2012,"KRV",0,10,8,1
"5129",2012,"KRV",0,13,8,1
"5130",2012,"KRV",0,6,8,1
"5131",2012,"KRV",1,7,8,1
"5132",2012,"KRV",1,13,8,1
"5133",2012,"KRV",1,13,8,1
"5134",2012,"KRV",1,13,8,1
"5135",2012,"KRV",0,28,8,1
"5136",2012,"KRV",1,14,8,1
"5137",2012,"KRV",0,13,8,1
"5138",2012,"KRV",1,13,8,1
"5139",2012,"KRV",1,13,8,1
"5140",2012,"KRV",0,7,8,1
"5141",2012,"KRV",0,6,8,1
"5142",2012,"KRV",0,21,8,1
"5143",2012,"KRV",0,20,8,1
"5144",2012,"KRV",0,15,8,1
"5145",2012,"KRV",0,21,8,1
"5146",2012,"KRV",1,20,8,1
"5147",2012,"KRV",0,23,8,1
"5148",2012,"KRV",0,13,8,1
"5149",2012,"KRV",0,20,8,1
"5150",2012,"KRV",0,23,8,1
"5151",2012,"KRV",0,20,8,1
"5152",2012,"KRV",0,15,8,1
"5153",2012,"KRV",0,20,8,1
"5154",2012,"KRV",0,15,8,1
"5155",2012,"KRV",1,8,8,1
"5156",2012,"KRV",0,20,8,1
"5157",2012,"KRV",0,23,8,1
"5158",2012,"KRV",0,23,8,1
"5159",2012,"KRV",0,13,8,1
"5160",2012,"KRV",0,23,8,1
"5161",2012,"KRV",0,13,8,1
"5162",2012,"KRV",0,23,8,1
"5163",2012,"KRV",0,18,8,1
"5164",2012,"KRV",0,5,8,1
"5165",2012,"KRV",0,6,8,1
"5166",2012,"KRV",0,23,8,1
"5167",2012,"KRV",0,23,8,1
"5168",2012,"KRV",0,18,8,1
"5169",2012,"KRV",1,11,8,1
"5170",2012,"KRV",0,23,8,1
"5171",2012,"KRV",0,18,8,1
"5172",2012,"KRV",1,23,8,1
"5173",2012,"KRV",1,15,8,1
"5174",2012,"KRV",1,5,8,1
"5175",2012,"KRV",0,20,8,1
"5176",2012,"KRV",1,10,8,1
"5177",2012,"KRV",0,23,8,1
"5178",2012,"KRV",1,13,8,1
"5179",2012,"KRV",1,23,8,1
"5180",2012,"KRV",0,23,8,1
"5181",2012,"KRV",1,8,8,1
"5182",2012,"KRV",1,14,8,1
"5183",2012,"KRV",1,14,8,1
"5184",2012,"KRV",1,14,8,1
"5185",2012,"KRV",1,20,8,1
"5186",2012,"KRV",1,20,8,1
"5187",2012,"KRV",1,20,8,1
"5188",2012,"KRV",1,20,8,1
"5189",2012,"KRV",0,21,8,1
"5190",2012,"KRV",0,21,8,1
"5191",2012,"KRV",0,8,8,1
"5192",2012,"KRV",0,27,8,1
"5193",2012,"KRV",0,22,8,1
"5194",2012,"KRV",1,19,8,1
"5195",2012,"KRV",0,20,8,1
"5196",2012,"KRV",1,22,8,1
"5197",2012,"KRV",0,20,8,1
"5198",2012,"KRV",0,20,8,1
"5199",2012,"KRV",1,11,8,1
"5200",2012,"KRV",0,17,8,1
"5201",2012,"KRV",0,16,8,1
"5202",2012,"KRV",0,5,8,1
"5203",2012,"KRV",0,6,8,1
"5204",2012,"KRV",1,17,8,1
"5205",2012,"KRV",0,17,8,1
"5206",2012,"KRV",0,16,8,1
"5207",2012,"KRV",0,17,8,1
"5208",2012,"KRV",0,16,8,1
"5209",2012,"KRV",0,5,8,1
"5210",2012,"KRV",0,20,8,1
"5211",2012,"KRV",0,21,8,1
"5212",2012,"KRV",1,9,8,1
"5213",2012,"KRV",1,22,8,1
"5214",2012,"KRV",0,20,8,1
"5215",2012,"KRV",0,21,8,1
"5216",2012,"KRV",0,10,8,1
"5217",2012,"KRV",1,21,8,1
"5218",2012,"KRV",0,15,8,1
"5219",2012,"KRV",0,19,8,1
"5220",2012,"KRV",0,20,8,1
"5221",2012,"KRV",0,9,8,1
"5222",2012,"KRV",1,22,8,1
"5223",2012,"KRV",1,20,8,1
"5224",2012,"KRV",1,20,8,1
"5225",2012,"KRV",1,22,8,1
"5226",2012,"KRV",1,22,8,1
"5227",2012,"KRV",0,22,8,1
"5228",2012,"KRV",0,20,8,1
"5229",2012,"KRV",1,20,8,1
"5230",2012,"KRV",1,20,8,1
"5231",2012,"KRV",0,20,8,1
"5232",2012,"KRV",0,20,8,1
"5233",2012,"KRV",0,13,8,1
"5234",2012,"KRV",0,20,8,1
"5235",2012,"KRV",0,6,8,1
"5236",2012,"KRV",0,20,8,1
"5237",2012,"KRV",0,20,8,1
"5238",2012,"KRV",0,6,8,1
"5239",2012,"KRV",0,20,8,1
"5240",2012,"KRV",0,20,8,1
"5241",2012,"KRV",1,13,8,1
"5242",2012,"KRV",0,10,8,1
"5243",2012,"KRV",0,20,8,1
"5244",2012,"KRV",0,22,8,1
"5245",2012,"KRV",0,6,8,1
"5246",2012,"KRV",0,12,8,1
"5247",2012,"KRV",0,12,8,1
"5248",2012,"KRV",0,20,8,1
"5249",2012,"KRV",0,22,8,1
"5250",2012,"KRV",0,6,8,1
"5251",2012,"KRV",0,20,8,1
"5252",2012,"KRV",0,8,8,1
"5253",2012,"KRV",0,20,8,1
"5254",2012,"KRV",0,22,8,1
"5255",2012,"KRV",0,6,8,1
"5256",2012,"KRV",1,22,8,1
"5257",2012,"KRV",1,20,8,1
"5258",2012,"KRV",0,20,8,1
"5259",2012,"KRV",1,21,8,1
"5260",2012,"KRV",0,20,8,1
"5261",2012,"KRV",0,22,8,1
"5262",2012,"KRV",0,28,8,1
"5263",2012,"KRV",0,20,8,1
"5264",2012,"KRV",0,16,8,1
"5265",2012,"KRV",0,6,8,1
"5266",2012,"KRV",0,22,8,1
"5267",2012,"KRV",0,6,8,1
"5268",2012,"KRV",1,22,8,1
"5269",2012,"KRV",0,22,8,1
"5270",2012,"KRV",1,20,8,1
"5271",2012,"KRV",0,22,8,1
"5272",2012,"KRV",1,20,8,1
"5273",2012,"KRV",1,20,8,1
"5274",2012,"KRV",0,14,8,1
"5275",2012,"KRV",0,20,8,1
"5276",2012,"KRV",0,14,8,1
"5277",2012,"KRV",0,20,8,1
"5278",2012,"KRV",0,5,8,1
"5279",2012,"KRV",0,6,8,1
"5280",2012,"KRV",0,20,8,1
"5281",2012,"KRV",0,22,8,1
"5282",2012,"KRV",0,14,8,1
"5283",2012,"KRV",0,5,8,1
"5284",2012,"KRV",0,22,8,1
"5285",2012,"KRV",1,20,8,1
"5286",2012,"KRV",0,22,8,1
"5287",2012,"KRV",1,20,8,1
"5288",2012,"KRV",0,20,8,1
"5289",2012,"KRV",1,8,8,1
"5290",2012,"KRV",0,22,8,1
"5291",2012,"KRV",0,20,8,1
"5292",2012,"KRV",0,12,8,1
"5293",2012,"KRV",1,20,8,1
"5294",2012,"KRV",0,20,8,1
"5295",2012,"KRV",0,20,8,1
"5296",2012,"KRV",0,20,8,1
"5297",2012,"KRV",0,21,8,1
"5298",2012,"KRV",1,20,8,1
"5299",2012,"KRV",0,20,8,1
"5300",2012,"KRV",1,21,8,1
"5301",2012,"KRV",0,21,8,1
"5302",2012,"KRV",0,13,8,1
"5303",2012,"KRV",0,7,8,1
"5304",2012,"KRV",0,21,8,1
"5305",2012,"KRV",0,20,8,1
"5306",2012,"KRV",0,21,8,1
"5307",2012,"KRV",1,28,8,1
"5308",2012,"KRV",1,21,8,1
"5309",2012,"KRV",0,20,8,1
"5310",2012,"KRV",1,20,8,1
"5311",2012,"KRV",0,17,8,1
"5312",2012,"KRV",0,20,8,1
"5313",2012,"KRV",0,8,8,1
"5314",2012,"KRV",0,17,8,1
"5315",2012,"KRV",0,19,8,1
"5316",2012,"KRV",0,1,8,1
"5317",2012,"KRV",0,17,8,1
"5318",2012,"KRV",0,19,8,1
"5319",2012,"KRV",0,9,8,1
"5320",2012,"KRV",1,17,8,1
"5321",2012,"KRV",0,20,8,1
"5322",2012,"KRV",0,21,8,1
"5323",2012,"KRV",1,7,8,1
"5324",2012,"KRV",0,17,8,1
"5325",2012,"KRV",0,20,8,1
"5326",2012,"KRV",0,8,8,1
"5327",2012,"KRV",0,8,8,1
"5328",2012,"KRV",0,17,8,1
"5329",2012,"KRV",0,18,8,1
"5330",2012,"KRV",0,17,8,1
"5331",2012,"KRV",0,18,8,1
"5332",2012,"KRV",0,2,8,1
"5333",2012,"KRV",0,9,8,1
"5334",2012,"KRV",0,24,8,1
"5335",2012,"KRV",0,25,8,1
"5336",2012,"KRV",0,28,8,1
"5337",2012,"KRV",0,17,8,1
"5338",2012,"KRV",0,8,8,1
"5339",2012,"KRV",0,9,8,1
"5340",2012,"KRV",0,17,8,1
"5341",2012,"KRV",0,18,8,1
"5342",2012,"KRV",1,13,8,1
"5343",2012,"KRV",0,11,8,1
"5344",2012,"KRV",1,13,8,1
"5345",2012,"KRV",0,7,8,1
"5346",2012,"KRV",1,13,8,1
"5347",2012,"KRV",0,13,8,1
"5348",2012,"KRV",0,11,8,1
"5349",2012,"KRV",0,28,8,1
"5350",2012,"KRV",0,13,8,1
"5351",2012,"KRV",0,7,8,1
"5352",2012,"KRV",0,28,8,1
"5353",2012,"KRV",0,13,8,1
"5354",2012,"KRV",0,28,8,1
"5355",2012,"KRV",0,13,8,1
"5356",2012,"KRV",0,21,8,1
"5357",2012,"KRV",0,18,8,1
"5358",2012,"KRV",0,8,8,1
"5359",2012,"OKEE",0,20,3,1
"5360",2012,"OKEE",0,11,3,1
"5361",2012,"OKEE",0,22,3,1
"5362",2012,"OKEE",1,22,3,1
"5363",2012,"OKEE",0,22,3,1
"5364",2012,"OKEE",1,16,3,1
"5365",2012,"OKEE",0,20,3,1
"5366",2012,"OKEE",1,22,3,1
"5367",2012,"OKEE",1,20,3,1
"5368",2012,"OKEE",0,20,3,1
"5369",2012,"OKEE",1,22,3,1
"5370",2012,"OKEE",0,22,3,1
"5371",2012,"OKEE",1,16,3,1
"5372",2012,"OKEE",0,22,3,1
"5373",2012,"OKEE",0,16,3,1
"5374",2012,"OKEE",0,4,3,1
"5375",2012,"OKEE",1,20,3,1
"5376",2012,"OKEE",1,20,3,1
"5377",2012,"OKEE",0,23,3,1
"5378",2012,"OKEE",1,10,3,1
"5379",2012,"OKEE",0,20,3,1
"5380",2012,"OKEE",0,11,3,1
"5381",2012,"OKEE",1,22,3,1
"5382",2012,"OKEE",1,19,3,1
"5383",2012,"OKEE",1,19,3,1
"5384",2012,"OKEE",0,23,3,1
"5385",2012,"OKEE",0,15,3,1
"5386",2012,"OKEE",0,4,3,1
"5387",2012,"OKEE",1,23,3,1
"5388",2012,"OKEE",0,22,3,1
"5389",2012,"OKEE",0,20,3,1
"5390",2012,"OKEE",0,21,3,1
"5391",2012,"OKEE",1,23,3,1
"5392",2012,"OKEE",1,22,3,1
"5393",2012,"OKEE",0,22,3,1
"5394",2012,"OKEE",1,20,3,1
"5395",2012,"OKEE",0,22,3,1
"5396",2012,"OKEE",1,20,3,1
"5397",2012,"OKEE",0,26,3,1
"5398",2012,"OKEE",0,26,3,1
"5399",2012,"OKEE",1,17,3,1
"5400",2012,"OKEE",0,22,3,1
"5401",2012,"OKEE",0,20,3,1
"5402",2012,"OKEE",0,11,3,1
"5403",2012,"OKEE",0,20,3,1
"5404",2012,"OKEE",1,25,3,1
"5405",2012,"OKEE",0,19,3,1
"5406",2012,"OKEE",0,16,3,1
"5407",2012,"OKEE",1,19,3,1
"5408",2012,"OKEE",1,20,3,1
"5409",2012,"OKEE",0,20,3,1
"5410",2012,"OKEE",0,21,3,1
"5411",2012,"OKEE",0,11,3,1
"5412",2012,"OKEE",0,21,3,1
"5413",2012,"OKEE",0,11,3,1
"5414",2012,"OKEE",0,21,3,1
"5415",2012,"OKEE",1,23,3,1
"5416",2012,"OKEE",0,20,3,1
"5417",2012,"OKEE",0,21,3,1
"5418",2012,"OKEE",0,21,3,1
"5419",2012,"OKEE",1,23,3,1
"5420",2012,"OKEE",0,4,3,1
"5421",2012,"OKEE",0,21,3,1
"5422",2012,"OKEE",1,20,3,1
"5423",2012,"OKEE",0,21,3,1
"5424",2012,"OKEE",0,11,3,1
"5425",2012,"OKEE",0,22,3,1
"5426",2012,"OKEE",0,10,3,1
"5427",2012,"OKEE",1,20,3,1
"5428",2012,"OKEE",0,20,3,1
"5429",2012,"OKEE",0,21,3,1
"5430",2012,"OKEE",1,22,3,1
"5431",2012,"OKEE",1,21,3,1
"5432",2012,"OKEE",1,20,3,1
"5433",2012,"OKEE",1,20,3,1
"5434",2012,"OKEE",1,20,3,1
"5435",2012,"OKEE",0,20,3,1
"5436",2012,"OKEE",0,13,3,1
"5437",2012,"OKEE",1,22,3,1
"5438",2012,"OKEE",1,21,3,1
"5439",2012,"OKEE",1,16,3,1
"5440",2012,"OKEE",0,21,3,1
"5441",2012,"OKEE",0,17,3,1
"5442",2012,"OKEE",1,21,3,1
"5443",2012,"OKEE",0,21,3,1
"5444",2012,"OKEE",0,21,3,1
"5445",2012,"OKEE",0,21,3,1
"5446",2012,"OKEE",1,22,3,1
"5447",2012,"OKEE",0,21,3,1
"5448",2012,"OKEE",0,22,3,1
"5449",2012,"OKEE",1,14,3,1
"5450",2012,"OKEE",1,24,3,1
"5451",2012,"OKEE",0,20,3,1
"5452",2012,"OKEE",0,23,3,1
"5453",2012,"OKEE",0,16,3,1
"5454",2012,"OKEE",1,12,3,1
"5455",2012,"OKEE",0,23,3,1
"5456",2012,"OKEE",0,20,3,1
"5457",2012,"OKEE",0,11,3,1
"5458",2012,"OKEE",1,25,3,1
"5459",2012,"OKEE",1,20,3,1
"5460",2012,"OKEE",1,25,3,1
"5461",2012,"OKEE",0,25,3,1
"5462",2012,"OKEE",0,20,3,1
"5463",2012,"OKEE",0,25,3,1
"5464",2012,"OKEE",1,20,3,1
"5465",2012,"OKEE",0,23,3,1
"5466",2012,"OKEE",0,20,3,1
"5467",2012,"OKEE",0,11,3,1
"5468",2012,"OKEE",0,11,3,1
"5469",2012,"OKEE",1,22,3,1
"5470",2012,"OKEE",0,23,3,1
"5471",2012,"OKEE",0,20,3,1
"5472",2012,"OKEE",0,22,3,1
"5473",2012,"OKEE",1,17,3,1
"5474",2012,"OKEE",0,6,3,1
"5475",2012,"SJM",1,21,-1,0
"5476",2012,"SJM",0,20,-1,0
"5477",2012,"SJM",1,21,-1,0
"5478",2013,"EAST",1,20,-1,0
"5479",2013,"EAST",1,20,-1,0
"5480",2013,"EAST",0,22,-1,0
"5481",2013,"EAST",0,20,-1,0
"5482",2013,"EAST",0,20,-1,0
"5483",2013,"EAST",0,20,-1,0
"5484",2013,"EAST",0,20,-1,0
"5485",2013,"EVER",0,13,1,1
"5486",2013,"EVER",0,21,1,1
"5487",2013,"EVER",1,10,1,1
"5488",2013,"EVER",0,19,1,1
"5489",2013,"EVER",1,21,1,1
"5490",2013,"EVER",0,22,1,1
"5491",2013,"EVER",0,19,1,1
"5492",2013,"EVER",0,22,1,1
"5493",2013,"EVER",1,10,1,1
"5494",2013,"EVER",1,18,1,1
"5495",2013,"EVER",0,21,1,1
"5496",2013,"EVER",0,21,1,1
"5497",2013,"EVER",0,21,1,1
"5498",2013,"EVER",0,21,1,1
"5499",2013,"EVER",1,9,1,1
"5500",2013,"EVER",0,11,1,1
"5501",2013,"EVER",0,21,1,1
"5502",2013,"EVER",0,16,1,1
"5503",2013,"EVER",0,24,1,1
"5504",2013,"EVER",1,19,1,1
"5505",2013,"EVER",1,23,1,1
"5506",2013,"EVER",1,11,1,1
"5507",2013,"EVER",0,26,1,1
"5508",2013,"EVER",1,3,1,1
"5509",2013,"EVER",1,16,1,1
"5510",2013,"EVER",0,5,1,1
"5511",2013,"EVER",0,12,1,1
"5512",2013,"EVER",0,2,1,1
"5513",2013,"EVER",0,21,1,1
"5514",2013,"EVER",1,22,1,1
"5515",2013,"EVER",0,21,1,1
"5516",2013,"EVER",0,13,1,1
"5517",2013,"EVER",0,17,1,1
"5518",2013,"EVER",1,22,1,1
"5519",2013,"EVER",0,21,1,1
"5520",2013,"EVER",1,18,1,1
"5521",2013,"EVER",0,12,1,1
"5522",2013,"EVER",0,21,1,1
"5523",2013,"EVER",0,18,1,1
"5524",2013,"EVER",1,21,1,1
"5525",2013,"EVER",0,21,1,1
"5526",2013,"EVER",0,3,1,1
"5527",2013,"EVER",1,25,1,1
"5528",2013,"EVER",0,22,1,1
"5529",2013,"EVER",0,12,1,1
"5530",2013,"EVER",0,12,1,1
"5531",2013,"EVER",0,19,1,1
"5532",2013,"EVER",0,21,1,1
"5533",2013,"EVER",0,3,1,1
"5534",2013,"EVER",0,19,1,1
"5535",2013,"EVER",0,18,1,1
"5536",2013,"EVER",0,21,1,1
"5537",2013,"EVER",0,13,1,1
"5538",2013,"EVER",0,21,1,1
"5539",2013,"EVER",1,18,1,1
"5540",2013,"EVER",1,16,1,1
"5541",2013,"EVER",0,15,1,1
"5542",2013,"EVER",0,14,1,1
"5543",2013,"EVER",0,13,1,1
"5544",2013,"EVER",1,5,1,1
"5545",2013,"EVER",1,15,1,1
"5546",2013,"EVER",0,13,1,1
"5547",2013,"EVER",0,7,1,1
"5548",2013,"EVER",0,12,1,1
"5549",2013,"EVER",0,17,1,1
"5550",2013,"EVER",0,19,1,1
"5551",2013,"EVER",0,17,1,1
"5552",2013,"EVER",0,12,1,1
"5553",2013,"EVER",0,13,1,1
"5554",2013,"EVER",0,14,1,1
"5555",2013,"EVER",0,15,1,1
"5556",2013,"EVER",1,8,1,1
"5557",2013,"EVER",0,7,1,1
"5558",2013,"EVER",0,10,1,1
"5559",2013,"EVER",1,21,1,1
"5560",2013,"EVER",0,20,1,1
"5561",2013,"EVER",0,11,1,1
"5562",2013,"EVER",1,5,1,1
"5563",2013,"EVER",1,24,1,1
"5564",2013,"EVER",0,24,1,1
"5565",2013,"EVER",0,19,1,1
"5566",2013,"EVER",0,6,1,1
"5567",2013,"EVER",0,21,1,1
"5568",2013,"EVER",0,19,1,1
"5569",2013,"EVER",1,3,1,1
"5570",2013,"EVER",0,21,1,1
"5571",2013,"EVER",0,10,1,1
"5572",2013,"EVER",0,17,1,1
"5573",2013,"EVER",1,12,1,1
"5574",2013,"EVER",0,21,1,1
"5575",2013,"EVER",0,12,1,1
"5576",2013,"EVER",0,5,1,1
"5577",2013,"EVER",0,14,1,1
"5578",2013,"EVER",0,7,1,1
"5579",2013,"EVER",0,14,1,1
"5580",2013,"EVER",1,4,1,1
"5581",2013,"EVER",0,4,1,1
"5582",2013,"EVER",0,22,1,1
"5583",2013,"EVER",0,20,1,1
"5584",2013,"EVER",0,22,1,1
"5585",2013,"EVER",1,12,1,1
"5586",2013,"EVER",0,8,1,1
"5587",2013,"EVER",0,6,1,1
"5588",2013,"EVER",1,24,1,1
"5589",2013,"EVER",0,18,1,1
"5590",2013,"EVER",0,17,1,1
"5591",2013,"EVER",0,21,1,1
"5592",2013,"EVER",1,13,1,1
"5593",2013,"EVER",0,23,1,1
"5594",2013,"EVER",0,23,1,1
"5595",2013,"EVER",0,17,1,1
"5596",2013,"EVER",0,21,1,1
"5597",2013,"EVER",0,23,1,1
"5598",2013,"EVER",1,22,1,1
"5599",2013,"EVER",0,13,1,1
"5600",2013,"EVER",0,18,1,1
"5601",2013,"EVER",0,17,1,1
"5602",2013,"EVER",1,13,1,1
"5603",2013,"EVER",0,13,1,1
"5604",2013,"EVER",1,18,1,1
"5605",2013,"EVER",0,17,1,1
"5606",2013,"EVER",0,21,1,1
"5607",2013,"EVER",0,21,1,1
"5608",2013,"EVER",0,8,1,1
"5609",2013,"EVER",0,21,1,1
"5610",2013,"EVER",1,20,1,1
"5611",2013,"EVER",0,20,1,1
"5612",2013,"EVER",0,19,1,1
"5613",2013,"EVER",0,13,1,1
"5614",2013,"EVER",0,20,1,1
"5615",2013,"EVER",0,19,1,1
"5616",2013,"EVER",0,13,1,1
"5617",2013,"EVER",0,20,1,1
"5618",2013,"EVER",0,19,1,1
"5619",2013,"EVER",0,13,1,1
"5620",2013,"EVER",0,13,1,1
"5621",2013,"EVER",1,18,1,1
"5622",2013,"EVER",0,20,1,1
"5623",2013,"EVER",0,19,1,1
"5624",2013,"EVER",0,13,1,1
"5625",2013,"EVER",0,20,1,1
"5626",2013,"EVER",1,19,1,1
"5627",2013,"EVER",0,20,1,1
"5628",2013,"EVER",0,19,1,1
"5629",2013,"EVER",0,13,1,1
"5630",2013,"EVER",0,20,1,1
"5631",2013,"EVER",0,19,1,1
"5632",2013,"EVER",0,13,1,1
"5633",2013,"EVER",0,20,1,1
"5634",2013,"EVER",0,19,1,1
"5635",2013,"EVER",0,13,1,1
"5636",2013,"EVER",0,20,1,1
"5637",2013,"EVER",0,19,1,1
"5638",2013,"EVER",0,19,1,1
"5639",2013,"EVER",0,13,1,1
"5640",2013,"EVER",0,13,1,1
"5641",2013,"EVER",0,19,1,1
"5642",2013,"EVER",1,13,1,1
"5643",2013,"EVER",1,19,1,1
"5644",2013,"EVER",0,19,1,1
"5645",2013,"EVER",0,13,1,1
"5646",2013,"EVER",0,13,1,1
"5647",2013,"EVER",1,18,1,1
"5648",2013,"EVER",0,18,1,1
"5649",2013,"EVER",1,18,1,1
"5650",2013,"EVER",0,18,1,1
"5651",2013,"EVER",0,18,1,1
"5652",2013,"EVER",0,15,1,1
"5653",2013,"EVER",0,13,1,1
"5654",2013,"EVER",0,13,1,1
"5655",2013,"EVER",0,18,1,1
"5656",2013,"EVER",0,13,1,1
"5657",2013,"EVER",0,13,1,1
"5658",2013,"EVER",0,18,1,1
"5659",2013,"EVER",0,13,1,1
"5660",2013,"EVER",0,13,1,1
"5661",2013,"EVER",0,18,1,1
"5662",2013,"EVER",0,18,1,1
"5663",2013,"EVER",0,13,1,1
"5664",2013,"EVER",0,18,1,1
"5665",2013,"EVER",1,18,1,1
"5666",2013,"EVER",0,13,1,1
"5667",2013,"EVER",0,13,1,1
"5668",2013,"EVER",0,18,1,1
"5669",2013,"EVER",0,13,1,1
"5670",2013,"EVER",0,13,1,1
"5671",2013,"EVER",1,17,1,1
"5672",2013,"EVER",0,17,1,1
"5673",2013,"EVER",0,25,1,1
"5674",2013,"EVER",0,13,1,1
"5675",2013,"EVER",0,13,1,1
"5676",2013,"EVER",1,13,1,1
"5677",2013,"EVER",0,20,1,1
"5678",2013,"EVER",1,17,1,1
"5679",2013,"EVER",0,20,1,1
"5680",2013,"EVER",0,17,1,1
"5681",2013,"EVER",0,4,1,1
"5682",2013,"EVER",0,17,1,1
"5683",2013,"EVER",1,25,1,1
"5684",2013,"EVER",0,13,1,1
"5685",2013,"EVER",1,13,1,1
"5686",2013,"EVER",0,20,1,1
"5687",2013,"EVER",0,13,1,1
"5688",2013,"KRV",1,22,9,1
"5689",2013,"KRV",0,22,9,1
"5690",2013,"KRV",0,21,9,1
"5691",2013,"KRV",0,21,9,1
"5692",2013,"KRV",1,20,9,1
"5693",2013,"KRV",0,20,9,1
"5694",2013,"KRV",0,22,9,1
"5695",2013,"KRV",1,20,9,1
"5696",2013,"KRV",0,19,9,1
"5697",2013,"KRV",0,20,9,1
"5698",2013,"KRV",0,28,9,1
"5699",2013,"KRV",0,20,9,1
"5700",2013,"KRV",0,6,9,1
"5701",2013,"KRV",1,22,9,1
"5702",2013,"KRV",0,20,9,1
"5703",2013,"KRV",1,20,9,1
"5704",2013,"KRV",0,20,9,1
"5705",2013,"KRV",1,17,9,1
"5706",2013,"KRV",0,22,9,1
"5707",2013,"KRV",1,21,9,1
"5708",2013,"KRV",0,21,9,1
"5709",2013,"KRV",0,21,9,1
"5710",2013,"KRV",0,20,9,1
"5711",2013,"KRV",0,15,9,1
"5712",2013,"KRV",0,22,9,1
"5713",2013,"KRV",1,22,9,1
"5714",2013,"KRV",1,21,9,1
"5715",2013,"KRV",1,21,9,1
"5716",2013,"KRV",0,15,9,1
"5717",2013,"KRV",1,6,9,1
"5718",2013,"KRV",0,20,9,1
"5719",2013,"KRV",1,18,9,1
"5720",2013,"KRV",0,20,9,1
"5721",2013,"KRV",1,18,9,1
"5722",2013,"KRV",0,20,9,1
"5723",2013,"KRV",0,21,9,1
"5724",2013,"KRV",0,9,9,1
"5725",2013,"KRV",1,21,9,1
"5726",2013,"KRV",0,4,9,1
"5727",2013,"KRV",0,17,9,1
"5728",2013,"KRV",1,22,9,1
"5729",2013,"KRV",1,20,9,1
"5730",2013,"KRV",0,20,9,1
"5731",2013,"KRV",1,17,9,1
"5732",2013,"KRV",1,20,9,1
"5733",2013,"KRV",0,21,9,1
"5734",2013,"KRV",1,17,9,1
"5735",2013,"KRV",0,24,9,1
"5736",2013,"KRV",0,21,9,1
"5737",2013,"KRV",0,20,9,1
"5738",2013,"KRV",0,22,9,1
"5739",2013,"KRV",1,20,9,1
"5740",2013,"KRV",0,21,9,1
"5741",2013,"KRV",0,24,9,1
"5742",2013,"KRV",1,21,9,1
"5743",2013,"KRV",0,24,9,1
"5744",2013,"KRV",0,6,9,1
"5745",2013,"KRV",0,15,9,1
"5746",2013,"KRV",0,21,9,1
"5747",2013,"KRV",0,20,9,1
"5748",2013,"KRV",0,7,9,1
"5749",2013,"KRV",0,15,9,1
"5750",2013,"KRV",0,21,9,1
"5751",2013,"KRV",0,20,9,1
"5752",2013,"KRV",0,22,9,1
"5753",2013,"KRV",0,12,9,1
"5754",2013,"KRV",0,24,9,1
"5755",2013,"KRV",0,21,9,1
"5756",2013,"KRV",0,4,9,1
"5757",2013,"KRV",0,17,9,1
"5758",2013,"KRV",1,22,9,1
"5759",2013,"KRV",1,18,9,1
"5760",2013,"KRV",0,4,9,1
"5761",2013,"KRV",1,18,9,1
"5762",2013,"KRV",1,21,9,1
"5763",2013,"KRV",0,16,9,1
"5764",2013,"KRV",0,13,9,1
"5765",2013,"KRV",0,11,9,1
"5766",2013,"KRV",0,18,9,1
"5767",2013,"KRV",1,21,9,1
"5768",2013,"KRV",0,18,9,1
"5769",2013,"KRV",1,21,9,1
"5770",2013,"KRV",0,2,9,1
"5771",2013,"KRV",0,18,9,1
"5772",2013,"KRV",1,21,9,1
"5773",2013,"KRV",0,5,9,1
"5774",2013,"KRV",0,21,9,1
"5775",2013,"KRV",0,18,9,1
"5776",2013,"KRV",0,5,9,1
"5777",2013,"KRV",1,21,9,1
"5778",2013,"KRV",1,18,9,1
"5779",2013,"KRV",0,24,9,1
"5780",2013,"KRV",0,13,9,1
"5781",2013,"KRV",0,14,9,1
"5782",2013,"KRV",0,20,9,1
"5783",2013,"KRV",0,24,9,1
"5784",2013,"KRV",0,15,9,1
"5785",2013,"KRV",0,18,9,1
"5786",2013,"KRV",0,9,9,1
"5787",2013,"KRV",0,20,9,1
"5788",2013,"KRV",0,21,9,1
"5789",2013,"KRV",1,20,9,1
"5790",2013,"KRV",0,21,9,1
"5791",2013,"KRV",0,19,9,1
"5792",2013,"KRV",0,7,9,1
"5793",2013,"KRV",1,22,9,1
"5794",2013,"KRV",0,20,9,1
"5795",2013,"KRV",0,6,9,1
"5796",2013,"KRV",0,20,9,1
"5797",2013,"KRV",0,20,9,1
"5798",2013,"KRV",0,22,9,1
"5799",2013,"KRV",0,9,9,1
"5800",2013,"KRV",0,23,9,1
"5801",2013,"KRV",0,9,9,1
"5802",2013,"KRV",0,5,9,1
"5803",2013,"KRV",0,22,9,1
"5804",2013,"KRV",0,12,9,1
"5805",2013,"KRV",0,20,9,1
"5806",2013,"KRV",0,22,9,1
"5807",2013,"KRV",0,12,9,1
"5808",2013,"KRV",1,22,9,1
"5809",2013,"KRV",0,4,9,1
"5810",2013,"KRV",0,16,9,1
"5811",2013,"KRV",0,17,9,1
"5812",2013,"KRV",0,20,9,1
"5813",2013,"KRV",0,22,9,1
"5814",2013,"KRV",0,20,9,1
"5815",2013,"KRV",0,22,9,1
"5816",2013,"KRV",1,20,9,1
"5817",2013,"KRV",1,20,9,1
"5818",2013,"KRV",0,20,9,1
"5819",2013,"KRV",1,22,9,1
"5820",2013,"KRV",1,22,9,1
"5821",2013,"KRV",0,22,9,1
"5822",2013,"KRV",1,22,9,1
"5823",2013,"KRV",1,22,9,1
"5824",2013,"KRV",1,22,9,1
"5825",2013,"KRV",1,26,9,1
"5826",2013,"KRV",0,21,9,1
"5827",2013,"KRV",1,20,9,1
"5828",2013,"KRV",0,21,9,1
"5829",2013,"KRV",1,20,9,1
"5830",2013,"KRV",0,22,9,1
"5831",2013,"KRV",0,19,9,1
"5832",2013,"KRV",1,21,9,1
"5833",2013,"KRV",0,21,9,1
"5834",2013,"KRV",0,20,9,1
"5835",2013,"KRV",0,21,9,1
"5836",2013,"KRV",0,20,9,1
"5837",2013,"KRV",1,21,9,1
"5838",2013,"KRV",0,21,9,1
"5839",2013,"KRV",1,20,9,1
"5840",2013,"KRV",1,21,9,1
"5841",2013,"KRV",0,21,9,1
"5842",2013,"KRV",0,20,9,1
"5843",2013,"KRV",1,15,9,1
"5844",2013,"KRV",0,20,9,1
"5845",2013,"KRV",0,22,9,1
"5846",2013,"KRV",0,12,9,1
"5847",2013,"KRV",0,26,9,1
"5848",2013,"KRV",0,21,9,1
"5849",2013,"KRV",0,14,9,1
"5850",2013,"KRV",0,20,9,1
"5851",2013,"KRV",0,22,9,1
"5852",2013,"KRV",0,12,9,1
"5853",2013,"KRV",0,1,9,1
"5854",2013,"KRV",0,22,9,1
"5855",2013,"KRV",0,13,9,1
"5856",2013,"KRV",0,8,9,1
"5857",2013,"KRV",0,21,9,1
"5858",2013,"KRV",0,14,9,1
"5859",2013,"KRV",0,5,9,1
"5860",2013,"KRV",0,22,9,1
"5861",2013,"KRV",0,11,9,1
"5862",2013,"KRV",0,21,9,1
"5863",2013,"KRV",0,14,9,1
"5864",2013,"KRV",0,22,9,1
"5865",2013,"KRV",1,21,9,1
"5866",2013,"KRV",0,22,9,1
"5867",2013,"KRV",0,21,9,1
"5868",2013,"KRV",0,10,9,1
"5869",2013,"KRV",1,22,9,1
"5870",2013,"KRV",1,22,9,1
"5871",2013,"KRV",0,16,9,1
"5872",2013,"KRV",0,22,9,1
"5873",2013,"KRV",1,20,9,1
"5874",2013,"KRV",1,16,9,1
"5875",2013,"KRV",1,16,9,1
"5876",2013,"KRV",0,24,9,1
"5877",2013,"KRV",0,21,9,1
"5878",2013,"KRV",1,20,9,1
"5879",2013,"KRV",1,24,9,1
"5880",2013,"KRV",1,21,9,1
"5881",2013,"KRV",0,22,9,1
"5882",2013,"KRV",0,21,9,1
"5883",2013,"KRV",0,22,9,1
"5884",2013,"KRV",0,21,9,1
"5885",2013,"KRV",0,22,9,1
"5886",2013,"KRV",0,21,9,1
"5887",2013,"KRV",0,24,9,1
"5888",2013,"KRV",0,21,9,1
"5889",2013,"KRV",0,17,9,1
"5890",2013,"KRV",1,24,9,1
"5891",2013,"KRV",0,21,9,1
"5892",2013,"KRV",1,18,9,1
"5893",2013,"KRV",1,21,9,1
"5894",2013,"KRV",1,21,9,1
"5895",2013,"KRV",0,18,9,1
"5896",2013,"KRV",0,20,9,1
"5897",2013,"KRV",0,10,9,1
"5898",2013,"KRV",0,20,9,1
"5899",2013,"KRV",1,23,9,1
"5900",2013,"KRV",0,23,9,1
"5901",2013,"KRV",1,21,9,1
"5902",2013,"KRV",1,22,9,1
"5903",2013,"KRV",0,22,9,1
"5904",2013,"KRV",0,21,9,1
"5905",2013,"KRV",0,16,9,1
"5906",2013,"KRV",0,22,9,1
"5907",2013,"KRV",1,14,9,1
"5908",2013,"KRV",0,22,9,1
"5909",2013,"KRV",1,21,9,1
"5910",2013,"KRV",1,22,9,1
"5911",2013,"KRV",0,22,9,1
"5912",2013,"KRV",0,21,9,1
"5913",2013,"KRV",0,4,9,1
"5914",2013,"KRV",0,12,9,1
"5915",2013,"KRV",0,22,9,1
"5916",2013,"KRV",0,21,9,1
"5917",2013,"KRV",1,16,9,1
"5918",2013,"KRV",1,21,9,1
"5919",2013,"KRV",0,21,9,1
"5920",2013,"KRV",0,11,9,1
"5921",2013,"KRV",0,21,9,1
"5922",2013,"KRV",1,20,9,1
"5923",2013,"KRV",1,20,9,1
"5924",2013,"KRV",0,20,9,1
"5925",2013,"KRV",1,16,9,1
"5926",2013,"KRV",1,20,9,1
"5927",2013,"KRV",0,20,9,1
"5928",2013,"KRV",0,5,9,1
"5929",2013,"KRV",0,16,9,1
"5930",2013,"KRV",1,22,9,1
"5931",2013,"KRV",0,20,9,1
"5932",2013,"KRV",0,20,9,1
"5933",2013,"KRV",0,22,9,1
"5934",2013,"KRV",1,20,9,1
"5935",2013,"KRV",0,23,9,1
"5936",2013,"KRV",0,14,9,1
"5937",2013,"KRV",0,7,9,1
"5938",2013,"KRV",1,22,9,1
"5939",2013,"KRV",1,22,9,1
"5940",2013,"KRV",0,22,9,1
"5941",2013,"KRV",1,8,9,1
"5942",2013,"KRV",0,22,9,1
"5943",2013,"KRV",0,18,9,1
"5944",2013,"KRV",0,16,9,1
"5945",2013,"KRV",0,22,9,1
"5946",2013,"KRV",0,18,9,1
"5947",2013,"KRV",1,16,9,1
"5948",2013,"KRV",0,16,9,1
"5949",2013,"KRV",0,22,9,1
"5950",2013,"KRV",0,22,9,1
"5951",2013,"KRV",1,18,9,1
"5952",2013,"KRV",0,16,9,1
"5953",2013,"KRV",1,22,9,1
"5954",2013,"KRV",0,16,9,1
"5955",2013,"KRV",1,11,9,1
"5956",2013,"KRV",1,21,9,1
"5957",2013,"KRV",0,10,9,1
"5958",2013,"KRV",1,22,9,1
"5959",2013,"KRV",0,22,9,1
"5960",2013,"KRV",0,22,9,1
"5961",2013,"KRV",0,8,9,1
"5962",2013,"KRV",0,28,9,1
"5963",2013,"KRV",1,19,9,1
"5964",2013,"KRV",1,16,9,1
"5965",2013,"KRV",1,22,9,1
"5966",2013,"KRV",0,16,9,1
"5967",2013,"KRV",0,14,9,1
"5968",2013,"KRV",0,22,9,1
"5969",2013,"KRV",1,21,9,1
"5970",2013,"KRV",0,22,9,1
"5971",2013,"KRV",0,21,9,1
"5972",2013,"KRV",0,16,9,1
"5973",2013,"KRV",0,14,9,1
"5974",2013,"KRV",1,22,9,1
"5975",2013,"KRV",0,22,9,1
"5976",2013,"OKEE",0,25,4,1
"5977",2013,"OKEE",0,24,4,1
"5978",2013,"OKEE",0,21,4,1
"5979",2013,"OKEE",1,25,4,1
"5980",2013,"OKEE",1,21,4,1
"5981",2013,"OKEE",0,26,4,1
"5982",2013,"OKEE",0,21,4,1
"5983",2013,"OKEE",1,17,4,1
"5984",2013,"OKEE",0,26,4,1
"5985",2013,"OKEE",0,21,4,1
"5986",2013,"OKEE",0,9,4,1
"5987",2013,"OKEE",0,26,4,1
"5988",2013,"OKEE",0,21,4,1
"5989",2013,"OKEE",1,26,4,1
"5990",2013,"OKEE",1,24,4,1
"5991",2013,"OKEE",0,24,4,1
"5992",2013,"OKEE",1,24,4,1
"5993",2013,"OKEE",1,24,4,1
"5994",2013,"OKEE",0,21,4,1
"5995",2013,"OKEE",0,21,4,1
"5996",2013,"OKEE",0,17,4,1
"5997",2013,"OKEE",1,17,4,1
"5998",2013,"OKEE",1,21,4,1
"5999",2013,"OKEE",0,21,4,1
"6000",2013,"OKEE",1,17,4,1
"6001",2013,"OKEE",1,21,4,1
"6002",2013,"OKEE",0,17,4,1
"6003",2013,"OKEE",0,16,4,1
"6004",2013,"OKEE",0,5,4,1
"6005",2013,"OKEE",0,21,4,1
"6006",2013,"OKEE",0,24,4,1
"6007",2013,"OKEE",0,24,4,1
"6008",2013,"OKEE",1,20,4,1
"6009",2013,"OKEE",1,20,4,1
"6010",2013,"OKEE",0,20,4,1
"6011",2013,"OKEE",0,25,4,1
"6012",2013,"OKEE",0,12,4,1
"6013",2013,"OKEE",0,20,4,1
"6014",2013,"OKEE",0,24,4,1
"6015",2013,"OKEE",1,21,4,1
"6016",2013,"OKEE",0,17,4,1
"6017",2013,"OKEE",0,17,4,1
"6018",2013,"OKEE",0,26,4,1
"6019",2013,"OKEE",1,28,4,1
"6020",2013,"OKEE",0,28,4,1
"6021",2013,"OKEE",0,12,4,1
"6022",2013,"OKEE",0,8,4,1
"6023",2013,"OKEE",1,27,4,1
"6024",2013,"OKEE",0,20,4,1
"6025",2013,"OKEE",1,24,4,1
"6026",2013,"OKEE",0,27,4,1
"6027",2013,"OKEE",0,20,4,1
"6028",2013,"OKEE",0,22,4,1
"6029",2013,"OKEE",1,28,4,1
"6030",2013,"OKEE",1,20,4,1
"6031",2013,"OKEE",0,28,4,1
"6032",2013,"OKEE",1,20,4,1
"6033",2013,"OKEE",1,28,4,1
"6034",2013,"OKEE",0,20,4,1
"6035",2013,"OKEE",0,24,4,1
"6036",2013,"OKEE",1,21,4,1
"6037",2013,"OKEE",1,21,4,1
"6038",2013,"OKEE",0,21,4,1
"6039",2013,"OKEE",1,16,4,1
"6040",2013,"OKEE",1,21,4,1
"6041",2013,"OKEE",0,19,4,1
"6042",2013,"OKEE",1,16,4,1
"6043",2013,"OKEE",0,17,4,1
"6044",2013,"OKEE",1,21,4,1
"6045",2013,"OKEE",0,16,4,1
"6046",2013,"OKEE",0,21,4,1
"6047",2013,"OKEE",0,17,4,1
"6048",2013,"OKEE",0,12,4,1
"6049",2013,"OKEE",1,21,4,1
"6050",2013,"OKEE",1,21,4,1
"6051",2013,"OKEE",0,21,4,1
"6052",2013,"OKEE",0,17,4,1
"6053",2013,"OKEE",0,21,4,1
"6054",2013,"OKEE",1,17,4,1
"6055",2013,"OKEE",0,21,4,1
"6056",2013,"OKEE",0,17,4,1
"6057",2013,"OKEE",0,11,4,1
"6058",2013,"OKEE",0,10,4,1
"6059",2013,"OKEE",1,17,4,1
"6060",2013,"OKEE",0,17,4,1
"6061",2013,"OKEE",0,21,4,1
"6062",2013,"OKEE",0,11,4,1
"6063",2013,"OKEE",0,21,4,1
"6064",2013,"OKEE",1,19,4,1
"6065",2013,"OKEE",0,21,4,1
"6066",2013,"OKEE",0,19,4,1
"6067",2013,"OKEE",1,17,4,1
"6068",2013,"OKEE",0,23,4,1
"6069",2013,"OKEE",0,15,4,1
"6070",2013,"OKEE",1,25,4,1
"6071",2013,"OKEE",0,17,4,1
"6072",2013,"OKEE",0,15,4,1
"6073",2013,"OKEE",0,6,4,1
"6074",2013,"OKEE",0,17,4,1
"6075",2013,"OKEE",1,21,4,1
"6076",2013,"OKEE",0,17,4,1
"6077",2013,"OKEE",1,21,4,1
"6078",2013,"OKEE",0,17,4,1
"6079",2013,"OKEE",1,21,4,1
"6080",2013,"OKEE",0,17,4,1
"6081",2013,"OKEE",0,21,4,1
"6082",2013,"OKEE",1,25,4,1
"6083",2013,"OKEE",1,14,4,1
"6084",2013,"OKEE",0,24,4,1
"6085",2013,"OKEE",0,24,4,1
"6086",2013,"OKEE",0,5,4,1
"6087",2013,"OKEE",0,15,4,1
"6088",2013,"OKEE",0,7,4,1
"6089",2013,"OKEE",0,21,4,1
"6090",2013,"OKEE",0,21,4,1
"6091",2013,"OKEE",0,19,4,1
"6092",2013,"OKEE",1,27,4,1
"6093",2013,"OKEE",0,25,4,1
"6094",2013,"OKEE",1,20,4,1
"6095",2013,"OKEE",0,25,4,1
"6096",2013,"OKEE",0,20,4,1
"6097",2013,"OKEE",0,7,4,1
"6098",2013,"OKEE",0,18,4,1
"6099",2013,"OKEE",0,8,4,1
"6100",2013,"OKEE",0,25,4,1
"6101",2013,"OKEE",0,18,4,1
"6102",2013,"OKEE",0,25,4,1
"6103",2013,"OKEE",0,18,4,1
"6104",2013,"OKEE",0,21,4,1
"6105",2013,"OKEE",1,19,4,1
"6106",2013,"OKEE",0,27,4,1
"6107",2013,"OKEE",0,7,4,1
"6108",2013,"OKEE",1,20,4,1
"6109",2013,"OKEE",1,20,4,1
"6110",2013,"OKEE",0,20,4,1
"6111",2013,"OKEE",1,7,4,1
"6112",2013,"OKEE",1,21,4,1
"6113",2013,"OKEE",0,18,4,1
"6114",2013,"OKEE",1,21,4,1
"6115",2013,"OKEE",0,18,4,1
"6116",2013,"OKEE",1,21,4,1
"6117",2013,"OKEE",1,18,4,1
"6118",2013,"OKEE",1,21,4,1
"6119",2013,"OKEE",0,18,4,1
"6120",2013,"OKEE",1,21,4,1
"6121",2013,"OKEE",0,16,4,1
"6122",2013,"OKEE",0,20,4,1
"6123",2013,"OKEE",0,21,4,1
"6124",2013,"OKEE",0,21,4,1
"6125",2013,"SJM",0,22,-1,0
"6126",2013,"SJM",0,13,-1,0
"6127",2013,"SJM",1,22,-1,0
"6128",2014,"EAST",0,21,-1,0
"6129",2014,"EAST",1,21,-1,0
"6130",2014,"EAST",0,23,-1,0
"6131",2014,"EAST",0,21,-1,0
"6132",2014,"EAST",0,21,-1,0
"6133",2014,"EAST",0,21,-1,0
"6134",2014,"EAST",0,16,-1,0
"6135",2014,"EAST",0,20,-1,0
"6136",2014,"EAST",0,9,-1,0
"6137",2014,"EAST",0,22,-1,0
"6138",2014,"EAST",0,11,-1,0
"6139",2014,"EAST",1,20,-1,0
"6140",2014,"EAST",0,4,-1,0
"6141",2014,"EAST",0,7,-1,0
"6142",2014,"EAST",0,22,-1,0
"6143",2014,"EAST",0,17,-1,0
"6144",2014,"EAST",0,21,-1,0
"6145",2014,"EAST",0,20,-1,0
"6146",2014,"EAST",0,21,-1,0
"6147",2014,"EAST",0,12,-1,0
"6148",2014,"EAST",0,22,-1,0
"6149",2014,"EAST",0,20,-1,0
"6150",2014,"EVER",0,7,2,1
"6151",2014,"EVER",0,27,2,1
"6152",2014,"EVER",0,20,2,1
"6153",2014,"EVER",1,4,2,1
"6154",2014,"EVER",0,4,2,1
"6155",2014,"EVER",1,12,2,1
"6156",2014,"EVER",1,20,2,1
"6157",2014,"EVER",0,15,2,1
"6158",2014,"EVER",0,21,2,1
"6159",2014,"EVER",0,20,2,1
"6160",2014,"EVER",1,10,2,1
"6161",2014,"EVER",0,21,2,1
"6162",2014,"EVER",0,11,2,1
"6163",2014,"EVER",0,7,2,1
"6164",2014,"EVER",0,15,2,1
"6165",2014,"EVER",0,13,2,1
"6166",2014,"EVER",0,21,2,1
"6167",2014,"EVER",0,13,2,1
"6168",2014,"EVER",0,21,2,1
"6169",2014,"EVER",0,2,2,1
"6170",2014,"EVER",0,9,2,1
"6171",2014,"EVER",0,21,2,1
"6172",2014,"EVER",0,21,2,1
"6173",2014,"EVER",0,21,2,1
"6174",2014,"EVER",0,6,2,1
"6175",2014,"EVER",0,4,2,1
"6176",2014,"EVER",1,21,2,1
"6177",2014,"EVER",0,8,2,1
"6178",2014,"EVER",0,21,2,1
"6179",2014,"EVER",1,14,2,1
"6180",2014,"EVER",1,21,2,1
"6181",2014,"EVER",0,8,2,1
"6182",2014,"EVER",0,20,2,1
"6183",2014,"EVER",0,18,2,1
"6184",2014,"EVER",0,7,2,1
"6185",2014,"EVER",1,7,2,1
"6186",2014,"EVER",0,9,2,1
"6187",2014,"EVER",0,11,2,1
"6188",2014,"EVER",0,6,2,1
"6189",2014,"EVER",0,4,2,1
"6190",2014,"EVER",0,9,2,1
"6191",2014,"EVER",1,5,2,1
"6192",2014,"EVER",1,4,2,1
"6193",2014,"EVER",0,17,2,1
"6194",2014,"EVER",0,4,2,1
"6195",2014,"EVER",0,11,2,1
"6196",2014,"EVER",1,12,2,1
"6197",2014,"EVER",0,5,2,1
"6198",2014,"EVER",0,24,2,1
"6199",2014,"EVER",0,3,2,1
"6200",2014,"EVER",0,8,2,1
"6201",2014,"EVER",0,3,2,1
"6202",2014,"EVER",1,11,2,1
"6203",2014,"EVER",0,16,2,1
"6204",2014,"EVER",0,4,2,1
"6205",2014,"EVER",0,21,2,1
"6206",2014,"EVER",1,21,2,1
"6207",2014,"EVER",0,21,2,1
"6208",2014,"EVER",0,20,2,1
"6209",2014,"EVER",1,21,2,1
"6210",2014,"EVER",0,13,2,1
"6211",2014,"EVER",0,21,2,1
"6212",2014,"EVER",1,21,2,1
"6213",2014,"EVER",0,11,2,1
"6214",2014,"EVER",0,24,2,1
"6215",2014,"EVER",0,26,2,1
"6216",2014,"EVER",0,20,2,1
"6217",2014,"EVER",1,27,2,1
"6218",2014,"EVER",1,21,2,1
"6219",2014,"EVER",0,12,2,1
"6220",2014,"EVER",0,22,2,1
"6221",2014,"EVER",1,20,2,1
"6222",2014,"EVER",0,10,2,1
"6223",2014,"EVER",0,21,2,1
"6224",2014,"EVER",0,20,2,1
"6225",2014,"EVER",0,8,2,1
"6226",2014,"EVER",1,21,2,1
"6227",2014,"EVER",0,5,2,1
"6228",2014,"EVER",1,10,2,1
"6229",2014,"EVER",0,27,2,1
"6230",2014,"EVER",0,7,2,1
"6231",2014,"EVER",0,8,2,1
"6232",2014,"EVER",0,27,2,1
"6233",2014,"EVER",0,27,2,1
"6234",2014,"EVER",0,27,2,1
"6235",2014,"EVER",1,15,2,1
"6236",2014,"EVER",1,27,2,1
"6237",2014,"EVER",0,9,2,1
"6238",2014,"EVER",0,18,2,1
"6239",2014,"EVER",0,20,2,1
"6240",2014,"EVER",0,15,2,1
"6241",2014,"EVER",0,27,2,1
"6242",2014,"EVER",0,7,2,1
"6243",2014,"EVER",0,20,2,1
"6244",2014,"EVER",0,17,2,1
"6245",2014,"EVER",1,13,2,1
"6246",2014,"EVER",0,20,2,1
"6247",2014,"EVER",1,17,2,1
"6248",2014,"EVER",1,13,2,1
"6249",2014,"EVER",1,14,2,1
"6250",2014,"EVER",0,8,2,1
"6251",2014,"EVER",0,20,2,1
"6252",2014,"EVER",1,22,2,1
"6253",2014,"EVER",0,2,2,1
"6254",2014,"EVER",0,8,2,1
"6255",2014,"EVER",0,9,2,1
"6256",2014,"EVER",0,20,2,1
"6257",2014,"EVER",0,17,2,1
"6258",2014,"EVER",0,20,2,1
"6259",2014,"EVER",1,17,2,1
"6260",2014,"EVER",0,21,2,1
"6261",2014,"EVER",0,12,2,1
"6262",2014,"EVER",0,21,2,1
"6263",2014,"EVER",0,11,2,1
"6264",2014,"EVER",0,25,2,1
"6265",2014,"EVER",1,17,2,1
"6266",2014,"EVER",0,20,2,1
"6267",2014,"EVER",0,20,2,1
"6268",2014,"EVER",0,17,2,1
"6269",2014,"EVER",0,5,2,1
"6270",2014,"EVER",0,20,2,1
"6271",2014,"EVER",0,17,2,1
"6272",2014,"EVER",1,5,2,1
"6273",2014,"EVER",0,21,2,1
"6274",2014,"EVER",1,20,2,1
"6275",2014,"EVER",0,20,2,1
"6276",2014,"EVER",0,17,2,1
"6277",2014,"EVER",0,5,2,1
"6278",2014,"EVER",0,8,2,1
"6279",2014,"EVER",0,20,2,1
"6280",2014,"EVER",1,12,2,1
"6281",2014,"EVER",0,13,2,1
"6282",2014,"EVER",0,20,2,1
"6283",2014,"EVER",0,17,2,1
"6284",2014,"EVER",0,5,2,1
"6285",2014,"EVER",0,20,2,1
"6286",2014,"EVER",1,17,2,1
"6287",2014,"EVER",0,20,2,1
"6288",2014,"EVER",0,17,2,1
"6289",2014,"EVER",0,13,2,1
"6290",2014,"EVER",0,10,2,1
"6291",2014,"EVER",0,12,2,1
"6292",2014,"EVER",0,17,2,1
"6293",2014,"EVER",0,13,2,1
"6294",2014,"EVER",1,12,2,1
"6295",2014,"EVER",0,13,2,1
"6296",2014,"EVER",0,13,2,1
"6297",2014,"EVER",0,12,2,1
"6298",2014,"EVER",0,17,2,1
"6299",2014,"EVER",0,23,2,1
"6300",2014,"EVER",0,20,2,1
"6301",2014,"EVER",0,17,2,1
"6302",2014,"EVER",0,13,2,1
"6303",2014,"EVER",0,20,2,1
"6304",2014,"EVER",0,17,2,1
"6305",2014,"EVER",0,20,2,1
"6306",2014,"EVER",0,8,2,1
"6307",2014,"EVER",0,4,2,1
"6308",2014,"EVER",0,3,2,1
"6309",2014,"EVER",0,4,2,1
"6310",2014,"EVER",0,1,2,1
"6311",2014,"EVER",0,17,2,1
"6312",2014,"EVER",0,13,2,1
"6313",2014,"EVER",0,10,2,1
"6314",2014,"EVER",0,17,2,1
"6315",2014,"EVER",0,8,2,1
"6316",2014,"EVER",0,22,2,1
"6317",2014,"EVER",1,17,2,1
"6318",2014,"EVER",0,17,2,1
"6319",2014,"EVER",0,13,2,1
"6320",2014,"EVER",0,17,2,1
"6321",2014,"EVER",1,8,2,1
"6322",2014,"EVER",0,17,2,1
"6323",2014,"EVER",0,5,2,1
"6324",2014,"EVER",0,17,2,1
"6325",2014,"EVER",0,5,2,1
"6326",2014,"EVER",0,17,2,1
"6327",2014,"EVER",0,13,2,1
"6328",2014,"EVER",0,21,2,1
"6329",2014,"EVER",0,9,2,1
"6330",2014,"EVER",0,12,2,1
"6331",2014,"EVER",1,21,2,1
"6332",2014,"EVER",0,21,2,1
"6333",2014,"EVER",0,9,2,1
"6334",2014,"EVER",0,12,2,1
"6335",2014,"EVER",0,21,2,1
"6336",2014,"EVER",0,9,2,1
"6337",2014,"EVER",0,12,2,1
"6338",2014,"EVER",0,21,2,1
"6339",2014,"EVER",1,21,2,1
"6340",2014,"EVER",0,27,2,1
"6341",2014,"EVER",0,17,2,1
"6342",2014,"EVER",0,13,2,1
"6343",2014,"EVER",0,10,2,1
"6344",2014,"EVER",1,17,2,1
"6345",2014,"EVER",0,4,2,1
"6346",2014,"EVER",0,5,2,1
"6347",2014,"EVER",1,17,2,1
"6348",2014,"EVER",1,10,2,1
"6349",2014,"EVER",0,22,2,1
"6350",2014,"EVER",0,5,2,1
"6351",2014,"EVER",0,27,2,1
"6352",2014,"EVER",0,22,2,1
"6353",2014,"EVER",0,5,2,1
"6354",2014,"EVER",0,13,2,1
"6355",2014,"EVER",0,11,2,1
"6356",2014,"EVER",0,12,2,1
"6357",2014,"EVER",0,12,2,1
"6358",2014,"EVER",0,11,2,1
"6359",2014,"EVER",1,13,2,1
"6360",2014,"EVER",0,11,2,1
"6361",2014,"EVER",0,12,2,1
"6362",2014,"EVER",0,12,2,1
"6363",2014,"EVER",0,11,2,1
"6364",2014,"EVER",0,13,2,1
"6365",2014,"EVER",0,11,2,1
"6366",2014,"EVER",0,12,2,1
"6367",2014,"EVER",0,8,2,1
"6368",2014,"EVER",0,13,2,1
"6369",2014,"EVER",0,20,2,1
"6370",2014,"EVER",0,8,2,1
"6371",2014,"EVER",0,8,2,1
"6372",2014,"EVER",1,13,2,1
"6373",2014,"EVER",0,11,2,1
"6374",2014,"EVER",0,11,2,1
"6375",2014,"EVER",1,12,2,1
"6376",2014,"EVER",1,11,2,1
"6377",2014,"EVER",0,11,2,1
"6378",2014,"EVER",0,12,2,1
"6379",2014,"EVER",0,8,2,1
"6380",2014,"EVER",0,11,2,1
"6381",2014,"EVER",0,13,2,1
"6382",2014,"EVER",0,11,2,1
"6383",2014,"EVER",0,12,2,1
"6384",2014,"EVER",1,12,2,1
"6385",2014,"EVER",0,13,2,1
"6386",2014,"EVER",0,11,2,1
"6387",2014,"EVER",0,12,2,1
"6388",2014,"EVER",1,8,2,1
"6389",2014,"EVER",0,13,2,1
"6390",2014,"EVER",0,11,2,1
"6391",2014,"EVER",1,12,2,1
"6392",2014,"EVER",0,13,2,1
"6393",2014,"EVER",0,11,2,1
"6394",2014,"EVER",0,13,2,1
"6395",2014,"EVER",0,11,2,1
"6396",2014,"EVER",1,12,2,1
"6397",2014,"EVER",0,10,2,1
"6398",2014,"EVER",0,8,2,1
"6399",2014,"EVER",0,10,2,1
"6400",2014,"EVER",0,17,2,1
"6401",2014,"EVER",0,11,2,1
"6402",2014,"EVER",1,7,2,1
"6403",2014,"EVER",1,13,2,1
"6404",2014,"EVER",0,13,2,1
"6405",2014,"EVER",0,11,2,1
"6406",2014,"EVER",0,12,2,1
"6407",2014,"EVER",0,12,2,1
"6408",2014,"EVER",0,13,2,1
"6409",2014,"EVER",0,11,2,1
"6410",2014,"EVER",0,12,2,1
"6411",2014,"EVER",0,8,2,1
"6412",2014,"EVER",0,4,2,1
"6413",2014,"EVER",0,13,2,1
"6414",2014,"EVER",0,11,2,1
"6415",2014,"EVER",1,12,2,1
"6416",2014,"EVER",0,13,2,1
"6417",2014,"EVER",0,11,2,1
"6418",2014,"EVER",0,7,2,1
"6419",2014,"EVER",0,17,2,1
"6420",2014,"EVER",0,15,2,1
"6421",2014,"EVER",0,20,2,1
"6422",2014,"EVER",0,22,2,1
"6423",2014,"EVER",0,26,2,1
"6424",2014,"EVER",0,7,2,1
"6425",2014,"EVER",0,5,2,1
"6426",2014,"EVER",0,8,2,1
"6427",2014,"EVER",0,27,2,1
"6428",2014,"EVER",0,13,2,1
"6429",2014,"EVER",0,10,2,1
"6430",2014,"EVER",1,17,2,1
"6431",2014,"EVER",0,13,2,1
"6432",2014,"EVER",0,10,2,1
"6433",2014,"EVER",0,17,2,1
"6434",2014,"EVER",0,13,2,1
"6435",2014,"EVER",0,11,2,1
"6436",2014,"EVER",0,13,2,1
"6437",2014,"EVER",1,12,2,1
"6438",2014,"EVER",0,17,2,1
"6439",2014,"EVER",0,13,2,1
"6440",2014,"EVER",0,11,2,1
"6441",2014,"EVER",0,13,2,1
"6442",2014,"EVER",0,11,2,1
"6443",2014,"EVER",0,13,2,1
"6444",2014,"EVER",0,11,2,1
"6445",2014,"EVER",0,12,2,1
"6446",2014,"EVER",0,8,2,1
"6447",2014,"EVER",0,17,2,1
"6448",2014,"EVER",0,13,2,1
"6449",2014,"EVER",0,11,2,1
"6450",2014,"EVER",0,7,2,1
"6451",2014,"EVER",0,17,2,1
"6452",2014,"EVER",0,13,2,1
"6453",2014,"EVER",0,11,2,1
"6454",2014,"EVER",0,12,2,1
"6455",2014,"EVER",0,17,2,1
"6456",2014,"EVER",0,13,2,1
"6457",2014,"EVER",1,10,2,1
"6458",2014,"EVER",0,17,2,1
"6459",2014,"EVER",1,13,2,1
"6460",2014,"EVER",0,13,2,1
"6461",2014,"EVER",0,11,2,1
"6462",2014,"EVER",0,12,2,1
"6463",2014,"EVER",1,8,2,1
"6464",2014,"EVER",1,17,2,1
"6465",2014,"EVER",0,17,2,1
"6466",2014,"EVER",0,13,2,1
"6467",2014,"EVER",0,11,2,1
"6468",2014,"EVER",0,17,2,1
"6469",2014,"EVER",0,17,2,1
"6470",2014,"EVER",1,13,2,1
"6471",2014,"EVER",0,17,2,1
"6472",2014,"EVER",0,13,2,1
"6473",2014,"EVER",0,11,2,1
"6474",2014,"EVER",0,17,2,1
"6475",2014,"EVER",0,13,2,1
"6476",2014,"EVER",0,11,2,1
"6477",2014,"EVER",0,11,2,1
"6478",2014,"EVER",0,12,2,1
"6479",2014,"EVER",0,21,2,1
"6480",2014,"EVER",0,20,2,1
"6481",2014,"EVER",1,12,2,1
"6482",2014,"EVER",0,17,2,1
"6483",2014,"EVER",0,13,2,1
"6484",2014,"EVER",0,11,2,1
"6485",2014,"EVER",1,7,2,1
"6486",2014,"EVER",0,17,2,1
"6487",2014,"EVER",0,13,2,1
"6488",2014,"EVER",0,11,2,1
"6489",2014,"EVER",0,7,2,1
"6490",2014,"EVER",0,17,2,1
"6491",2014,"EVER",1,13,2,1
"6492",2014,"EVER",0,9,2,1
"6493",2014,"EVER",1,10,2,1
"6494",2014,"EVER",0,16,2,1
"6495",2014,"EVER",1,15,2,1
"6496",2014,"EVER",0,13,2,1
"6497",2014,"EVER",0,10,2,1
"6498",2014,"EVER",0,10,2,1
"6499",2014,"EVER",0,17,2,1
"6500",2014,"EVER",0,17,2,1
"6501",2014,"EVER",0,13,2,1
"6502",2014,"EVER",1,5,2,1
"6503",2014,"EVER",0,17,2,1
"6504",2014,"KRV",0,21,10,1
"6505",2014,"KRV",1,14,10,1
"6506",2014,"KRV",0,21,10,1
"6507",2014,"KRV",0,14,10,1
"6508",2014,"KRV",0,7,10,1
"6509",2014,"KRV",0,2,10,1
"6510",2014,"KRV",1,21,10,1
"6511",2014,"KRV",1,21,10,1
"6512",2014,"KRV",1,20,10,1
"6513",2014,"KRV",1,20,10,1
"6514",2014,"KRV",0,18,10,1
"6515",2014,"KRV",1,21,10,1
"6516",2014,"KRV",1,21,10,1
"6517",2014,"KRV",1,19,10,1
"6518",2014,"KRV",0,20,10,1
"6519",2014,"KRV",0,12,10,1
"6520",2014,"KRV",0,21,10,1
"6521",2014,"KRV",1,21,10,1
"6522",2014,"KRV",0,21,10,1
"6523",2014,"KRV",0,21,10,1
"6524",2014,"KRV",1,21,10,1
"6525",2014,"KRV",1,21,10,1
"6526",2014,"KRV",0,21,10,1
"6527",2014,"KRV",1,22,10,1
"6528",2014,"KRV",0,21,10,1
"6529",2014,"KRV",0,20,10,1
"6530",2014,"KRV",0,20,10,1
"6531",2014,"KRV",1,21,10,1
"6532",2014,"KRV",1,11,10,1
"6533",2014,"KRV",1,22,10,1
"6534",2014,"KRV",0,13,10,1
"6535",2014,"KRV",0,8,10,1
"6536",2014,"KRV",0,11,10,1
"6537",2014,"KRV",0,13,10,1
"6538",2014,"KRV",0,14,10,1
"6539",2014,"KRV",1,9,10,1
"6540",2014,"KRV",0,11,10,1
"6541",2014,"KRV",1,21,10,1
"6542",2014,"KRV",1,20,10,1
"6543",2014,"KRV",0,22,10,1
"6544",2014,"KRV",0,14,10,1
"6545",2014,"KRV",0,21,10,1
"6546",2014,"KRV",1,8,10,1
"6547",2014,"KRV",0,21,10,1
"6548",2014,"KRV",0,19,10,1
"6549",2014,"KRV",1,21,10,1
"6550",2014,"KRV",0,21,10,1
"6551",2014,"KRV",1,21,10,1
"6552",2014,"KRV",1,21,10,1
"6553",2014,"KRV",0,20,10,1
"6554",2014,"KRV",1,21,10,1
"6555",2014,"KRV",0,12,10,1
"6556",2014,"KRV",0,21,10,1
"6557",2014,"KRV",1,23,10,1
"6558",2014,"KRV",1,21,10,1
"6559",2014,"KRV",0,21,10,1
"6560",2014,"KRV",0,19,10,1
"6561",2014,"KRV",0,2,10,1
"6562",2014,"KRV",1,14,10,1
"6563",2014,"KRV",1,9,10,1
"6564",2014,"KRV",1,21,10,1
"6565",2014,"KRV",1,21,10,1
"6566",2014,"KRV",1,21,10,1
"6567",2014,"KRV",0,13,10,1
"6568",2014,"KRV",0,11,10,1
"6569",2014,"KRV",0,28,10,1
"6570",2014,"KRV",1,21,10,1
"6571",2014,"KRV",0,11,10,1
"6572",2014,"KRV",0,20,10,1
"6573",2014,"KRV",0,21,10,1
"6574",2014,"KRV",0,21,10,1
"6575",2014,"KRV",0,21,10,1
"6576",2014,"KRV",1,15,10,1
"6577",2014,"KRV",1,21,10,1
"6578",2014,"KRV",1,21,10,1
"6579",2014,"KRV",0,21,10,1
"6580",2014,"KRV",1,21,10,1
"6581",2014,"KRV",0,21,10,1
"6582",2014,"KRV",1,21,10,1
"6583",2014,"KRV",0,11,10,1
"6584",2014,"KRV",1,13,10,1
"6585",2014,"KRV",0,21,10,1
"6586",2014,"KRV",1,21,10,1
"6587",2014,"KRV",0,19,10,1
"6588",2014,"KRV",0,2,10,1
"6589",2014,"KRV",1,11,10,1
"6590",2014,"KRV",1,21,10,1
"6591",2014,"KRV",1,21,10,1
"6592",2014,"KRV",0,21,10,1
"6593",2014,"KRV",0,16,10,1
"6594",2014,"KRV",0,21,10,1
"6595",2014,"KRV",0,21,10,1
"6596",2014,"KRV",0,2,10,1
"6597",2014,"KRV",0,21,10,1
"6598",2014,"KRV",0,19,10,1
"6599",2014,"KRV",1,21,10,1
"6600",2014,"KRV",1,21,10,1
"6601",2014,"KRV",0,11,10,1
"6602",2014,"KRV",1,20,10,1
"6603",2014,"KRV",1,21,10,1
"6604",2014,"KRV",0,21,10,1
"6605",2014,"KRV",0,19,10,1
"6606",2014,"KRV",0,2,10,1
"6607",2014,"KRV",0,21,10,1
"6608",2014,"KRV",0,22,10,1
"6609",2014,"KRV",0,21,10,1
"6610",2014,"KRV",1,21,10,1
"6611",2014,"KRV",0,21,10,1
"6612",2014,"KRV",0,21,10,1
"6613",2014,"KRV",0,9,10,1
"6614",2014,"KRV",0,11,10,1
"6615",2014,"KRV",0,21,10,1
"6616",2014,"KRV",1,21,10,1
"6617",2014,"KRV",1,20,10,1
"6618",2014,"KRV",1,20,10,1
"6619",2014,"KRV",0,22,10,1
"6620",2014,"KRV",1,14,10,1
"6621",2014,"KRV",1,28,10,1
"6622",2014,"KRV",0,15,10,1
"6623",2014,"KRV",0,19,10,1
"6624",2014,"KRV",0,2,10,1
"6625",2014,"KRV",0,21,10,1
"6626",2014,"KRV",0,5,10,1
"6627",2014,"KRV",0,11,10,1
"6628",2014,"KRV",0,13,10,1
"6629",2014,"KRV",0,13,10,1
"6630",2014,"KRV",0,11,10,1
"6631",2014,"KRV",1,14,10,1
"6632",2014,"KRV",0,18,10,1
"6633",2014,"KRV",0,12,10,1
"6634",2014,"KRV",0,23,10,1
"6635",2014,"KRV",1,14,10,1
"6636",2014,"KRV",0,21,10,1
"6637",2014,"KRV",0,21,10,1
"6638",2014,"KRV",1,22,10,1
"6639",2014,"KRV",0,21,10,1
"6640",2014,"KRV",0,22,10,1
"6641",2014,"KRV",1,14,10,1
"6642",2014,"KRV",0,21,10,1
"6643",2014,"KRV",0,14,10,1
"6644",2014,"KRV",1,21,10,1
"6645",2014,"KRV",0,28,10,1
"6646",2014,"KRV",1,21,10,1
"6647",2014,"KRV",1,21,10,1
"6648",2014,"KRV",1,22,10,1
"6649",2014,"KRV",1,21,10,1
"6650",2014,"KRV",1,6,10,1
"6651",2014,"KRV",0,10,10,1
"6652",2014,"KRV",0,21,10,1
"6653",2014,"KRV",1,13,10,1
"6654",2014,"KRV",0,21,10,1
"6655",2014,"KRV",0,21,10,1
"6656",2014,"KRV",1,14,10,1
"6657",2014,"KRV",0,5,10,1
"6658",2014,"KRV",0,21,10,1
"6659",2014,"KRV",0,13,10,1
"6660",2014,"KRV",1,19,10,1
"6661",2014,"KRV",0,2,10,1
"6662",2014,"KRV",0,13,10,1
"6663",2014,"KRV",0,20,10,1
"6664",2014,"KRV",1,21,10,1
"6665",2014,"KRV",1,20,10,1
"6666",2014,"KRV",1,14,10,1
"6667",2014,"KRV",0,20,10,1
"6668",2014,"KRV",0,8,10,1
"6669",2014,"KRV",0,21,10,1
"6670",2014,"KRV",0,13,10,1
"6671",2014,"KRV",1,21,10,1
"6672",2014,"KRV",0,13,10,1
"6673",2014,"KRV",0,20,10,1
"6674",2014,"KRV",0,16,10,1
"6675",2014,"KRV",1,14,10,1
"6676",2014,"OKEE",0,10,5,1
"6677",2014,"OKEE",0,21,5,1
"6678",2014,"OKEE",1,19,5,1
"6679",2014,"OKEE",1,19,5,1
"6680",2014,"OKEE",0,14,5,1
"6681",2014,"OKEE",0,10,5,1
"6682",2014,"OKEE",0,21,5,1
"6683",2014,"OKEE",0,21,5,1
"6684",2014,"OKEE",0,5,5,1
"6685",2014,"OKEE",0,16,5,1
"6686",2014,"OKEE",0,23,5,1
"6687",2014,"OKEE",1,21,5,1
"6688",2014,"OKEE",1,21,5,1
"6689",2014,"OKEE",0,23,5,1
"6690",2014,"OKEE",0,21,5,1
"6691",2014,"OKEE",0,19,5,1
"6692",2014,"OKEE",0,19,5,1
"6693",2014,"OKEE",0,13,5,1
"6694",2014,"OKEE",0,19,5,1
"6695",2014,"OKEE",0,12,5,1
"6696",2014,"OKEE",0,21,5,1
"6697",2014,"OKEE",1,19,5,1
"6698",2014,"OKEE",0,19,5,1
"6699",2014,"OKEE",0,26,5,1
"6700",2014,"OKEE",0,19,5,1
"6701",2014,"OKEE",0,23,5,1
"6702",2014,"OKEE",0,12,5,1
"6703",2014,"OKEE",0,15,5,1
"6704",2014,"OKEE",0,21,5,1
"6705",2014,"OKEE",1,21,5,1
"6706",2014,"OKEE",0,16,5,1
"6707",2014,"OKEE",1,19,5,1
"6708",2014,"OKEE",0,28,5,1
"6709",2014,"OKEE",0,28,5,1
"6710",2014,"OKEE",0,10,5,1
"6711",2014,"OKEE",1,28,5,1
"6712",2014,"OKEE",1,12,5,1
"6713",2014,"OKEE",1,19,5,1
"6714",2014,"OKEE",1,26,5,1
"6715",2014,"OKEE",0,11,5,1
"6716",2014,"OKEE",0,21,5,1
"6717",2014,"OKEE",0,21,5,1
"6718",2014,"OKEE",0,26,5,1
"6719",2014,"OKEE",0,28,5,1
"6720",2014,"OKEE",0,26,5,1
"6721",2014,"OKEE",0,4,5,1
"6722",2014,"OKEE",1,19,5,1
"6723",2014,"OKEE",1,19,5,1
"6724",2014,"OKEE",0,19,5,1
"6725",2014,"OKEE",0,21,5,1
"6726",2014,"OKEE",1,21,5,1
"6727",2014,"OKEE",0,19,5,1
"6728",2014,"OKEE",1,12,5,1
"6729",2014,"OKEE",0,21,5,1
"6730",2014,"OKEE",0,15,5,1
"6731",2014,"OKEE",0,14,5,1
"6732",2014,"OKEE",0,15,5,1
"6733",2014,"OKEE",0,25,5,1
"6734",2014,"OKEE",0,21,5,1
"6735",2014,"OKEE",0,10,5,1
"6736",2014,"OKEE",0,11,5,1
"6737",2014,"OKEE",0,19,5,1
"6738",2014,"OKEE",1,21,5,1
"6739",2014,"OKEE",0,21,5,1
"6740",2014,"OKEE",1,21,5,1
"6741",2014,"OKEE",1,21,5,1
"6742",2014,"OKEE",0,21,5,1
"6743",2014,"OKEE",0,21,5,1
"6744",2014,"OKEE",1,21,5,1
"6745",2014,"OKEE",1,21,5,1
"6746",2014,"OKEE",0,11,5,1
"6747",2014,"OKEE",0,19,5,1
"6748",2014,"OKEE",1,21,5,1
"6749",2014,"OKEE",0,21,5,1
"6750",2014,"OKEE",0,23,5,1
"6751",2014,"OKEE",0,21,5,1
"6752",2014,"OKEE",1,21,5,1
"6753",2014,"OKEE",0,21,5,1
"6754",2014,"OKEE",0,21,5,1
"6755",2014,"OKEE",0,21,5,1
"6756",2014,"OKEE",1,21,5,1
"6757",2014,"OKEE",0,21,5,1
"6758",2014,"OKEE",0,21,5,1
"6759",2014,"OKEE",1,21,5,1
"6760",2014,"OKEE",0,10,5,1
"6761",2014,"OKEE",0,10,5,1
"6762",2014,"OKEE",0,21,5,1
"6763",2014,"OKEE",0,21,5,1
"6764",2014,"OKEE",1,21,5,1
"6765",2014,"OKEE",0,21,5,1
"6766",2015,"EAST",0,5,0,1
"6767",2015,"EAST",0,6,0,1
"6768",2015,"EAST",0,20,0,1
"6769",2015,"EAST",1,20,0,1
"6770",2015,"EAST",0,7,0,1
"6771",2015,"EAST",0,22,0,1
"6772",2015,"EAST",0,20,0,1
"6773",2015,"EAST",1,20,0,1
"6774",2015,"EAST",0,16,0,1
"6775",2015,"EAST",0,11,0,1
"6776",2015,"EAST",1,20,0,1
"6777",2015,"EAST",1,22,0,1
"6778",2015,"EAST",1,22,0,1
"6779",2015,"EAST",1,20,0,1
"6780",2015,"EAST",1,22,0,1
"6781",2015,"EAST",0,22,0,1
"6782",2015,"EAST",1,18,0,1
"6783",2015,"EAST",0,11,0,1
"6784",2015,"EVER",1,22,3,1
"6785",2015,"EVER",0,14,3,1
"6786",2015,"EVER",0,9,3,1
"6787",2015,"EVER",0,7,3,1
"6788",2015,"EVER",0,12,3,1
"6789",2015,"EVER",0,21,3,1
"6790",2015,"EVER",1,19,3,1
"6791",2015,"EVER",0,21,3,1
"6792",2015,"EVER",0,19,3,1
"6793",2015,"EVER",1,8,3,1
"6794",2015,"EVER",0,7,3,1
"6795",2015,"EVER",0,21,3,1
"6796",2015,"EVER",0,19,3,1
"6797",2015,"EVER",0,12,3,1
"6798",2015,"EVER",0,20,3,1
"6799",2015,"EVER",0,9,3,1
"6800",2015,"EVER",1,22,3,1
"6801",2015,"EVER",0,21,3,1
"6802",2015,"EVER",0,19,3,1
"6803",2015,"EVER",0,19,3,1
"6804",2015,"EVER",1,21,3,1
"6805",2015,"EVER",1,23,3,1
"6806",2015,"EVER",0,21,3,1
"6807",2015,"EVER",0,12,3,1
"6808",2015,"EVER",0,4,3,1
"6809",2015,"EVER",0,22,3,1
"6810",2015,"EVER",0,21,3,1
"6811",2015,"EVER",0,20,3,1
"6812",2015,"EVER",0,19,3,1
"6813",2015,"EVER",1,20,3,1
"6814",2015,"EVER",1,20,3,1
"6815",2015,"EVER",0,21,3,1
"6816",2015,"EVER",0,12,3,1
"6817",2015,"EVER",0,8,3,1
"6818",2015,"EVER",0,5,3,1
"6819",2015,"EVER",0,23,3,1
"6820",2015,"EVER",1,16,3,1
"6821",2015,"EVER",0,23,3,1
"6822",2015,"EVER",0,12,3,1
"6823",2015,"EVER",0,8,3,1
"6824",2015,"EVER",0,15,3,1
"6825",2015,"EVER",0,5,3,1
"6826",2015,"EVER",0,20,3,1
"6827",2015,"EVER",0,21,3,1
"6828",2015,"EVER",0,14,3,1
"6829",2015,"EVER",1,20,3,1
"6830",2015,"EVER",0,20,3,1
"6831",2015,"EVER",1,21,3,1
"6832",2015,"EVER",1,20,3,1
"6833",2015,"EVER",0,16,3,1
"6834",2015,"EVER",0,3,3,1
"6835",2015,"EVER",0,21,3,1
"6836",2015,"EVER",1,22,3,1
"6837",2015,"EVER",0,19,3,1
"6838",2015,"EVER",0,21,3,1
"6839",2015,"EVER",1,21,3,1
"6840",2015,"EVER",0,21,3,1
"6841",2015,"EVER",0,21,3,1
"6842",2015,"EVER",0,20,3,1
"6843",2015,"EVER",0,22,3,1
"6844",2015,"EVER",0,21,3,1
"6845",2015,"EVER",0,20,3,1
"6846",2015,"EVER",0,22,3,1
"6847",2015,"EVER",0,21,3,1
"6848",2015,"EVER",1,22,3,1
"6849",2015,"EVER",0,9,3,1
"6850",2015,"EVER",0,21,3,1
"6851",2015,"EVER",0,20,3,1
"6852",2015,"EVER",0,22,3,1
"6853",2015,"EVER",0,21,3,1
"6854",2015,"EVER",0,22,3,1
"6855",2015,"EVER",0,21,3,1
"6856",2015,"EVER",0,10,3,1
"6857",2015,"EVER",0,9,3,1
"6858",2015,"EVER",0,22,3,1
"6859",2015,"EVER",0,21,3,1
"6860",2015,"EVER",0,20,3,1
"6861",2015,"EVER",0,21,3,1
"6862",2015,"EVER",0,20,3,1
"6863",2015,"EVER",0,10,3,1
"6864",2015,"EVER",0,21,3,1
"6865",2015,"EVER",0,21,3,1
"6866",2015,"EVER",0,19,3,1
"6867",2015,"EVER",0,18,3,1
"6868",2015,"EVER",0,8,3,1
"6869",2015,"EVER",0,14,3,1
"6870",2015,"EVER",0,9,3,1
"6871",2015,"EVER",1,21,3,1
"6872",2015,"EVER",0,21,3,1
"6873",2015,"EVER",0,14,3,1
"6874",2015,"EVER",0,21,3,1
"6875",2015,"EVER",1,21,3,1
"6876",2015,"EVER",0,12,3,1
"6877",2015,"EVER",0,7,3,1
"6878",2015,"EVER",0,21,3,1
"6879",2015,"EVER",0,16,3,1
"6880",2015,"EVER",0,5,3,1
"6881",2015,"EVER",0,21,3,1
"6882",2015,"EVER",0,16,3,1
"6883",2015,"EVER",0,5,3,1
"6884",2015,"EVER",0,21,3,1
"6885",2015,"EVER",0,12,3,1
"6886",2015,"EVER",0,7,3,1
"6887",2015,"EVER",0,21,3,1
"6888",2015,"EVER",0,12,3,1
"6889",2015,"EVER",0,19,3,1
"6890",2015,"EVER",0,15,3,1
"6891",2015,"EVER",0,19,3,1
"6892",2015,"EVER",0,8,3,1
"6893",2015,"EVER",0,14,3,1
"6894",2015,"EVER",1,21,3,1
"6895",2015,"EVER",0,19,3,1
"6896",2015,"EVER",0,20,3,1
"6897",2015,"EVER",0,5,3,1
"6898",2015,"EVER",0,21,3,1
"6899",2015,"EVER",0,21,3,1
"6900",2015,"EVER",0,19,3,1
"6901",2015,"EVER",1,20,3,1
"6902",2015,"EVER",0,21,3,1
"6903",2015,"EVER",0,19,3,1
"6904",2015,"EVER",0,11,3,1
"6905",2015,"EVER",0,19,3,1
"6906",2015,"EVER",0,20,3,1
"6907",2015,"EVER",0,5,3,1
"6908",2015,"EVER",0,21,3,1
"6909",2015,"EVER",0,12,3,1
"6910",2015,"EVER",0,7,3,1
"6911",2015,"EVER",0,22,3,1
"6912",2015,"EVER",0,21,3,1
"6913",2015,"EVER",0,11,3,1
"6914",2015,"EVER",0,22,3,1
"6915",2015,"EVER",0,21,3,1
"6916",2015,"EVER",0,11,3,1
"6917",2015,"EVER",0,21,3,1
"6918",2015,"EVER",0,22,3,1
"6919",2015,"EVER",0,11,3,1
"6920",2015,"EVER",0,21,3,1
"6921",2015,"EVER",0,9,3,1
"6922",2015,"EVER",0,10,3,1
"6923",2015,"EVER",0,21,3,1
"6924",2015,"EVER",0,21,3,1
"6925",2015,"EVER",0,15,3,1
"6926",2015,"EVER",0,5,3,1
"6927",2015,"EVER",0,21,3,1
"6928",2015,"EVER",0,21,3,1
"6929",2015,"EVER",0,5,3,1
"6930",2015,"EVER",0,16,3,1
"6931",2015,"EVER",0,19,3,1
"6932",2015,"EVER",1,11,3,1
"6933",2015,"EVER",0,21,3,1
"6934",2015,"EVER",0,6,3,1
"6935",2015,"EVER",0,13,3,1
"6936",2015,"EVER",0,6,3,1
"6937",2015,"EVER",0,8,3,1
"6938",2015,"EVER",0,6,3,1
"6939",2015,"EVER",0,10,3,1
"6940",2015,"EVER",1,19,3,1
"6941",2015,"EVER",0,21,3,1
"6942",2015,"EVER",0,20,3,1
"6943",2015,"EVER",0,21,3,1
"6944",2015,"EVER",0,5,3,1
"6945",2015,"EVER",0,23,3,1
"6946",2015,"EVER",0,6,3,1
"6947",2015,"EVER",0,21,3,1
"6948",2015,"EVER",0,9,3,1
"6949",2015,"EVER",0,20,3,1
"6950",2015,"EVER",0,5,3,1
"6951",2015,"EVER",0,21,3,1
"6952",2015,"EVER",0,21,3,1
"6953",2015,"EVER",0,21,3,1
"6954",2015,"EVER",0,19,3,1
"6955",2015,"EVER",1,20,3,1
"6956",2015,"EVER",0,21,3,1
"6957",2015,"EVER",0,21,3,1
"6958",2015,"EVER",0,15,3,1
"6959",2015,"EVER",0,5,3,1
"6960",2015,"EVER",0,21,3,1
"6961",2015,"EVER",0,19,3,1
"6962",2015,"EVER",0,21,3,1
"6963",2015,"EVER",0,12,3,1
"6964",2015,"EVER",0,7,3,1
"6965",2015,"EVER",0,21,3,1
"6966",2015,"EVER",0,21,3,1
"6967",2015,"EVER",0,14,3,1
"6968",2015,"EVER",0,20,3,1
"6969",2015,"EVER",0,9,3,1
"6970",2015,"EVER",0,9,3,1
"6971",2015,"EVER",0,20,3,1
"6972",2015,"EVER",0,20,3,1
"6973",2015,"EVER",0,5,3,1
"6974",2015,"EVER",0,7,3,1
"6975",2015,"EVER",0,7,3,1
"6976",2015,"EVER",1,20,3,1
"6977",2015,"EVER",0,21,3,1
"6978",2015,"EVER",0,21,3,1
"6979",2015,"EVER",0,9,3,1
"6980",2015,"EVER",0,19,3,1
"6981",2015,"EVER",0,21,3,1
"6982",2015,"EVER",1,21,3,1
"6983",2015,"EVER",0,21,3,1
"6984",2015,"EVER",0,11,3,1
"6985",2015,"EVER",0,5,3,1
"6986",2015,"EVER",0,6,3,1
"6987",2015,"EVER",1,21,3,1
"6988",2015,"EVER",0,19,3,1
"6989",2015,"EVER",1,12,3,1
"6990",2015,"EVER",0,19,3,1
"6991",2015,"EVER",0,15,3,1
"6992",2015,"EVER",0,20,3,1
"6993",2015,"EVER",0,21,3,1
"6994",2015,"EVER",0,11,3,1
"6995",2015,"EVER",0,19,3,1
"6996",2015,"EVER",0,21,3,1
"6997",2015,"EVER",0,14,3,1
"6998",2015,"EVER",0,9,3,1
"6999",2015,"EVER",1,19,3,1
"7000",2015,"EVER",0,19,3,1
"7001",2015,"EVER",1,25,3,1
"7002",2015,"EVER",0,19,3,1
"7003",2015,"EVER",0,19,3,1
"7004",2015,"EVER",0,20,3,1
"7005",2015,"EVER",0,19,3,1
"7006",2015,"EVER",0,21,3,1
"7007",2015,"EVER",1,21,3,1
"7008",2015,"EVER",1,22,3,1
"7009",2015,"EVER",0,19,3,1
"7010",2015,"EVER",0,20,3,1
"7011",2015,"EVER",0,19,3,1
"7012",2015,"EVER",0,20,3,1
"7013",2015,"EVER",0,20,3,1
"7014",2015,"EVER",0,5,3,1
"7015",2015,"EVER",1,18,3,1
"7016",2015,"EVER",0,28,3,1
"7017",2015,"EVER",0,19,3,1
"7018",2015,"EVER",0,20,3,1
"7019",2015,"EVER",1,19,3,1
"7020",2015,"EVER",0,19,3,1
"7021",2015,"EVER",0,19,3,1
"7022",2015,"EVER",0,19,3,1
"7023",2015,"EVER",0,11,3,1
"7024",2015,"EVER",0,5,3,1
"7025",2015,"EVER",0,8,3,1
"7026",2015,"EVER",1,28,3,1
"7027",2015,"EVER",0,18,3,1
"7028",2015,"EVER",0,5,3,1
"7029",2015,"EVER",1,19,3,1
"7030",2015,"EVER",0,7,3,1
"7031",2015,"EVER",1,20,3,1
"7032",2015,"EVER",0,19,3,1
"7033",2015,"EVER",0,6,3,1
"7034",2015,"EVER",0,19,3,1
"7035",2015,"EVER",1,28,3,1
"7036",2015,"KRV",0,11,11,1
"7037",2015,"KRV",0,19,11,1
"7038",2015,"KRV",0,21,11,1
"7039",2015,"KRV",1,21,11,1
"7040",2015,"KRV",0,21,11,1
"7041",2015,"KRV",1,21,11,1
"7042",2015,"KRV",0,20,11,1
"7043",2015,"KRV",0,10,11,1
"7044",2015,"KRV",0,19,11,1
"7045",2015,"KRV",0,21,11,1
"7046",2015,"KRV",0,21,11,1
"7047",2015,"KRV",0,11,11,1
"7048",2015,"KRV",0,20,11,1
"7049",2015,"KRV",0,22,11,1
"7050",2015,"KRV",0,22,11,1
"7051",2015,"KRV",0,21,11,1
"7052",2015,"KRV",0,20,11,1
"7053",2015,"KRV",1,21,11,1
"7054",2015,"KRV",1,20,11,1
"7055",2015,"KRV",0,7,11,1
"7056",2015,"KRV",0,21,11,1
"7057",2015,"KRV",1,21,11,1
"7058",2015,"KRV",0,21,11,1
"7059",2015,"KRV",1,21,11,1
"7060",2015,"KRV",1,19,11,1
"7061",2015,"KRV",0,20,11,1
"7062",2015,"KRV",1,19,11,1
"7063",2015,"KRV",1,20,11,1
"7064",2015,"KRV",0,21,11,1
"7065",2015,"KRV",1,21,11,1
"7066",2015,"KRV",0,21,11,1
"7067",2015,"KRV",0,22,11,1
"7068",2015,"KRV",1,9,11,1
"7069",2015,"KRV",0,7,11,1
"7070",2015,"KRV",0,20,11,1
"7071",2015,"KRV",0,21,11,1
"7072",2015,"KRV",0,11,11,1
"7073",2015,"KRV",0,9,11,1
"7074",2015,"KRV",0,22,11,1
"7075",2015,"KRV",0,21,11,1
"7076",2015,"KRV",1,20,11,1
"7077",2015,"KRV",0,20,11,1
"7078",2015,"KRV",0,21,11,1
"7079",2015,"KRV",0,13,11,1
"7080",2015,"KRV",0,21,11,1
"7081",2015,"KRV",0,20,11,1
"7082",2015,"KRV",1,20,11,1
"7083",2015,"KRV",0,22,11,1
"7084",2015,"KRV",0,9,11,1
"7085",2015,"KRV",0,19,11,1
"7086",2015,"KRV",0,20,11,1
"7087",2015,"KRV",0,25,11,1
"7088",2015,"KRV",1,19,11,1
"7089",2015,"KRV",0,22,11,1
"7090",2015,"KRV",1,21,11,1
"7091",2015,"KRV",0,12,11,1
"7092",2015,"KRV",0,22,11,1
"7093",2015,"KRV",0,20,11,1
"7094",2015,"KRV",0,21,11,1
"7095",2015,"KRV",0,22,11,1
"7096",2015,"KRV",0,21,11,1
"7097",2015,"KRV",0,20,11,1
"7098",2015,"KRV",1,22,11,1
"7099",2015,"KRV",0,22,11,1
"7100",2015,"KRV",0,7,11,1
"7101",2015,"KRV",1,19,11,1
"7102",2015,"KRV",0,21,11,1
"7103",2015,"KRV",0,13,11,1
"7104",2015,"KRV",1,9,11,1
"7105",2015,"KRV",1,21,11,1
"7106",2015,"KRV",1,21,11,1
"7107",2015,"KRV",1,21,11,1
"7108",2015,"KRV",0,19,11,1
"7109",2015,"KRV",0,22,11,1
"7110",2015,"KRV",0,21,11,1
"7111",2015,"KRV",0,20,11,1
"7112",2015,"KRV",1,19,11,1
"7113",2015,"KRV",0,21,11,1
"7114",2015,"KRV",0,20,11,1
"7115",2015,"KRV",0,16,11,1
"7116",2015,"KRV",1,14,11,1
"7117",2015,"KRV",0,20,11,1
"7118",2015,"KRV",1,20,11,1
"7119",2015,"KRV",0,14,11,1
"7120",2015,"KRV",1,20,11,1
"7121",2015,"KRV",0,16,11,1
"7122",2015,"KRV",0,20,11,1
"7123",2015,"KRV",0,21,11,1
"7124",2015,"KRV",1,14,11,1
"7125",2015,"KRV",0,7,11,1
"7126",2015,"KRV",0,16,11,1
"7127",2015,"KRV",0,14,11,1
"7128",2015,"KRV",0,22,11,1
"7129",2015,"KRV",0,16,11,1
"7130",2015,"KRV",0,14,11,1
"7131",2015,"KRV",0,25,11,1
"7132",2015,"KRV",0,11,11,1
"7133",2015,"KRV",0,20,11,1
"7134",2015,"KRV",0,20,11,1
"7135",2015,"KRV",1,19,11,1
"7136",2015,"KRV",0,19,11,1
"7137",2015,"KRV",0,20,11,1
"7138",2015,"KRV",1,9,11,1
"7139",2015,"KRV",0,20,11,1
"7140",2015,"KRV",0,16,11,1
"7141",2015,"KRV",1,14,11,1
"7142",2015,"KRV",0,16,11,1
"7143",2015,"KRV",0,14,11,1
"7144",2015,"KRV",0,16,11,1
"7145",2015,"KRV",0,11,11,1
"7146",2015,"KRV",1,28,11,1
"7147",2015,"KRV",0,14,11,1
"7148",2015,"KRV",0,20,11,1
"7149",2015,"KRV",1,25,11,1
"7150",2015,"KRV",1,25,11,1
"7151",2015,"KRV",1,19,11,1
"7152",2015,"KRV",0,20,11,1
"7153",2015,"KRV",0,12,11,1
"7154",2015,"KRV",1,20,11,1
"7155",2015,"KRV",1,21,11,1
"7156",2015,"KRV",0,20,11,1
"7157",2015,"KRV",0,20,11,1
"7158",2015,"KRV",0,16,11,1
"7159",2015,"KRV",0,20,11,1
"7160",2015,"KRV",0,19,11,1
"7161",2015,"KRV",0,21,11,1
"7162",2015,"KRV",0,20,11,1
"7163",2015,"KRV",0,16,11,1
"7164",2015,"KRV",1,20,11,1
"7165",2015,"KRV",0,21,11,1
"7166",2015,"KRV",1,20,11,1
"7167",2015,"KRV",0,21,11,1
"7168",2015,"KRV",0,8,11,1
"7169",2015,"KRV",0,22,11,1
"7170",2015,"KRV",1,21,11,1
"7171",2015,"KRV",0,19,11,1
"7172",2015,"KRV",0,9,11,1
"7173",2015,"KRV",0,16,11,1
"7174",2015,"KRV",1,14,11,1
"7175",2015,"KRV",0,16,11,1
"7176",2015,"KRV",0,14,11,1
"7177",2015,"KRV",0,11,11,1
"7178",2015,"KRV",0,14,11,1
"7179",2015,"KRV",1,16,11,1
"7180",2015,"KRV",1,21,11,1
"7181",2015,"KRV",0,22,11,1
"7182",2015,"KRV",1,21,11,1
"7183",2015,"KRV",0,22,11,1
"7184",2015,"KRV",0,21,11,1
"7185",2015,"KRV",0,11,11,1
"7186",2015,"KRV",0,21,11,1
"7187",2015,"KRV",0,19,11,1
"7188",2015,"KRV",1,13,11,1
"7189",2015,"KRV",0,19,11,1
"7190",2015,"KRV",0,20,11,1
"7191",2015,"KRV",0,13,11,1
"7192",2015,"KRV",1,21,11,1
"7193",2015,"KRV",1,20,11,1
"7194",2015,"KRV",1,22,11,1
"7195",2015,"KRV",0,21,11,1
"7196",2015,"KRV",1,20,11,1
"7197",2015,"KRV",0,19,11,1
"7198",2015,"KRV",1,21,11,1
"7199",2015,"KRV",0,20,11,1
"7200",2015,"KRV",0,19,11,1
"7201",2015,"KRV",0,13,11,1
"7202",2015,"KRV",0,20,11,1
"7203",2015,"KRV",0,19,11,1
"7204",2015,"KRV",1,13,11,1
"7205",2015,"KRV",0,20,11,1
"7206",2015,"KRV",1,19,11,1
"7207",2015,"KRV",1,20,11,1
"7208",2015,"KRV",0,20,11,1
"7209",2015,"KRV",1,19,11,1
"7210",2015,"KRV",0,20,11,1
"7211",2015,"KRV",0,19,11,1
"7212",2015,"KRV",0,10,11,1
"7213",2015,"KRV",1,22,11,1
"7214",2015,"KRV",1,22,11,1
"7215",2015,"KRV",0,21,11,1
"7216",2015,"KRV",0,20,11,1
"7217",2015,"KRV",0,16,11,1
"7218",2015,"KRV",0,15,11,1
"7219",2015,"KRV",0,21,11,1
"7220",2015,"KRV",0,13,11,1
"7221",2015,"KRV",0,20,11,1
"7222",2015,"KRV",1,19,11,1
"7223",2015,"KRV",0,19,11,1
"7224",2015,"KRV",1,20,11,1
"7225",2015,"KRV",0,21,11,1
"7226",2015,"KRV",0,13,11,1
"7227",2015,"KRV",0,21,11,1
"7228",2015,"KRV",1,13,11,1
"7229",2015,"KRV",1,20,11,1
"7230",2015,"KRV",1,20,11,1
"7231",2015,"KRV",0,20,11,1
"7232",2015,"KRV",0,16,11,1
"7233",2015,"KRV",0,14,11,1
"7234",2015,"KRV",1,20,11,1
"7235",2015,"KRV",0,19,11,1
"7236",2015,"KRV",0,22,11,1
"7237",2015,"KRV",1,19,11,1
"7238",2015,"KRV",0,21,11,1
"7239",2015,"KRV",1,20,11,1
"7240",2015,"KRV",0,21,11,1
"7241",2015,"KRV",0,11,11,1
"7242",2015,"KRV",0,9,11,1
"7243",2015,"KRV",0,21,11,1
"7244",2015,"KRV",0,11,11,1
"7245",2015,"KRV",0,9,11,1
"7246",2015,"KRV",1,21,11,1
"7247",2015,"KRV",0,21,11,1
"7248",2015,"KRV",1,11,11,1
"7249",2015,"KRV",1,21,11,1
"7250",2015,"KRV",1,21,11,1
"7251",2015,"KRV",1,21,11,1
"7252",2015,"KRV",0,16,11,1
"7253",2015,"KRV",1,20,11,1
"7254",2015,"KRV",1,20,11,1
"7255",2015,"KRV",0,20,11,1
"7256",2015,"KRV",1,19,11,1
"7257",2015,"KRV",0,4,11,1
"7258",2015,"KRV",1,20,11,1
"7259",2015,"KRV",0,20,11,1
"7260",2015,"KRV",1,19,11,1
"7261",2015,"KRV",1,20,11,1
"7262",2015,"KRV",0,20,11,1
"7263",2015,"KRV",0,19,11,1
"7264",2015,"KRV",0,11,11,1
"7265",2015,"KRV",0,9,11,1
"7266",2015,"KRV",0,20,11,1
"7267",2015,"KRV",1,19,11,1
"7268",2015,"KRV",1,20,11,1
"7269",2015,"KRV",1,22,11,1
"7270",2015,"KRV",0,20,11,1
"7271",2015,"KRV",0,19,11,1
"7272",2015,"KRV",0,18,11,1
"7273",2015,"KRV",0,14,11,1
"7274",2015,"KRV",0,20,11,1
"7275",2015,"KRV",0,27,11,1
"7276",2015,"KRV",0,3,11,1
"7277",2015,"KRV",0,19,11,1
"7278",2015,"KRV",1,11,11,1
"7279",2015,"KRV",0,19,11,1
"7280",2015,"KRV",0,8,11,1
"7281",2015,"KRV",0,12,11,1
"7282",2015,"KRV",0,19,11,1
"7283",2015,"KRV",0,9,11,1
"7284",2015,"KRV",0,20,11,1
"7285",2015,"KRV",0,12,11,1
"7286",2015,"KRV",0,9,11,1
"7287",2015,"KRV",0,20,11,1
"7288",2015,"KRV",1,12,11,1
"7289",2015,"KRV",1,20,11,1
"7290",2015,"KRV",0,21,11,1
"7291",2015,"KRV",1,20,11,1
"7292",2015,"KRV",0,7,11,1
"7293",2015,"KRV",0,13,11,1
"7294",2015,"KRV",1,20,11,1
"7295",2015,"KRV",1,19,11,1
"7296",2015,"KRV",1,19,11,1
"7297",2015,"KRV",1,14,11,1
"7298",2015,"KRV",1,22,11,1
"7299",2015,"KRV",0,22,11,1
"7300",2015,"KRV",1,21,11,1
"7301",2015,"KRV",1,22,11,1
"7302",2015,"KRV",0,22,11,1
"7303",2015,"KRV",1,21,11,1
"7304",2015,"KRV",0,22,11,1
"7305",2015,"KRV",1,21,11,1
"7306",2015,"KRV",1,20,11,1
"7307",2015,"KRV",0,20,11,1
"7308",2015,"KRV",0,22,11,1
"7309",2015,"KRV",0,12,11,1
"7310",2015,"KRV",0,21,11,1
"7311",2015,"KRV",1,20,11,1
"7312",2015,"KRV",0,21,11,1
"7313",2015,"KRV",0,7,11,1
"7314",2015,"KRV",0,21,11,1
"7315",2015,"KRV",0,9,11,1
"7316",2015,"KRV",0,14,11,1
"7317",2015,"KRV",0,20,11,1
"7318",2015,"KRV",0,20,11,1
"7319",2015,"KRV",0,9,11,1
"7320",2015,"KRV",0,20,11,1
"7321",2015,"KRV",0,22,11,1
"7322",2015,"KRV",1,21,11,1
"7323",2015,"KRV",1,21,11,1
"7324",2015,"KRV",0,19,11,1
"7325",2015,"KRV",0,7,11,1
"7326",2015,"KRV",0,7,11,1
"7327",2015,"KRV",0,21,11,1
"7328",2015,"KRV",0,11,11,1
"7329",2015,"KRV",0,9,11,1
"7330",2015,"KRV",0,21,11,1
"7331",2015,"KRV",0,21,11,1
"7332",2015,"KRV",0,20,11,1
"7333",2015,"KRV",0,20,11,1
"7334",2015,"KRV",0,19,11,1
"7335",2015,"KRV",0,20,11,1
"7336",2015,"KRV",0,19,11,1
"7337",2015,"KRV",0,20,11,1
"7338",2015,"KRV",0,19,11,1
"7339",2015,"KRV",0,13,11,1
"7340",2015,"KRV",1,7,11,1
"7341",2015,"KRV",0,19,11,1
"7342",2015,"KRV",0,21,11,1
"7343",2015,"KRV",0,7,11,1
"7344",2015,"KRV",0,21,11,1
"7345",2015,"KRV",0,22,11,1
"7346",2015,"KRV",0,19,11,1
"7347",2015,"KRV",0,2,11,1
"7348",2015,"KRV",0,20,11,1
"7349",2015,"KRV",1,19,11,1
"7350",2015,"KRV",1,21,11,1
"7351",2015,"KRV",1,21,11,1
"7352",2015,"KRV",1,21,11,1
"7353",2015,"KRV",1,21,11,1
"7354",2015,"KRV",0,3,11,1
"7355",2015,"KRV",0,20,11,1
"7356",2015,"KRV",0,22,11,1
"7357",2015,"KRV",1,21,11,1
"7358",2015,"KRV",1,19,11,1
"7359",2015,"KRV",1,25,11,1
"7360",2015,"KRV",1,25,11,1
"7361",2015,"KRV",0,21,11,1
"7362",2015,"KRV",0,21,11,1
"7363",2015,"OKEE",1,8,6,1
"7364",2015,"OKEE",1,19,6,1
"7365",2015,"OKEE",0,20,6,1
"7366",2015,"OKEE",1,20,6,1
"7367",2015,"OKEE",1,19,6,1
"7368",2015,"OKEE",1,22,6,1
"7369",2015,"OKEE",1,28,6,1
"7370",2015,"OKEE",1,21,6,1
"7371",2015,"OKEE",0,22,6,1
"7372",2015,"OKEE",0,10,6,1
"7373",2015,"OKEE",0,20,6,1
"7374",2015,"OKEE",0,19,6,1
"7375",2015,"OKEE",0,14,6,1
"7376",2015,"OKEE",0,19,6,1
"7377",2015,"OKEE",1,22,6,1
"7378",2015,"OKEE",0,6,6,1
"7379",2015,"OKEE",0,22,6,1
"7380",2015,"OKEE",0,21,6,1
"7381",2015,"OKEE",1,28,6,1
"7382",2015,"OKEE",0,11,6,1
"7383",2015,"OKEE",0,28,6,1
"7384",2015,"OKEE",0,20,6,1
"7385",2015,"OKEE",0,21,6,1
"7386",2015,"OKEE",0,20,6,1
"7387",2015,"OKEE",1,14,6,1
"7388",2015,"OKEE",0,20,6,1
"7389",2015,"OKEE",0,19,6,1
"7390",2015,"OKEE",1,11,6,1
"7391",2015,"OKEE",0,20,6,1
"7392",2015,"OKEE",0,6,6,1
"7393",2015,"OKEE",1,22,6,1
"7394",2015,"OKEE",0,22,6,1
"7395",2015,"OKEE",1,22,6,1
"7396",2015,"OKEE",1,22,6,1
"7397",2015,"OKEE",0,22,6,1
"7398",2015,"OKEE",0,19,6,1
"7399",2015,"OKEE",0,8,6,1
"7400",2015,"OKEE",0,21,6,1
"7401",2015,"OKEE",0,12,6,1
"7402",2015,"OKEE",0,8,6,1
"7403",2015,"OKEE",0,21,6,1
"7404",2015,"OKEE",0,4,6,1
"7405",2015,"OKEE",1,21,6,1
"7406",2015,"OKEE",0,14,6,1
"7407",2015,"OKEE",0,5,6,1
"7408",2015,"OKEE",1,21,6,1
"7409",2015,"OKEE",1,21,6,1
"7410",2015,"OKEE",1,22,6,1
"7411",2015,"OKEE",0,21,6,1
"7412",2015,"OKEE",0,21,6,1
"7413",2015,"OKEE",0,12,6,1
"7414",2015,"OKEE",0,22,6,1
"7415",2015,"OKEE",0,21,6,1
"7416",2015,"OKEE",0,8,6,1
"7417",2015,"OKEE",0,20,6,1
"7418",2015,"OKEE",0,19,6,1
"7419",2015,"OKEE",0,14,6,1
"7420",2015,"OKEE",0,6,6,1
"7421",2015,"OKEE",0,21,6,1
"7422",2015,"OKEE",1,12,6,1
"7423",2015,"OKEE",1,21,6,1
"7424",2015,"OKEE",0,22,6,1
"7425",2015,"OKEE",1,21,6,1
"7426",2015,"OKEE",0,21,6,1
"7427",2015,"OKEE",0,8,6,1
"7428",2015,"OKEE",1,21,6,1
"7429",2015,"OKEE",1,21,6,1
"7430",2015,"OKEE",1,21,6,1
"7431",2015,"OKEE",1,21,6,1
"7432",2015,"OKEE",1,21,6,1
"7433",2015,"OKEE",0,21,6,1
"7434",2015,"OKEE",0,12,6,1
"7435",2015,"OKEE",0,21,6,1
"7436",2015,"OKEE",0,12,6,1
"7437",2015,"OKEE",1,21,6,1
"7438",2015,"OKEE",0,21,6,1
"7439",2015,"OKEE",1,8,6,1
"7440",2015,"OKEE",1,21,6,1
"7441",2015,"OKEE",0,21,6,1
"7442",2015,"OKEE",0,20,6,1
"7443",2015,"OKEE",0,6,6,1
"7444",2015,"OKEE",0,13,6,1
"7445",2015,"OKEE",1,21,6,1
"7446",2015,"OKEE",0,6,6,1
"7447",2015,"OKEE",0,22,6,1
"7448",2015,"OKEE",1,21,6,1
"7449",2015,"OKEE",1,19,6,1
"7450",2015,"OKEE",0,8,6,1
"7451",2015,"OKEE",1,22,6,1
"7452",2015,"OKEE",0,22,6,1
"7453",2015,"OKEE",1,21,6,1
"7454",2015,"OKEE",0,21,6,1
"7455",2015,"OKEE",0,13,6,1
"7456",2015,"OKEE",0,7,6,1
"7457",2015,"OKEE",1,11,6,1
"7458",2015,"OKEE",1,14,6,1
"7459",2015,"OKEE",0,21,6,1
"7460",2015,"OKEE",0,21,6,1
"7461",2015,"OKEE",0,7,6,1
"7462",2015,"OKEE",0,6,6,1
"7463",2015,"SJM",1,19,0,1
"7464",2015,"SJM",0,19,0,1
"7465",2015,"SJM",0,9,0,1
"7466",2015,"SJM",0,11,0,1
"7467",2015,"SJM",0,19,0,1
"7468",2015,"SJM",0,19,0,1
"7469",2015,"SJM",0,9,0,1
"7470",2015,"SJM",0,19,0,1
"7471",2015,"SJM",0,9,0,1
"7472",2015,"SJM",0,11,0,1
"7473",2015,"SJM",0,11,0,1
"7474",2015,"SJM",0,7,0,1
"7475",2015,"SJM",0,7,0,1
"7476",2015,"SJM",0,13,0,1
"7477",2015,"SJM",0,11,0,1
"7478",2015,"SJM",0,28,0,1
"7479",2015,"SJM",0,19,0,1
"7480",2015,"SJM",0,20,0,1
"7481",2015,"SJM",0,11,0,1
"7482",2015,"SJM",0,19,0,1
"7483",2015,"SJM",0,9,0,1
"7484",2015,"SJM",0,4,0,1
"7485",2015,"SJM",0,19,0,1
"7486",2015,"SJM",0,19,0,1
"7487",2015,"SJM",0,19,0,1
"7488",2015,"SJM",0,11,0,1
"7489",2015,"SJM",0,19,0,1
"7490",2015,"SJM",0,20,0,1
"7491",2015,"SJM",0,11,0,1
"7492",2015,"SJM",0,19,0,1
"7493",2015,"SJM",0,19,0,1
"7494",2015,"SJM",0,19,0,1
"7495",2015,"SJM",0,19,0,1
"7496",2015,"SJM",0,19,0,1
"7497",2015,"SJM",1,13,0,1
"7498",2015,"SJM",0,19,0,1
"7499",2015,"SJM",0,13,0,1
"7500",2015,"SJM",0,11,0,1
"7501",2015,"SJM",0,19,0,1
"7502",2015,"SJM",0,13,0,1
"7503",2015,"SJM",0,19,0,1
"7504",2015,"SJM",0,9,0,1
"7505",2015,"SJM",0,4,0,1
"7506",2015,"SJM",0,18,0,1
"7507",2015,"SJM",0,20,0,1
"7508",2015,"SJM",0,11,0,1
"7509",2015,"SJM",0,7,0,1
"7510",2015,"SJM",0,7,0,1
"7511",2015,"SJM",0,20,0,1
"7512",2015,"SJM",0,11,0,1
"7513",2015,"SJM",0,7,0,1
"7514",2015,"SJM",0,7,0,1
"7515",2015,"SJM",0,20,0,1
"7516",2015,"SJM",0,20,0,1
"7517",2015,"SJM",0,11,0,1
"7518",2015,"SJM",0,7,0,1
"7519",2015,"SJM",0,7,0,1
"7520",2015,"SJM",0,20,0,1
"7521",2015,"SJM",0,11,0,1
"7522",2015,"SJM",0,7,0,1
"7523",2015,"SJM",0,7,0,1
"7524",2015,"SJM",0,7,0,1
"7525",2015,"SJM",0,7,0,1
"7526",2015,"SJM",0,7,0,1
"7527",2015,"SJM",0,14,0,1
"7528",2015,"SJM",0,8,0,1
"7529",2015,"SJM",0,7,0,1
"7530",2015,"SJM",1,20,0,1
"7531",2015,"SJM",1,20,0,1
"7532",2015,"SJM",0,20,0,1
"7533",2015,"SJM",1,18,0,1
"7534",2015,"SJM",1,18,0,1
"7535",2015,"SJM",0,18,0,1
"7536",2015,"SJM",0,7,0,1
"7537",2015,"SJM",0,7,0,1
"7538",2015,"SJM",0,7,0,1
"7539",2015,"SJM",1,7,0,1
"7540",2015,"SJM",0,18,0,1
"7541",2015,"SJM",0,7,0,1
"7542",2015,"SJM",0,7,0,1
"7543",2015,"SJM",0,14,0,1
"7544",2015,"SJM",0,8,0,1
"7545",2015,"SJM",0,18,0,1
"7546",2015,"SJM",0,7,0,1
"7547",2015,"SJM",0,7,0,1
"7548",2015,"SJM",0,14,0,1
"7549",2015,"SJM",0,8,0,1
"7550",2015,"SJM",0,11,0,1
"7551",2015,"SJM",0,7,0,1
"7552",2015,"SJM",0,7,0,1
"7553",2015,"SJM",0,7,0,1
"7554",2015,"SJM",0,11,0,1
"7555",2015,"SJM",0,7,0,1
"7556",2015,"SJM",0,7,0,1
"7557",2015,"SJM",0,7,0,1
"7558",2015,"SJM",0,14,0,1
"7559",2015,"SJM",0,8,0,1
"7560",2015,"SJM",0,11,0,1
"7561",2015,"SJM",0,7,0,1
"7562",2015,"SJM",0,7,0,1
"7563",2015,"SJM",0,7,0,1
"7564",2015,"SJM",0,7,0,1
"7565",2015,"SJM",0,7,0,1
"7566",2015,"SJM",0,7,0,1
"7567",2015,"SJM",0,14,0,1
"7568",2015,"SJM",0,7,0,1
"7569",2015,"SJM",0,7,0,1
"7570",2015,"SJM",0,7,0,1
"7571",2015,"SJM",0,14,0,1
"7572",2015,"SJM",0,7,0,1
"7573",2015,"SJM",0,7,0,1
"7574",2015,"SJM",0,7,0,1
"7575",2015,"SJM",0,7,0,1
"7576",2015,"SJM",0,7,0,1
"7577",2015,"SJM",0,7,0,1
"7578",2015,"SJM",0,7,0,1
"7579",2015,"SJM",0,19,0,1
"7580",2015,"SJM",0,19,0,1
"7581",2015,"SJM",0,9,0,1
"7582",2015,"SJM",0,22,0,1
"7583",2015,"SJM",0,19,0,1
"7584",2015,"SJM",0,13,0,1
"7585",2015,"SJM",0,7,0,1
"7586",2015,"SJM",0,11,0,1
"7587",2015,"SJM",0,19,0,1
"7588",2015,"SJM",0,13,0,1
"7589",2015,"SJM",0,7,0,1
"7590",2015,"SJM",0,19,0,1
"7591",2015,"SJM",1,20,0,1
"7592",2015,"SJM",0,19,0,1
"7593",2015,"SJM",0,9,0,1
"7594",2015,"SJM",0,20,0,1
"7595",2015,"SJM",0,22,0,1
"7596",2015,"SJM",1,21,0,1
"7597",2015,"SJM",1,19,0,1
"7598",2015,"SJM",1,19,0,1
"7599",2015,"SJM",0,18,0,1
"7600",2015,"SJM",0,13,0,1
"7601",2015,"SJM",0,7,0,1
"7602",2015,"SJM",0,7,0,1
"7603",2015,"SJM",0,7,0,1
"7604",2015,"SJM",1,7,0,1
"7605",2015,"SJM",0,7,0,1
"7606",2015,"SJM",0,7,0,1
"7607",2015,"SJM",1,7,0,1
"7608",2015,"SJM",0,7,0,1
"7609",2015,"SJM",0,7,0,1
"7610",2015,"SJM",0,7,0,1
"7611",2015,"SJM",0,13,0,1
"7612",2015,"SJM",0,7,0,1
"7613",2015,"SJM",0,7,0,1
"7614",2015,"SJM",0,7,0,1
"7615",2015,"SJM",0,9,0,1
"7616",2015,"SJM",0,13,0,1
"7617",2015,"SJM",0,18,0,1
"7618",2015,"SJM",0,20,0,1
"7619",2015,"SJM",0,11,0,1
"7620",2015,"SJM",1,20,0,1
"7621",2015,"SJM",0,9,0,1
"7622",2015,"SJM",0,22,0,1
"7623",2015,"SJM",0,20,0,1
"7624",2015,"SJM",0,11,0,1
"7625",2015,"SJM",0,7,0,1
"7626",2015,"SJM",0,7,0,1
"7627",2015,"SJM",0,7,0,1
"7628",2015,"SJM",0,14,0,1
"7629",2015,"SJM",0,8,0,1
"7630",2015,"SJM",1,7,0,1
"7631",2015,"SJM",0,7,0,1
"7632",2015,"SJM",1,7,0,1
"7633",2015,"SJM",0,7,0,1
"7634",2015,"SJM",0,7,0,1
"7635",2015,"SJM",0,7,0,1
"7636",2015,"SJM",0,7,0,1
"7637",2015,"SJM",0,14,0,1
"7638",2015,"SJM",0,7,0,1
"7639",2015,"SJM",0,7,0,1
"7640",2015,"SJM",0,14,0,1
"7641",2015,"SJM",0,8,0,1
"7642",2015,"SJM",0,7,0,1
"7643",2015,"SJM",0,7,0,1
"7644",2015,"SJM",0,7,0,1
"7645",2015,"SJM",0,14,0,1
"7646",2015,"SJM",0,8,0,1
"7647",2015,"SJM",0,7,0,1
"7648",2015,"SJM",0,7,0,1
"7649",2015,"SJM",0,7,0,1
"7650",2015,"SJM",0,7,0,1
"7651",2015,"SJM",1,14,0,1
"7652",2015,"SJM",0,7,0,1
"7653",2015,"SJM",0,7,0,1
"7654",2015,"SJM",0,14,0,1
"7655",2015,"SJM",0,8,0,1
"7656",2015,"SJM",0,7,0,1
"7657",2015,"SJM",0,9,0,1
"7658",2015,"SJM",0,7,0,1
"7659",2015,"SJM",1,7,0,1
"7660",2015,"SJM",0,7,0,1
"7661",2015,"SJM",0,7,0,1
"7662",2015,"SJM",0,7,0,1
"7663",2015,"SJM",0,7,0,1
"7664",2015,"SJM",0,7,0,1
"7665",2015,"SJM",0,7,0,1
"7666",2015,"SJM",1,7,0,1
"7667",2015,"SJM",0,7,0,1
"7668",2015,"SJM",0,7,0,1
"7669",2015,"SJM",0,7,0,1
"7670",2015,"SJM",0,14,0,1
"7671",2015,"SJM",0,7,0,1
"7672",2015,"SJM",0,7,0,1
"7673",2015,"SJM",0,7,0,1
"7674",2015,"SJM",1,14,0,1
"7675",2015,"SJM",0,7,0,1
"7676",2015,"SJM",0,7,0,1
"7677",2015,"SJM",0,14,0,1
"7678",2015,"SJM",0,8,0,1
"7679",2015,"SJM",0,14,0,1
"7680",2015,"SJM",0,8,0,1
"7681",2016,"EAST",0,10,1,1
"7682",2016,"EAST",1,21,1,1
"7683",2016,"EAST",0,10,1,1
"7684",2016,"EAST",1,20,1,1
"7685",2016,"EAST",1,21,1,1
"7686",2016,"EAST",0,20,1,1
"7687",2016,"EAST",1,23,1,1
"7688",2016,"EAST",0,20,1,1
"7689",2016,"EAST",0,23,1,1
"7690",2016,"EAST",1,22,1,1
"7691",2016,"EAST",0,23,1,1
"7692",2016,"EAST",1,23,1,1
"7693",2016,"EAST",0,20,1,1
"7694",2016,"EAST",1,22,1,1
"7695",2016,"EAST",1,20,1,1
"7696",2016,"EAST",1,21,1,1
"7697",2016,"EAST",0,12,1,1
"7698",2016,"EAST",0,10,1,1
"7699",2016,"EAST",1,22,1,1
"7700",2016,"EAST",0,12,1,1
"7701",2016,"EAST",0,22,1,1
"7702",2016,"EAST",0,20,1,1
"7703",2016,"EAST",0,8,1,1
"7704",2016,"EAST",0,12,1,1
"7705",2016,"EAST",0,12,1,1
"7706",2016,"EAST",0,12,1,1
"7707",2016,"EAST",0,22,1,1
"7708",2016,"EAST",0,22,1,1
"7709",2016,"EAST",0,20,1,1
"7710",2016,"EAST",0,22,1,1
"7711",2016,"EAST",0,20,1,1
"7712",2016,"EAST",0,8,1,1
"7713",2016,"EAST",0,12,1,1
"7714",2016,"EAST",0,12,1,1
"7715",2016,"EAST",0,10,1,1
"7716",2016,"EAST",0,22,1,1
"7717",2016,"EAST",0,20,1,1
"7718",2016,"EAST",0,28,1,1
"7719",2016,"EAST",0,22,1,1
"7720",2016,"EAST",0,20,1,1
"7721",2016,"EAST",1,22,1,1
"7722",2016,"EAST",0,12,1,1
"7723",2016,"EAST",0,10,1,1
"7724",2016,"EAST",1,22,1,1
"7725",2016,"EAST",0,12,1,1
"7726",2016,"EAST",1,10,1,1
"7727",2016,"EAST",1,21,1,1
"7728",2016,"EAST",0,21,1,1
"7729",2016,"EAST",1,23,1,1
"7730",2016,"EAST",1,21,1,1
"7731",2016,"EAST",0,12,1,1
"7732",2016,"EAST",1,22,1,1
"7733",2016,"EAST",1,22,1,1
"7734",2016,"EAST",0,23,1,1
"7735",2016,"EAST",1,22,1,1
"7736",2016,"EAST",0,21,1,1
"7737",2016,"EAST",0,21,1,1
"7738",2016,"EAST",0,23,1,1
"7739",2016,"EAST",0,21,1,1
"7740",2016,"EAST",0,22,1,1
"7741",2016,"EAST",0,21,1,1
"7742",2016,"EAST",0,7,1,1
"7743",2016,"EAST",0,14,1,1
"7744",2016,"EAST",0,12,1,1
"7745",2016,"EAST",0,12,1,1
"7746",2016,"EAST",0,22,1,1
"7747",2016,"EAST",1,20,1,1
"7748",2016,"EVER",0,22,4,1
"7749",2016,"EVER",1,22,4,1
"7750",2016,"EVER",0,22,4,1
"7751",2016,"EVER",1,22,4,1
"7752",2016,"EVER",0,21,4,1
"7753",2016,"EVER",1,18,4,1
"7754",2016,"EVER",0,22,4,1
"7755",2016,"EVER",1,13,4,1
"7756",2016,"EVER",0,22,4,1
"7757",2016,"EVER",1,22,4,1
"7758",2016,"EVER",0,22,4,1
"7759",2016,"EVER",1,13,4,1
"7760",2016,"EVER",0,22,4,1
"7761",2016,"EVER",1,22,4,1
"7762",2016,"EVER",1,22,4,1
"7763",2016,"EVER",1,22,4,1
"7764",2016,"EVER",1,22,4,1
"7765",2016,"EVER",0,22,4,1
"7766",2016,"EVER",1,22,4,1
"7767",2016,"EVER",0,21,4,1
"7768",2016,"EVER",1,20,4,1
"7769",2016,"EVER",0,23,4,1
"7770",2016,"EVER",1,22,4,1
"7771",2016,"EVER",0,23,4,1
"7772",2016,"EVER",1,22,4,1
"7773",2016,"EVER",0,23,4,1
"7774",2016,"EVER",1,22,4,1
"7775",2016,"EVER",1,23,4,1
"7776",2016,"EVER",0,12,4,1
"7777",2016,"EVER",0,8,4,1
"7778",2016,"EVER",0,3,4,1
"7779",2016,"EVER",1,12,4,1
"7780",2016,"EVER",0,12,4,1
"7781",2016,"EVER",1,8,4,1
"7782",2016,"EVER",1,21,4,1
"7783",2016,"EVER",0,17,4,1
"7784",2016,"EVER",0,19,4,1
"7785",2016,"EVER",0,6,4,1
"7786",2016,"EVER",0,25,4,1
"7787",2016,"EVER",1,17,4,1
"7788",2016,"EVER",1,19,4,1
"7789",2016,"EVER",0,25,4,1
"7790",2016,"EVER",1,17,4,1
"7791",2016,"EVER",0,25,4,1
"7792",2016,"EVER",0,17,4,1
"7793",2016,"EVER",1,10,4,1
"7794",2016,"EVER",0,25,4,1
"7795",2016,"EVER",0,17,4,1
"7796",2016,"EVER",0,22,4,1
"7797",2016,"EVER",1,17,4,1
"7798",2016,"EVER",0,17,4,1
"7799",2016,"EVER",0,22,4,1
"7800",2016,"EVER",1,8,4,1
"7801",2016,"EVER",1,17,4,1
"7802",2016,"EVER",0,17,4,1
"7803",2016,"EVER",1,22,4,1
"7804",2016,"EVER",0,22,4,1
"7805",2016,"EVER",0,8,4,1
"7806",2016,"EVER",1,5,4,1
"7807",2016,"EVER",0,22,4,1
"7808",2016,"EVER",1,21,4,1
"7809",2016,"EVER",0,22,4,1
"7810",2016,"EVER",1,21,4,1
"7811",2016,"EVER",1,18,4,1
"7812",2016,"EVER",0,21,4,1
"7813",2016,"EVER",0,18,4,1
"7814",2016,"EVER",0,2,4,1
"7815",2016,"EVER",0,21,4,1
"7816",2016,"EVER",0,18,4,1
"7817",2016,"EVER",0,21,4,1
"7818",2016,"EVER",0,18,4,1
"7819",2016,"EVER",0,14,4,1
"7820",2016,"EVER",0,21,4,1
"7821",2016,"EVER",0,18,4,1
"7822",2016,"EVER",0,14,4,1
"7823",2016,"EVER",0,21,4,1
"7824",2016,"EVER",0,18,4,1
"7825",2016,"EVER",0,14,4,1
"7826",2016,"EVER",0,21,4,1
"7827",2016,"EVER",0,18,4,1
"7828",2016,"EVER",0,2,4,1
"7829",2016,"EVER",0,21,4,1
"7830",2016,"EVER",0,18,4,1
"7831",2016,"EVER",0,8,4,1
"7832",2016,"EVER",0,21,4,1
"7833",2016,"EVER",0,18,4,1
"7834",2016,"EVER",0,23,4,1
"7835",2016,"EVER",0,22,4,1
"7836",2016,"EVER",0,10,4,1
"7837",2016,"EVER",0,22,4,1
"7838",2016,"EVER",0,10,4,1
"7839",2016,"EVER",0,11,4,1
"7840",2016,"EVER",1,21,4,1
"7841",2016,"EVER",0,22,4,1
"7842",2016,"EVER",0,10,4,1
"7843",2016,"EVER",0,11,4,1
"7844",2016,"EVER",0,10,4,1
"7845",2016,"EVER",0,11,4,1
"7846",2016,"EVER",0,21,4,1
"7847",2016,"EVER",0,11,4,1
"7848",2016,"EVER",0,21,4,1
"7849",2016,"EVER",0,11,4,1
"7850",2016,"EVER",0,11,4,1
"7851",2016,"EVER",0,20,4,1
"7852",2016,"EVER",0,12,4,1
"7853",2016,"EVER",0,4,4,1
"7854",2016,"EVER",1,21,4,1
"7855",2016,"EVER",0,21,4,1
"7856",2016,"EVER",1,21,4,1
"7857",2016,"EVER",0,21,4,1
"7858",2016,"EVER",0,21,4,1
"7859",2016,"EVER",0,6,4,1
"7860",2016,"EVER",0,5,4,1
"7861",2016,"EVER",0,21,4,1
"7862",2016,"EVER",1,11,4,1
"7863",2016,"EVER",1,22,4,1
"7864",2016,"EVER",0,22,4,1
"7865",2016,"EVER",0,22,4,1
"7866",2016,"EVER",0,20,4,1
"7867",2016,"EVER",0,12,4,1
"7868",2016,"EVER",0,4,4,1
"7869",2016,"EVER",0,21,4,1
"7870",2016,"EVER",0,22,4,1
"7871",2016,"EVER",0,22,4,1
"7872",2016,"EVER",0,23,4,1
"7873",2016,"EVER",0,4,4,1
"7874",2016,"EVER",0,18,4,1
"7875",2016,"EVER",0,22,4,1
"7876",2016,"EVER",0,18,4,1
"7877",2016,"EVER",0,5,4,1
"7878",2016,"EVER",0,23,4,1
"7879",2016,"EVER",1,22,4,1
"7880",2016,"EVER",0,23,4,1
"7881",2016,"EVER",0,22,4,1
"7882",2016,"EVER",0,9,4,1
"7883",2016,"EVER",0,23,4,1
"7884",2016,"EVER",0,22,4,1
"7885",2016,"EVER",1,9,4,1
"7886",2016,"EVER",0,23,4,1
"7887",2016,"EVER",0,22,4,1
"7888",2016,"EVER",0,9,4,1
"7889",2016,"EVER",0,23,4,1
"7890",2016,"EVER",0,4,4,1
"7891",2016,"EVER",1,23,4,1
"7892",2016,"EVER",1,23,4,1
"7893",2016,"EVER",1,23,4,1
"7894",2016,"EVER",0,23,4,1
"7895",2016,"EVER",0,22,4,1
"7896",2016,"EVER",0,22,4,1
"7897",2016,"EVER",0,16,4,1
"7898",2016,"EVER",0,9,4,1
"7899",2016,"EVER",0,22,4,1
"7900",2016,"EVER",0,25,4,1
"7901",2016,"EVER",0,17,4,1
"7902",2016,"EVER",0,22,4,1
"7903",2016,"EVER",0,25,4,1
"7904",2016,"EVER",0,17,4,1
"7905",2016,"EVER",0,22,4,1
"7906",2016,"EVER",0,22,4,1
"7907",2016,"EVER",0,22,4,1
"7908",2016,"EVER",0,22,4,1
"7909",2016,"EVER",0,10,4,1
"7910",2016,"EVER",0,22,4,1
"7911",2016,"EVER",0,17,4,1
"7912",2016,"EVER",0,4,4,1
"7913",2016,"EVER",0,17,4,1
"7914",2016,"EVER",0,4,4,1
"7915",2016,"EVER",0,13,4,1
"7916",2016,"EVER",1,18,4,1
"7917",2016,"EVER",0,21,4,1
"7918",2016,"EVER",0,4,4,1
"7919",2016,"EVER",0,21,4,1
"7920",2016,"EVER",0,17,4,1
"7921",2016,"EVER",0,21,4,1
"7922",2016,"EVER",0,21,4,1
"7923",2016,"KRV",0,22,12,1
"7924",2016,"KRV",1,8,12,1
"7925",2016,"KRV",0,22,12,1
"7926",2016,"KRV",0,22,12,1
"7927",2016,"KRV",0,8,12,1
"7928",2016,"KRV",1,22,12,1
"7929",2016,"KRV",0,22,12,1
"7930",2016,"KRV",0,22,12,1
"7931",2016,"KRV",1,22,12,1
"7932",2016,"KRV",0,22,12,1
"7933",2016,"KRV",0,22,12,1
"7934",2016,"KRV",0,22,12,1
"7935",2016,"KRV",1,22,12,1
"7936",2016,"KRV",0,22,12,1
"7937",2016,"KRV",0,22,12,1
"7938",2016,"KRV",1,22,12,1
"7939",2016,"KRV",1,22,12,1
"7940",2016,"KRV",0,22,12,1
"7941",2016,"KRV",1,22,12,1
"7942",2016,"KRV",1,22,12,1
"7943",2016,"KRV",1,22,12,1
"7944",2016,"KRV",0,22,12,1
"7945",2016,"KRV",0,19,12,1
"7946",2016,"KRV",0,3,12,1
"7947",2016,"KRV",1,22,12,1
"7948",2016,"KRV",1,22,12,1
"7949",2016,"KRV",1,22,12,1
"7950",2016,"KRV",1,22,12,1
"7951",2016,"KRV",0,22,12,1
"7952",2016,"KRV",0,14,12,1
"7953",2016,"KRV",0,5,12,1
"7954",2016,"KRV",0,22,12,1
"7955",2016,"KRV",1,22,12,1
"7956",2016,"KRV",0,22,12,1
"7957",2016,"KRV",1,22,12,1
"7958",2016,"KRV",0,19,12,1
"7959",2016,"KRV",0,3,12,1
"7960",2016,"KRV",1,22,12,1
"7961",2016,"KRV",0,17,12,1
"7962",2016,"KRV",0,22,12,1
"7963",2016,"KRV",0,8,12,1
"7964",2016,"KRV",1,22,12,1
"7965",2016,"KRV",0,22,12,1
"7966",2016,"KRV",1,22,12,1
"7967",2016,"KRV",1,22,12,1
"7968",2016,"KRV",1,22,12,1
"7969",2016,"KRV",1,22,12,1
"7970",2016,"KRV",0,22,12,1
"7971",2016,"KRV",0,14,12,1
"7972",2016,"KRV",0,5,12,1
"7973",2016,"KRV",0,22,12,1
"7974",2016,"KRV",0,22,12,1
"7975",2016,"KRV",1,22,12,1
"7976",2016,"KRV",1,14,12,1
"7977",2016,"KRV",0,20,12,1
"7978",2016,"KRV",1,23,12,1
"7979",2016,"KRV",0,20,12,1
"7980",2016,"KRV",1,23,12,1
"7981",2016,"KRV",0,20,12,1
"7982",2016,"KRV",0,23,12,1
"7983",2016,"KRV",1,20,12,1
"7984",2016,"KRV",0,20,12,1
"7985",2016,"KRV",0,17,12,1
"7986",2016,"KRV",0,6,12,1
"7987",2016,"KRV",0,20,12,1
"7988",2016,"KRV",0,23,12,1
"7989",2016,"KRV",0,18,12,1
"7990",2016,"KRV",0,20,12,1
"7991",2016,"KRV",0,10,12,1
"7992",2016,"KRV",0,13,12,1
"7993",2016,"KRV",0,20,12,1
"7994",2016,"KRV",1,23,12,1
"7995",2016,"KRV",1,20,12,1
"7996",2016,"KRV",1,20,12,1
"7997",2016,"KRV",0,20,12,1
"7998",2016,"KRV",1,17,12,1
"7999",2016,"KRV",0,20,12,1
"8000",2016,"KRV",0,17,12,1
"8001",2016,"KRV",0,6,12,1
"8002",2016,"KRV",0,23,12,1
"8003",2016,"KRV",1,18,12,1
"8004",2016,"KRV",1,23,12,1
"8005",2016,"KRV",0,23,12,1
"8006",2016,"KRV",0,18,12,1
"8007",2016,"KRV",0,14,12,1
"8008",2016,"KRV",1,18,12,1
"8009",2016,"KRV",1,18,12,1
"8010",2016,"KRV",0,18,12,1
"8011",2016,"KRV",0,14,12,1
"8012",2016,"KRV",0,2,12,1
"8013",2016,"KRV",1,22,12,1
"8014",2016,"KRV",0,6,12,1
"8015",2016,"KRV",0,20,12,1
"8016",2016,"KRV",0,9,12,1
"8017",2016,"KRV",1,14,12,1
"8018",2016,"KRV",1,13,12,1
"8019",2016,"KRV",0,13,12,1
"8020",2016,"KRV",1,22,12,1
"8021",2016,"KRV",0,11,12,1
"8022",2016,"KRV",1,13,12,1
"8023",2016,"KRV",0,13,12,1
"8024",2016,"KRV",0,22,12,1
"8025",2016,"KRV",0,6,12,1
"8026",2016,"KRV",0,11,12,1
"8027",2016,"KRV",0,13,12,1
"8028",2016,"KRV",0,22,12,1
"8029",2016,"KRV",0,6,12,1
"8030",2016,"KRV",0,16,12,1
"8031",2016,"KRV",0,11,12,1
"8032",2016,"KRV",0,13,12,1
"8033",2016,"KRV",1,22,12,1
"8034",2016,"KRV",0,11,12,1
"8035",2016,"KRV",0,13,12,1
"8036",2016,"KRV",0,15,12,1
"8037",2016,"KRV",0,7,12,1
"8038",2016,"KRV",0,20,12,1
"8039",2016,"KRV",0,9,12,1
"8040",2016,"KRV",0,13,12,1
"8041",2016,"KRV",0,22,12,1
"8042",2016,"KRV",1,13,12,1
"8043",2016,"KRV",0,22,12,1
"8044",2016,"KRV",1,22,12,1
"8045",2016,"KRV",1,14,12,1
"8046",2016,"KRV",1,14,12,1
"8047",2016,"KRV",1,14,12,1
"8048",2016,"KRV",1,14,12,1
"8049",2016,"KRV",0,14,12,1
"8050",2016,"KRV",1,22,12,1
"8051",2016,"KRV",1,14,12,1
"8052",2016,"KRV",1,22,12,1
"8053",2016,"KRV",1,22,12,1
"8054",2016,"KRV",0,22,12,1
"8055",2016,"KRV",0,22,12,1
"8056",2016,"KRV",0,22,12,1
"8057",2016,"KRV",1,22,12,1
"8058",2016,"KRV",1,22,12,1
"8059",2016,"KRV",1,22,12,1
"8060",2016,"KRV",0,22,12,1
"8061",2016,"KRV",1,13,12,1
"8062",2016,"KRV",1,22,12,1
"8063",2016,"KRV",1,23,12,1
"8064",2016,"KRV",1,23,12,1
"8065",2016,"KRV",0,11,12,1
"8066",2016,"KRV",0,13,12,1
"8067",2016,"KRV",1,22,12,1
"8068",2016,"KRV",0,11,12,1
"8069",2016,"KRV",0,13,12,1
"8070",2016,"KRV",1,16,12,1
"8071",2016,"KRV",0,22,12,1
"8072",2016,"KRV",0,15,12,1
"8073",2016,"KRV",0,7,12,1
"8074",2016,"KRV",0,22,12,1
"8075",2016,"KRV",1,15,12,1
"8076",2016,"KRV",0,7,12,1
"8077",2016,"KRV",1,22,12,1
"8078",2016,"KRV",1,22,12,1
"8079",2016,"KRV",1,22,12,1
"8080",2016,"KRV",1,22,12,1
"8081",2016,"KRV",0,22,12,1
"8082",2016,"KRV",1,22,12,1
"8083",2016,"KRV",0,7,12,1
"8084",2016,"KRV",1,22,12,1
"8085",2016,"KRV",1,22,12,1
"8086",2016,"KRV",0,22,12,1
"8087",2016,"KRV",1,22,12,1
"8088",2016,"KRV",1,22,12,1
"8089",2016,"KRV",0,6,12,1
"8090",2016,"KRV",1,22,12,1
"8091",2016,"KRV",1,22,12,1
"8092",2016,"KRV",1,22,12,1
"8093",2016,"KRV",1,22,12,1
"8094",2016,"KRV",1,22,12,1
"8095",2016,"KRV",1,12,12,1
"8096",2016,"KRV",1,22,12,1
"8097",2016,"KRV",1,22,12,1
"8098",2016,"KRV",1,22,12,1
"8099",2016,"KRV",1,22,12,1
"8100",2016,"KRV",0,22,12,1
"8101",2016,"KRV",1,20,12,1
"8102",2016,"KRV",0,23,12,1
"8103",2016,"KRV",1,14,12,1
"8104",2016,"KRV",0,23,12,1
"8105",2016,"KRV",0,14,12,1
"8106",2016,"KRV",0,20,12,1
"8107",2016,"KRV",1,19,12,1
"8108",2016,"KRV",0,20,12,1
"8109",2016,"KRV",0,23,12,1
"8110",2016,"KRV",1,9,12,1
"8111",2016,"KRV",0,20,12,1
"8112",2016,"KRV",0,23,12,1
"8113",2016,"KRV",0,9,12,1
"8114",2016,"KRV",0,20,12,1
"8115",2016,"KRV",1,23,12,1
"8116",2016,"KRV",1,20,12,1
"8117",2016,"KRV",1,20,12,1
"8118",2016,"KRV",1,20,12,1
"8119",2016,"KRV",1,20,12,1
"8120",2016,"KRV",1,20,12,1
"8121",2016,"KRV",1,23,12,1
"8122",2016,"KRV",0,23,12,1
"8123",2016,"KRV",1,14,12,1
"8124",2016,"KRV",0,23,12,1
"8125",2016,"KRV",1,14,12,1
"8126",2016,"KRV",1,23,12,1
"8127",2016,"KRV",1,23,12,1
"8128",2016,"KRV",1,14,12,1
"8129",2016,"KRV",0,14,12,1
"8130",2016,"KRV",1,20,12,1
"8131",2016,"KRV",0,14,12,1
"8132",2016,"KRV",0,20,12,1
"8133",2016,"KRV",1,9,12,1
"8134",2016,"KRV",0,8,12,1
"8135",2016,"KRV",1,22,12,1
"8136",2016,"KRV",0,9,12,1
"8137",2016,"KRV",0,6,12,1
"8138",2016,"KRV",0,22,12,1
"8139",2016,"KRV",0,17,12,1
"8140",2016,"KRV",0,4,12,1
"8141",2016,"KRV",1,22,12,1
"8142",2016,"KRV",0,22,12,1
"8143",2016,"KRV",1,17,12,1
"8144",2016,"KRV",1,22,12,1
"8145",2016,"KRV",0,22,12,1
"8146",2016,"KRV",1,21,12,1
"8147",2016,"KRV",0,22,12,1
"8148",2016,"KRV",0,17,12,1
"8149",2016,"KRV",0,4,12,1
"8150",2016,"KRV",0,22,12,1
"8151",2016,"KRV",0,21,12,1
"8152",2016,"KRV",0,8,12,1
"8153",2016,"KRV",1,22,12,1
"8154",2016,"KRV",1,21,12,1
"8155",2016,"KRV",0,21,12,1
"8156",2016,"KRV",0,19,12,1
"8157",2016,"KRV",0,3,12,1
"8158",2016,"KRV",0,21,12,1
"8159",2016,"KRV",0,22,12,1
"8160",2016,"KRV",0,11,12,1
"8161",2016,"KRV",0,21,12,1
"8162",2016,"KRV",0,22,12,1
"8163",2016,"KRV",0,11,12,1
"8164",2016,"KRV",0,21,12,1
"8165",2016,"KRV",0,22,12,1
"8166",2016,"KRV",0,11,12,1
"8167",2016,"KRV",1,9,12,1
"8168",2016,"KRV",0,21,12,1
"8169",2016,"KRV",1,22,12,1
"8170",2016,"KRV",0,21,12,1
"8171",2016,"KRV",0,22,12,1
"8172",2016,"KRV",0,11,12,1
"8173",2016,"KRV",1,21,12,1
"8174",2016,"KRV",0,14,12,1
"8175",2016,"KRV",0,14,12,1
"8176",2016,"KRV",1,22,12,1
"8177",2016,"KRV",0,14,12,1
"8178",2016,"KRV",0,14,12,1
"8179",2016,"KRV",1,22,12,1
"8180",2016,"KRV",0,14,12,1
"8181",2016,"KRV",1,14,12,1
"8182",2016,"KRV",0,14,12,1
"8183",2016,"KRV",0,10,12,1
"8184",2016,"KRV",0,14,12,1
"8185",2016,"KRV",1,14,12,1
"8186",2016,"KRV",0,14,12,1
"8187",2016,"KRV",1,22,12,1
"8188",2016,"KRV",0,14,12,1
"8189",2016,"KRV",1,22,12,1
"8190",2016,"KRV",1,22,12,1
"8191",2016,"KRV",1,22,12,1
"8192",2016,"KRV",0,21,12,1
"8193",2016,"KRV",1,23,12,1
"8194",2016,"KRV",0,23,12,1
"8195",2016,"KRV",1,21,12,1
"8196",2016,"KRV",1,23,12,1
"8197",2016,"KRV",1,21,12,1
"8198",2016,"KRV",1,14,12,1
"8199",2016,"KRV",0,22,12,1
"8200",2016,"KRV",0,14,12,1
"8201",2016,"KRV",1,5,12,1
"8202",2016,"KRV",1,22,12,1
"8203",2016,"KRV",1,22,12,1
"8204",2016,"KRV",1,22,12,1
"8205",2016,"KRV",0,22,12,1
"8206",2016,"KRV",1,20,12,1
"8207",2016,"KRV",1,22,12,1
"8208",2016,"KRV",0,22,12,1
"8209",2016,"KRV",1,20,12,1
"8210",2016,"KRV",0,22,12,1
"8211",2016,"KRV",1,20,12,1
"8212",2016,"KRV",0,22,12,1
"8213",2016,"KRV",1,20,12,1
"8214",2016,"KRV",0,22,12,1
"8215",2016,"KRV",0,20,12,1
"8216",2016,"KRV",0,23,12,1
"8217",2016,"KRV",1,22,12,1
"8218",2016,"KRV",1,22,12,1
"8219",2016,"KRV",1,22,12,1
"8220",2016,"KRV",1,22,12,1
"8221",2016,"KRV",1,22,12,1
"8222",2016,"KRV",1,22,12,1
"8223",2016,"KRV",0,22,12,1
"8224",2016,"KRV",0,20,12,1
"8225",2016,"KRV",1,20,12,1
"8226",2016,"KRV",1,20,12,1
"8227",2016,"KRV",1,23,12,1
"8228",2016,"KRV",0,22,12,1
"8229",2016,"KRV",1,22,12,1
"8230",2016,"KRV",0,22,12,1
"8231",2016,"KRV",0,9,12,1
"8232",2016,"KRV",0,13,12,1
"8233",2016,"KRV",1,22,12,1
"8234",2016,"KRV",1,22,12,1
"8235",2016,"KRV",0,22,12,1
"8236",2016,"KRV",1,22,12,1
"8237",2016,"KRV",0,22,12,1
"8238",2016,"KRV",1,22,12,1
"8239",2016,"KRV",0,22,12,1
"8240",2016,"KRV",1,22,12,1
"8241",2016,"KRV",1,22,12,1
"8242",2016,"KRV",0,22,12,1
"8243",2016,"KRV",0,9,12,1
"8244",2016,"KRV",0,13,12,1
"8245",2016,"KRV",0,22,12,1
"8246",2016,"KRV",0,22,12,1
"8247",2016,"KRV",0,22,12,1
"8248",2016,"KRV",1,15,12,1
"8249",2016,"KRV",0,22,12,1
"8250",2016,"KRV",0,15,12,1
"8251",2016,"KRV",0,7,12,1
"8252",2016,"KRV",0,22,12,1
"8253",2016,"KRV",1,22,12,1
"8254",2016,"KRV",1,22,12,1
"8255",2016,"KRV",1,22,12,1
"8256",2016,"KRV",1,22,12,1
"8257",2016,"KRV",0,14,12,1
"8258",2016,"KRV",0,8,12,1
"8259",2016,"KRV",0,14,12,1
"8260",2016,"KRV",0,22,12,1
"8261",2016,"KRV",1,15,12,1
"8262",2016,"KRV",1,22,12,1
"8263",2016,"KRV",1,22,12,1
"8264",2016,"KRV",0,22,12,1
"8265",2016,"KRV",0,22,12,1
"8266",2016,"KRV",1,9,12,1
"8267",2016,"KRV",0,22,12,1
"8268",2016,"KRV",1,22,12,1
"8269",2016,"KRV",1,22,12,1
"8270",2016,"KRV",0,22,12,1
"8271",2016,"KRV",0,22,12,1
"8272",2016,"KRV",0,22,12,1
"8273",2016,"KRV",0,9,12,1
"8274",2016,"KRV",0,13,12,1
"8275",2016,"KRV",1,22,12,1
"8276",2016,"KRV",0,22,12,1
"8277",2016,"KRV",1,15,12,1
"8278",2016,"KRV",0,22,12,1
"8279",2016,"KRV",0,22,12,1
"8280",2016,"KRV",0,20,12,1
"8281",2016,"KRV",0,22,12,1
"8282",2016,"KRV",1,22,12,1
"8283",2016,"KRV",0,22,12,1
"8284",2016,"KRV",1,22,12,1
"8285",2016,"KRV",0,22,12,1
"8286",2016,"KRV",0,22,12,1
"8287",2016,"KRV",0,9,12,1
"8288",2016,"KRV",1,22,12,1
"8289",2016,"KRV",1,22,12,1
"8290",2016,"KRV",0,22,12,1
"8291",2016,"KRV",1,22,12,1
"8292",2016,"KRV",1,22,12,1
"8293",2016,"KRV",0,22,12,1
"8294",2016,"KRV",0,22,12,1
"8295",2016,"KRV",0,20,12,1
"8296",2016,"KRV",1,22,12,1
"8297",2016,"KRV",1,22,12,1
"8298",2016,"KRV",1,22,12,1
"8299",2016,"KRV",1,22,12,1
"8300",2016,"KRV",1,22,12,1
"8301",2016,"KRV",1,22,12,1
"8302",2016,"KRV",1,22,12,1
"8303",2016,"KRV",0,22,12,1
"8304",2016,"KRV",0,20,12,1
"8305",2016,"KRV",0,2,12,1
"8306",2016,"KRV",1,22,12,1
"8307",2016,"KRV",1,22,12,1
"8308",2016,"KRV",1,22,12,1
"8309",2016,"KRV",0,22,12,1
"8310",2016,"KRV",0,20,12,1
"8311",2016,"KRV",0,22,12,1
"8312",2016,"KRV",0,22,12,1
"8313",2016,"KRV",1,22,12,1
"8314",2016,"KRV",0,22,12,1
"8315",2016,"KRV",0,12,12,1
"8316",2016,"KRV",0,10,12,1
"8317",2016,"KRV",1,22,12,1
"8318",2016,"KRV",1,22,12,1
"8319",2016,"KRV",1,22,12,1
"8320",2016,"KRV",0,22,12,1
"8321",2016,"KRV",0,6,12,1
"8322",2016,"KRV",1,20,12,1
"8323",2016,"KRV",1,22,12,1
"8324",2016,"KRV",0,22,12,1
"8325",2016,"KRV",0,20,12,1
"8326",2016,"KRV",0,23,12,1
"8327",2016,"KRV",1,22,12,1
"8328",2016,"KRV",1,22,12,1
"8329",2016,"KRV",0,22,12,1
"8330",2016,"KRV",0,22,12,1
"8331",2016,"KRV",0,9,12,1
"8332",2016,"KRV",0,22,12,1
"8333",2016,"KRV",0,15,12,1
"8334",2016,"KRV",0,7,12,1
"8335",2016,"KRV",0,22,12,1
"8336",2016,"KRV",0,9,12,1
"8337",2016,"KRV",0,13,12,1
"8338",2016,"KRV",0,22,12,1
"8339",2016,"KRV",1,22,12,1
"8340",2016,"KRV",0,22,12,1
"8341",2016,"KRV",0,22,12,1
"8342",2016,"KRV",0,9,12,1
"8343",2016,"KRV",1,22,12,1
"8344",2016,"KRV",0,22,12,1
"8345",2016,"KRV",0,22,12,1
"8346",2016,"KRV",0,22,12,1
"8347",2016,"KRV",0,15,12,1
"8348",2016,"KRV",1,22,12,1
"8349",2016,"KRV",0,19,12,1
"8350",2016,"KRV",1,3,12,1
"8351",2016,"KRV",0,22,12,1
"8352",2016,"KRV",0,22,12,1
"8353",2016,"KRV",0,22,12,1
"8354",2016,"KRV",0,20,12,1
"8355",2016,"KRV",0,11,12,1
"8356",2016,"KRV",0,12,12,1
"8357",2016,"KRV",1,22,12,1
"8358",2016,"KRV",0,22,12,1
"8359",2016,"KRV",0,20,12,1
"8360",2016,"KRV",1,22,12,1
"8361",2016,"KRV",1,22,12,1
"8362",2016,"KRV",0,22,12,1
"8363",2016,"KRV",0,22,12,1
"8364",2016,"KRV",0,22,12,1
"8365",2016,"KRV",0,11,12,1
"8366",2016,"KRV",1,22,12,1
"8367",2016,"KRV",0,22,12,1
"8368",2016,"KRV",0,11,12,1
"8369",2016,"KRV",1,22,12,1
"8370",2016,"KRV",0,22,12,1
"8371",2016,"KRV",0,9,12,1
"8372",2016,"KRV",0,13,12,1
"8373",2016,"KRV",0,22,12,1
"8374",2016,"KRV",0,22,12,1
"8375",2016,"KRV",0,9,12,1
"8376",2016,"KRV",0,10,12,1
"8377",2016,"KRV",1,20,12,1
"8378",2016,"KRV",1,20,12,1
"8379",2016,"KRV",1,23,12,1
"8380",2016,"KRV",0,22,12,1
"8381",2016,"KRV",0,11,12,1
"8382",2016,"KRV",0,27,12,1
"8383",2016,"KRV",0,12,12,1
"8384",2016,"KRV",0,16,12,1
"8385",2016,"KRV",1,12,12,1
"8386",2016,"KRV",1,28,12,1
"8387",2016,"KRV",0,22,12,1
"8388",2016,"KRV",0,16,12,1
"8389",2016,"KRV",0,13,12,1
"8390",2016,"KRV",0,7,12,1
"8391",2016,"KRV",0,11,12,1
"8392",2016,"KRV",0,22,12,1
"8393",2016,"KRV",1,20,12,1
"8394",2016,"KRV",1,15,12,1
"8395",2016,"KRV",0,22,12,1
"8396",2016,"OKEE",0,20,7,1
"8397",2016,"OKEE",0,18,7,1
"8398",2016,"OKEE",0,20,7,1
"8399",2016,"OKEE",0,18,7,1
"8400",2016,"OKEE",0,8,7,1
"8401",2016,"OKEE",1,20,7,1
"8402",2016,"OKEE",0,20,7,1
"8403",2016,"OKEE",1,18,7,1
"8404",2016,"OKEE",0,3,7,1
"8405",2016,"OKEE",1,20,7,1
"8406",2016,"OKEE",0,13,7,1
"8407",2016,"OKEE",0,7,7,1
"8408",2016,"OKEE",0,20,7,1
"8409",2016,"OKEE",0,21,7,1
"8410",2016,"OKEE",0,20,7,1
"8411",2016,"OKEE",1,18,7,1
"8412",2016,"OKEE",0,21,7,1
"8413",2016,"OKEE",0,10,7,1
"8414",2016,"OKEE",0,20,7,1
"8415",2016,"OKEE",0,13,7,1
"8416",2016,"OKEE",0,5,7,1
"8417",2016,"OKEE",0,20,7,1
"8418",2016,"OKEE",0,21,7,1
"8419",2016,"OKEE",1,19,7,1
"8420",2016,"OKEE",0,20,7,1
"8421",2016,"OKEE",1,20,7,1
"8422",2016,"OKEE",1,20,7,1
"8423",2016,"OKEE",1,22,7,1
"8424",2016,"OKEE",0,22,7,1
"8425",2016,"OKEE",0,22,7,1
"8426",2016,"OKEE",1,22,7,1
"8427",2016,"OKEE",0,22,7,1
"8428",2016,"OKEE",1,22,7,1
"8429",2016,"OKEE",0,22,7,1
"8430",2016,"OKEE",0,22,7,1
"8431",2016,"OKEE",1,22,7,1
"8432",2016,"OKEE",0,22,7,1
"8433",2016,"OKEE",1,11,7,1
"8434",2016,"OKEE",0,22,7,1
"8435",2016,"OKEE",0,11,7,1
"8436",2016,"OKEE",0,11,7,1
"8437",2016,"OKEE",1,22,7,1
"8438",2016,"OKEE",0,22,7,1
"8439",2016,"OKEE",1,22,7,1
"8440",2016,"OKEE",0,22,7,1
"8441",2016,"OKEE",0,13,7,1
"8442",2016,"OKEE",0,8,7,1
"8443",2016,"OKEE",0,22,7,1
"8444",2016,"OKEE",0,22,7,1
"8445",2016,"OKEE",0,21,7,1
"8446",2016,"OKEE",0,22,7,1
"8447",2016,"OKEE",0,20,7,1
"8448",2016,"OKEE",0,12,7,1
"8449",2016,"OKEE",0,22,7,1
"8450",2016,"OKEE",0,22,7,1
"8451",2016,"OKEE",0,10,7,1
"8452",2016,"OKEE",0,11,7,1
"8453",2016,"OKEE",1,22,7,1
"8454",2016,"OKEE",1,22,7,1
"8455",2016,"OKEE",1,22,7,1
"8456",2016,"OKEE",0,22,7,1
"8457",2016,"OKEE",1,22,7,1
"8458",2016,"OKEE",0,22,7,1
"8459",2016,"OKEE",1,17,7,1
"8460",2016,"OKEE",1,17,7,1
"8461",2016,"OKEE",1,22,7,1
"8462",2016,"OKEE",1,22,7,1
"8463",2016,"OKEE",1,21,7,1
"8464",2016,"OKEE",0,11,7,1
"8465",2016,"OKEE",0,6,7,1
"8466",2016,"OKEE",0,5,7,1
"8467",2016,"OKEE",1,22,7,1
"8468",2016,"OKEE",0,22,7,1
"8469",2016,"OKEE",1,21,7,1
"8470",2016,"OKEE",1,22,7,1
"8471",2016,"OKEE",1,22,7,1
"8472",2016,"OKEE",1,22,7,1
"8473",2016,"OKEE",0,21,7,1
"8474",2016,"OKEE",0,16,7,1
"8475",2016,"OKEE",0,6,7,1
"8476",2016,"OKEE",0,5,7,1
"8477",2016,"OKEE",1,18,7,1
"8478",2016,"OKEE",0,22,7,1
"8479",2016,"OKEE",0,25,7,1
"8480",2016,"OKEE",0,4,7,1
"8481",2016,"OKEE",0,22,7,1
"8482",2016,"OKEE",0,20,7,1
"8483",2016,"OKEE",1,22,7,1
"8484",2016,"OKEE",1,22,7,1
"8485",2016,"OKEE",0,22,7,1
"8486",2016,"OKEE",1,22,7,1
"8487",2016,"OKEE",0,22,7,1
"8488",2016,"OKEE",1,22,7,1
"8489",2016,"OKEE",1,22,7,1
"8490",2016,"OKEE",1,22,7,1
"8491",2016,"OKEE",1,22,7,1
"8492",2016,"OKEE",0,22,7,1
"8493",2016,"OKEE",0,11,7,1
"8494",2016,"OKEE",0,11,7,1
"8495",2016,"OKEE",0,22,7,1
"8496",2016,"OKEE",0,22,7,1
"8497",2016,"OKEE",0,22,7,1
"8498",2016,"OKEE",0,22,7,1
"8499",2016,"OKEE",1,22,7,1
"8500",2016,"OKEE",1,22,7,1
"8501",2016,"OKEE",0,22,7,1
"8502",2016,"OKEE",0,11,7,1
"8503",2016,"OKEE",0,2,7,1
"8504",2016,"OKEE",0,20,7,1
"8505",2016,"OKEE",0,13,7,1
"8506",2016,"OKEE",0,5,7,1
"8507",2016,"OKEE",0,20,7,1
"8508",2016,"OKEE",0,18,7,1
"8509",2016,"OKEE",0,3,7,1
"8510",2016,"OKEE",0,20,7,1
"8511",2016,"OKEE",0,18,7,1
"8512",2016,"OKEE",0,2,7,1
"8513",2016,"OKEE",0,20,7,1
"8514",2016,"OKEE",0,21,7,1
"8515",2016,"OKEE",0,7,7,1
"8516",2016,"OKEE",0,20,7,1
"8517",2016,"OKEE",0,21,7,1
"8518",2016,"OKEE",0,7,7,1
"8519",2016,"OKEE",0,2,7,1
"8520",2016,"OKEE",1,22,7,1
"8521",2016,"OKEE",1,22,7,1
"8522",2016,"OKEE",1,22,7,1
"8523",2016,"OKEE",0,22,7,1
"8524",2016,"OKEE",1,22,7,1
"8525",2016,"OKEE",1,22,7,1
"8526",2016,"OKEE",1,22,7,1
"8527",2016,"OKEE",1,22,7,1
"8528",2016,"OKEE",1,22,7,1
"8529",2016,"OKEE",1,22,7,1
"8530",2016,"OKEE",1,22,7,1
"8531",2016,"OKEE",1,22,7,1
"8532",2016,"OKEE",0,22,7,1
"8533",2016,"OKEE",0,11,7,1
"8534",2016,"OKEE",0,6,7,1
"8535",2016,"OKEE",1,22,7,1
"8536",2016,"OKEE",0,22,7,1
"8537",2016,"OKEE",0,22,7,1
"8538",2016,"OKEE",0,21,7,1
"8539",2016,"OKEE",0,22,7,1
"8540",2016,"OKEE",1,11,7,1
"8541",2016,"OKEE",0,22,7,1
"8542",2016,"OKEE",0,22,7,1
"8543",2016,"OKEE",0,21,7,1
"8544",2016,"OKEE",0,22,7,1
"8545",2016,"OKEE",0,18,7,1
"8546",2016,"OKEE",0,20,7,1
"8547",2016,"OKEE",0,13,7,1
"8548",2016,"OKEE",1,18,7,1
"8549",2016,"OKEE",0,18,7,1
"8550",2016,"OKEE",1,21,7,1
"8551",2016,"OKEE",0,18,7,1
"8552",2016,"OKEE",1,21,7,1
"8553",2016,"OKEE",0,18,7,1
"8554",2016,"OKEE",1,21,7,1
"8555",2016,"OKEE",1,22,7,1
"8556",2016,"OKEE",0,13,7,1
"8557",2016,"OKEE",0,9,7,1
"8558",2016,"OKEE",0,20,7,1
"8559",2016,"OKEE",1,16,7,1
"8560",2016,"OKEE",0,22,7,1
"8561",2016,"OKEE",1,16,7,1
"8562",2016,"OKEE",0,22,7,1
"8563",2016,"OKEE",0,16,7,1
"8564",2016,"OKEE",0,7,7,1
"8565",2016,"OKEE",0,9,7,1
"8566",2016,"OKEE",1,13,7,1
"8567",2016,"OKEE",1,22,7,1
"8568",2016,"OKEE",1,22,7,1
"8569",2016,"OKEE",0,13,7,1
"8570",2016,"OKEE",0,9,7,1
"8571",2016,"OKEE",0,9,7,1
"8572",2016,"OKEE",0,22,7,1
"8573",2016,"OKEE",0,9,7,1
"8574",2016,"OKEE",0,7,7,1
"8575",2016,"OKEE",1,22,7,1
"8576",2016,"OKEE",0,22,7,1
"8577",2016,"OKEE",0,16,7,1
"8578",2016,"OKEE",0,7,7,1
"8579",2016,"OKEE",0,22,7,1
"8580",2016,"OKEE",1,16,7,1
"8581",2016,"OKEE",0,8,7,1
"8582",2016,"OKEE",0,5,7,1
"8583",2016,"OKEE",0,9,7,1
"8584",2016,"OKEE",1,14,7,1
"8585",2016,"OKEE",0,8,7,1
"8586",2016,"OKEE",0,16,7,1
"8587",2016,"OKEE",0,7,7,1
"8588",2016,"OKEE",0,9,7,1
"8589",2016,"OKEE",1,23,7,1
"8590",2016,"OKEE",0,9,7,1
"8591",2016,"OKEE",0,9,7,1
"8592",2016,"OKEE",1,7,7,1
"8593",2016,"OKEE",1,9,7,1
"8594",2016,"OKEE",0,9,7,1
"8595",2016,"OKEE",0,19,7,1
"8596",2016,"OKEE",1,13,7,1
"8597",2016,"OKEE",0,9,7,1
"8598",2016,"OKEE",0,19,7,1
"8599",2016,"OKEE",0,13,7,1
"8600",2016,"OKEE",0,9,7,1
"8601",2016,"OKEE",0,8,7,1
"8602",2016,"OKEE",0,19,7,1
"8603",2016,"OKEE",0,22,7,1
"8604",2016,"OKEE",0,9,7,1
"8605",2016,"OKEE",0,3,7,1
"8606",2016,"OKEE",1,19,7,1
"8607",2016,"OKEE",0,3,7,1
"8608",2016,"OKEE",0,19,7,1
"8609",2016,"OKEE",1,22,7,1
"8610",2016,"OKEE",1,11,7,1
"8611",2016,"OKEE",0,19,7,1
"8612",2016,"OKEE",0,22,7,1
"8613",2016,"OKEE",0,16,7,1
"8614",2016,"OKEE",0,19,7,1
"8615",2016,"OKEE",0,8,7,1
"8616",2016,"OKEE",1,5,7,1
"8617",2016,"OKEE",0,19,7,1
"8618",2016,"OKEE",0,22,7,1
"8619",2016,"OKEE",0,9,7,1
"8620",2016,"OKEE",0,19,7,1
"8621",2016,"OKEE",0,22,7,1
"8622",2016,"OKEE",0,9,7,1
"8623",2016,"OKEE",1,22,7,1
"8624",2016,"OKEE",1,22,7,1
"8625",2016,"OKEE",1,22,7,1
"8626",2016,"OKEE",0,22,7,1
"8627",2016,"OKEE",0,22,7,1
"8628",2016,"OKEE",0,10,7,1
"8629",2016,"OKEE",0,22,7,1
"8630",2016,"OKEE",0,22,7,1
"8631",2016,"OKEE",0,21,7,1
"8632",2016,"OKEE",0,10,7,1
"8633",2016,"OKEE",0,22,7,1
"8634",2016,"OKEE",0,10,7,1
"8635",2016,"OKEE",0,10,7,1
"8636",2016,"OKEE",0,22,7,1
"8637",2016,"OKEE",1,22,7,1
"8638",2016,"OKEE",0,22,7,1
"8639",2016,"OKEE",0,20,7,1
"8640",2016,"OKEE",0,12,7,1
"8641",2016,"OKEE",0,8,7,1
"8642",2016,"OKEE",0,4,7,1
"8643",2016,"OKEE",0,8,7,1
"8644",2016,"OKEE",1,16,7,1
"8645",2016,"OKEE",0,9,7,1
"8646",2016,"OKEE",0,7,7,1
"8647",2016,"OKEE",0,16,7,1
"8648",2016,"OKEE",0,14,7,1
"8649",2016,"OKEE",0,7,7,1
"8650",2016,"OKEE",0,4,7,1
"8651",2016,"OKEE",0,20,7,1
"8652",2016,"OKEE",1,13,7,1
"8653",2016,"OKEE",0,20,7,1
"8654",2016,"OKEE",1,18,7,1
"8655",2016,"OKEE",0,20,7,1
"8656",2016,"OKEE",0,18,7,1
"8657",2016,"OKEE",0,3,7,1
"8658",2016,"OKEE",0,20,7,1
"8659",2016,"OKEE",0,21,7,1
"8660",2016,"OKEE",1,7,7,1
"8661",2016,"OKEE",0,20,7,1
"8662",2016,"OKEE",0,21,7,1
"8663",2016,"OKEE",1,7,7,1
"8664",2016,"OKEE",0,20,7,1
"8665",2016,"OKEE",0,13,7,1
"8666",2016,"OKEE",0,20,7,1
"8667",2016,"OKEE",0,21,7,1
"8668",2016,"OKEE",0,7,7,1
"8669",2016,"OKEE",1,20,7,1
"8670",2016,"OKEE",0,20,7,1
"8671",2016,"OKEE",0,21,7,1
"8672",2016,"OKEE",0,7,7,1
"8673",2016,"OKEE",0,20,7,1
"8674",2016,"OKEE",0,18,7,1
"8675",2016,"OKEE",0,20,7,1
"8676",2016,"OKEE",0,18,7,1
"8677",2016,"OKEE",0,3,7,1
"8678",2016,"OKEE",0,20,7,1
"8679",2016,"OKEE",0,13,7,1
"8680",2016,"OKEE",0,5,7,1
"8681",2016,"OKEE",0,20,7,1
"8682",2016,"OKEE",0,18,7,1
"8683",2016,"OKEE",0,20,7,1
"8684",2016,"OKEE",0,21,7,1
"8685",2016,"OKEE",0,7,7,1
"8686",2016,"OKEE",0,4,7,1
"8687",2016,"OKEE",0,20,7,1
"8688",2016,"OKEE",0,21,7,1
"8689",2016,"OKEE",0,7,7,1
"8690",2016,"OKEE",0,20,7,1
"8691",2016,"OKEE",0,13,7,1
"8692",2016,"OKEE",0,5,7,1
"8693",2016,"OKEE",0,20,7,1
"8694",2016,"OKEE",0,18,7,1
"8695",2016,"OKEE",0,20,7,1
"8696",2016,"OKEE",1,18,7,1
"8697",2016,"OKEE",0,20,7,1
"8698",2016,"OKEE",0,21,7,1
"8699",2016,"OKEE",0,7,7,1
"8700",2016,"OKEE",0,4,7,1
"8701",2016,"OKEE",0,20,7,1
"8702",2016,"OKEE",0,21,7,1
"8703",2016,"OKEE",0,7,7,1
"8704",2016,"OKEE",0,4,7,1
"8705",2016,"OKEE",0,20,7,1
"8706",2016,"OKEE",0,21,7,1
"8707",2016,"OKEE",0,7,7,1
"8708",2016,"OKEE",0,20,7,1
"8709",2016,"OKEE",0,21,7,1
"8710",2016,"OKEE",0,7,7,1
"8711",2016,"OKEE",0,20,7,1
"8712",2016,"OKEE",0,18,7,1
"8713",2016,"OKEE",0,3,7,1
"8714",2016,"OKEE",0,20,7,1
"8715",2016,"OKEE",0,13,7,1
"8716",2016,"OKEE",0,5,7,1
"8717",2016,"OKEE",0,20,7,1
"8718",2016,"OKEE",0,21,7,1
"8719",2016,"OKEE",0,7,7,1
"8720",2016,"OKEE",0,4,7,1
"8721",2016,"OKEE",0,8,7,1
"8722",2016,"OKEE",0,20,7,1
"8723",2016,"OKEE",0,18,7,1
"8724",2016,"OKEE",0,20,7,1
"8725",2016,"OKEE",0,18,7,1
"8726",2016,"OKEE",0,3,7,1
"8727",2016,"OKEE",0,20,7,1
"8728",2016,"OKEE",0,18,7,1
"8729",2016,"OKEE",0,3,7,1
"8730",2016,"OKEE",0,20,7,1
"8731",2016,"OKEE",1,21,7,1
"8732",2016,"OKEE",0,20,7,1
"8733",2016,"OKEE",0,21,7,1
"8734",2016,"OKEE",0,7,7,1
"8735",2016,"OKEE",0,20,7,1
"8736",2016,"OKEE",0,7,7,1
"8737",2016,"OKEE",0,5,7,1
"8738",2016,"OKEE",0,20,7,1
"8739",2016,"OKEE",0,21,7,1
"8740",2016,"OKEE",0,7,7,1
"8741",2016,"OKEE",0,20,7,1
"8742",2016,"OKEE",0,7,7,1
"8743",2016,"OKEE",0,20,7,1
"8744",2016,"OKEE",0,7,7,1
"8745",2016,"OKEE",1,19,7,1
"8746",2016,"OKEE",1,19,7,1
"8747",2016,"OKEE",0,19,7,1
"8748",2016,"OKEE",0,8,7,1
"8749",2016,"OKEE",0,5,7,1
"8750",2016,"OKEE",0,9,7,1
"8751",2016,"OKEE",0,19,7,1
"8752",2016,"OKEE",0,22,7,1
"8753",2016,"OKEE",1,9,7,1
"8754",2016,"OKEE",0,19,7,1
"8755",2016,"OKEE",0,22,7,1
"8756",2016,"OKEE",0,9,7,1
"8757",2016,"OKEE",0,19,7,1
"8758",2016,"OKEE",0,19,7,1
"8759",2016,"OKEE",1,22,7,1
"8760",2016,"OKEE",1,19,7,1
"8761",2016,"OKEE",0,4,7,1
"8762",2016,"OKEE",0,8,7,1
"8763",2016,"OKEE",0,18,7,1
"8764",2016,"OKEE",0,3,7,1
"8765",2016,"OKEE",0,21,7,1
"8766",2016,"OKEE",0,19,7,1
"8767",2016,"OKEE",0,8,7,1
"8768",2016,"OKEE",0,5,7,1
"8769",2016,"OKEE",0,21,7,1
"8770",2016,"OKEE",0,11,7,1
"8771",2016,"OKEE",0,21,7,1
"8772",2016,"OKEE",1,19,7,1
"8773",2016,"OKEE",0,18,7,1
"8774",2016,"OKEE",0,3,7,1
"8775",2016,"OKEE",0,21,7,1
"8776",2016,"OKEE",0,7,7,1
"8777",2016,"OKEE",0,4,7,1
"8778",2016,"OKEE",0,8,7,1
"8779",2016,"OKEE",0,21,7,1
"8780",2016,"OKEE",0,7,7,1
"8781",2016,"OKEE",0,4,7,1
"8782",2016,"OKEE",0,8,7,1
"8783",2016,"OKEE",0,21,7,1
"8784",2016,"OKEE",0,19,7,1
"8785",2016,"OKEE",0,8,7,1
"8786",2016,"OKEE",0,5,7,1
"8787",2016,"OKEE",0,21,7,1
"8788",2016,"OKEE",0,19,7,1
"8789",2016,"OKEE",1,8,7,1
"8790",2016,"OKEE",0,21,7,1
"8791",2016,"OKEE",1,19,7,1
"8792",2016,"OKEE",0,21,7,1
"8793",2016,"OKEE",0,19,7,1
"8794",2016,"OKEE",0,8,7,1
"8795",2016,"OKEE",0,21,7,1
"8796",2016,"OKEE",1,19,7,1
"8797",2016,"OKEE",0,21,7,1
"8798",2016,"OKEE",0,19,7,1
"8799",2016,"OKEE",0,8,7,1
"8800",2016,"OKEE",0,21,7,1
"8801",2016,"OKEE",0,7,7,1
"8802",2016,"OKEE",0,4,7,1
"8803",2016,"OKEE",0,21,7,1
"8804",2016,"OKEE",0,7,7,1
"8805",2016,"OKEE",0,4,7,1
"8806",2016,"OKEE",0,8,7,1
"8807",2016,"OKEE",1,21,7,1
"8808",2016,"OKEE",1,22,7,1
"8809",2016,"OKEE",1,25,7,1
"8810",2016,"OKEE",1,25,7,1
"8811",2016,"OKEE",0,18,7,1
"8812",2016,"OKEE",0,21,7,1
"8813",2016,"OKEE",0,10,7,1
"8814",2016,"OKEE",0,18,7,1
"8815",2016,"OKEE",0,21,7,1
"8816",2016,"OKEE",0,10,7,1
"8817",2016,"OKEE",0,7,7,1
"8818",2016,"OKEE",0,18,7,1
"8819",2016,"OKEE",0,20,7,1
"8820",2016,"OKEE",0,13,7,1
"8821",2016,"OKEE",0,5,7,1
"8822",2016,"OKEE",0,18,7,1
"8823",2016,"OKEE",0,20,7,1
"8824",2016,"OKEE",0,7,7,1
"8825",2016,"OKEE",0,5,7,1
"8826",2016,"OKEE",0,18,7,1
"8827",2016,"OKEE",0,20,7,1
"8828",2016,"OKEE",0,7,7,1
"8829",2016,"OKEE",0,5,7,1
"8830",2016,"OKEE",0,18,7,1
"8831",2016,"OKEE",0,20,7,1
"8832",2016,"OKEE",0,6,7,1
"8833",2016,"OKEE",0,6,7,1
"8834",2016,"OKEE",0,18,7,1
"8835",2016,"OKEE",0,20,7,1
"8836",2016,"OKEE",0,6,7,1
"8837",2016,"OKEE",0,6,7,1
"8838",2016,"OKEE",0,18,7,1
"8839",2016,"OKEE",0,20,7,1
"8840",2016,"OKEE",0,7,7,1
"8841",2016,"OKEE",0,5,7,1
"8842",2016,"OKEE",0,18,7,1
"8843",2016,"OKEE",0,20,7,1
"8844",2016,"OKEE",0,13,7,1
"8845",2016,"OKEE",0,18,7,1
"8846",2016,"OKEE",0,20,7,1
"8847",2016,"OKEE",0,7,7,1
"8848",2016,"OKEE",0,5,7,1
"8849",2016,"OKEE",0,18,7,1
"8850",2016,"OKEE",0,20,7,1
"8851",2016,"OKEE",0,12,7,1
"8852",2016,"OKEE",0,1,7,1
"8853",2016,"OKEE",0,8,7,1
"8854",2016,"OKEE",0,18,7,1
"8855",2016,"OKEE",0,20,7,1
"8856",2016,"OKEE",0,12,7,1
"8857",2016,"OKEE",0,6,7,1
"8858",2016,"OKEE",0,18,7,1
"8859",2016,"OKEE",0,20,7,1
"8860",2016,"OKEE",0,6,7,1
"8861",2016,"OKEE",0,6,7,1
"8862",2016,"OKEE",0,18,7,1
"8863",2016,"OKEE",0,20,7,1
"8864",2016,"OKEE",0,13,7,1
"8865",2016,"OKEE",0,18,7,1
"8866",2016,"OKEE",0,20,7,1
"8867",2016,"OKEE",0,6,7,1
"8868",2016,"OKEE",0,6,7,1
"8869",2016,"OKEE",0,18,7,1
"8870",2016,"OKEE",0,20,7,1
"8871",2016,"OKEE",0,6,7,1
"8872",2016,"OKEE",0,6,7,1
"8873",2016,"OKEE",0,18,7,1
"8874",2016,"OKEE",0,20,7,1
"8875",2016,"OKEE",0,6,7,1
"8876",2016,"OKEE",0,6,7,1
"8877",2016,"OKEE",0,18,7,1
"8878",2016,"OKEE",0,20,7,1
"8879",2016,"OKEE",0,7,7,1
"8880",2016,"OKEE",0,5,7,1
"8881",2016,"OKEE",0,18,7,1
"8882",2016,"OKEE",0,20,7,1
"8883",2016,"OKEE",0,13,7,1
"8884",2016,"OKEE",0,5,7,1
"8885",2016,"OKEE",0,18,7,1
"8886",2016,"OKEE",0,20,7,1
"8887",2016,"OKEE",0,7,7,1
"8888",2016,"OKEE",0,5,7,1
"8889",2016,"OKEE",0,18,7,1
"8890",2016,"OKEE",0,20,7,1
"8891",2016,"OKEE",0,11,7,1
"8892",2016,"OKEE",0,2,7,1
"8893",2016,"OKEE",0,18,7,1
"8894",2016,"OKEE",0,20,7,1
"8895",2016,"OKEE",0,13,7,1
"8896",2016,"OKEE",0,5,7,1
"8897",2016,"OKEE",0,18,7,1
"8898",2016,"OKEE",0,20,7,1
"8899",2016,"OKEE",0,7,7,1
"8900",2016,"OKEE",0,5,7,1
"8901",2016,"OKEE",0,18,7,1
"8902",2016,"OKEE",0,20,7,1
"8903",2016,"OKEE",0,7,7,1
"8904",2016,"OKEE",0,6,7,1
"8905",2016,"OKEE",0,18,7,1
"8906",2016,"OKEE",0,20,7,1
"8907",2016,"OKEE",0,18,7,1
"8908",2016,"OKEE",0,2,7,1
"8909",2016,"OKEE",0,20,7,1
"8910",2016,"OKEE",0,13,7,1
"8911",2016,"OKEE",0,20,7,1
"8912",2016,"OKEE",0,13,7,1
"8913",2016,"OKEE",0,5,7,1
"8914",2016,"OKEE",0,20,7,1
"8915",2016,"OKEE",0,7,7,1
"8916",2016,"OKEE",0,5,7,1
"8917",2016,"OKEE",1,21,7,1
"8918",2016,"OKEE",0,21,7,1
"8919",2016,"OKEE",0,12,7,1
"8920",2016,"OKEE",0,21,7,1
"8921",2016,"OKEE",0,19,7,1
"8922",2016,"OKEE",0,21,7,1
"8923",2016,"OKEE",0,7,7,1
"8924",2016,"OKEE",0,6,7,1
"8925",2016,"OKEE",0,6,7,1
"8926",2016,"SJM",0,15,1,1
"8927",2016,"SJM",0,4,1,1
"8928",2016,"SJM",0,22,1,1
"8929",2016,"SJM",0,14,1,1
"8930",2016,"SJM",0,22,1,1
"8931",2016,"SJM",1,15,1,1
"8932",2016,"SJM",0,22,1,1
"8933",2016,"SJM",0,22,1,1
"8934",2016,"SJM",0,4,1,1
"8935",2016,"SJM",0,18,1,1
"8936",2016,"SJM",0,22,1,1
"8937",2016,"SJM",0,4,1,1
"8938",2016,"SJM",0,9,1,1
"8939",2016,"SJM",0,9,1,1
"8940",2016,"SJM",0,22,1,1
"8941",2016,"SJM",0,22,1,1
"8942",2016,"SJM",0,4,1,1
"8943",2016,"SJM",0,18,1,1
"8944",2016,"SJM",0,22,1,1
"8945",2016,"SJM",0,22,1,1
"8946",2016,"SJM",1,15,1,1
"8947",2016,"SJM",0,9,1,1
"8948",2016,"SJM",0,22,1,1
"8949",2016,"SJM",0,4,1,1
"8950",2016,"SJM",0,9,1,1
"8951",2016,"SJM",0,9,1,1
"8952",2016,"SJM",0,22,1,1
"8953",2016,"SJM",1,22,1,1
"8954",2016,"SJM",0,22,1,1
"8955",2016,"SJM",1,21,1,1
"8956",2016,"SJM",0,22,1,1
"8957",2016,"SJM",0,17,1,1
"8958",2016,"SJM",0,21,1,1
"8959",2016,"SJM",1,22,1,1
"8960",2016,"SJM",0,17,1,1
"8961",2016,"SJM",0,21,1,1
"8962",2016,"SJM",0,22,1,1
"8963",2016,"SJM",0,10,1,1
"8964",2016,"SJM",0,21,1,1
"8965",2016,"SJM",0,22,1,1
"8966",2016,"SJM",0,21,1,1
"8967",2016,"SJM",0,22,1,1
"8968",2016,"SJM",0,10,1,1
"8969",2016,"SJM",0,22,1,1
"8970",2016,"SJM",0,15,1,1
"8971",2016,"SJM",0,14,1,1
"8972",2016,"SJM",0,22,1,1
"8973",2016,"SJM",1,22,1,1
"8974",2016,"SJM",0,22,1,1
"8975",2016,"SJM",0,22,1,1
"8976",2016,"SJM",0,22,1,1
"8977",2016,"SJM",0,16,1,1
"8978",2016,"SJM",0,22,1,1
"8979",2016,"SJM",0,9,1,1
"8980",2016,"SJM",1,15,1,1
"8981",2016,"SJM",1,22,1,1
"8982",2016,"SJM",1,22,1,1
"8983",2016,"SJM",0,10,1,1
"8984",2016,"SJM",0,22,1,1
"8985",2016,"SJM",0,21,1,1
"8986",2016,"SJM",0,22,1,1
"8987",2016,"SJM",0,22,1,1
"8988",2016,"SJM",0,22,1,1
"8989",2016,"SJM",0,21,1,1
"8990",2016,"SJM",0,22,1,1
"8991",2016,"SJM",1,22,1,1
"8992",2016,"SJM",0,15,1,1
"8993",2016,"SJM",1,18,1,1
"8994",2016,"SJM",0,15,1,1
"8995",2016,"SJM",1,18,1,1
"8996",2016,"SJM",1,15,1,1
"8997",2016,"SJM",0,15,1,1
"8998",2016,"SJM",1,18,1,1
"8999",2016,"SJM",0,15,1,1
"9000",2016,"SJM",1,18,1,1
"9001",2016,"SJM",0,15,1,1
"9002",2016,"SJM",1,18,1,1
"9003",2016,"SJM",0,15,1,1
"9004",2016,"SJM",0,18,1,1
"9005",2016,"SJM",0,10,1,1
"9006",2016,"SJM",0,10,1,1
"9007",2016,"SJM",0,15,1,1
"9008",2016,"SJM",0,18,1,1
"9009",2016,"SJM",0,10,1,1
"9010",2016,"SJM",0,10,1,1
"9011",2016,"SJM",0,15,1,1
"9012",2016,"SJM",0,18,1,1
"9013",2016,"SJM",0,10,1,1
"9014",2016,"SJM",0,10,1,1
"9015",2016,"SJM",0,15,1,1
"9016",2016,"SJM",1,18,1,1
"9017",2016,"SJM",0,15,1,1
"9018",2016,"SJM",0,8,1,1
"9019",2016,"SJM",0,15,1,1
"9020",2016,"SJM",0,22,1,1
"9021",2016,"SJM",0,22,1,1
"9022",2016,"SJM",0,22,1,1
"9023",2016,"SJM",0,22,1,1
"9024",2016,"SJM",0,9,1,1
"9025",2016,"SJM",0,12,1,1
"9026",2016,"SJM",0,22,1,1
"9027",2016,"SJM",0,22,1,1
"9028",2016,"SJM",0,21,1,1
"9029",2016,"SJM",1,22,1,1
"9030",2016,"SJM",0,22,1,1
"9031",2016,"SJM",0,22,1,1
"9032",2016,"SJM",0,9,1,1
"9033",2016,"SJM",0,12,1,1
"9034",2016,"SJM",0,22,1,1
"9035",2016,"SJM",0,9,1,1
"9036",2016,"SJM",0,12,1,1
"9037",2016,"SJM",0,22,1,1
"9038",2016,"SJM",0,4,1,1
"9039",2016,"SJM",0,18,1,1
"9040",2016,"SJM",0,22,1,1
"9041",2016,"SJM",0,9,1,1
"9042",2016,"SJM",0,12,1,1
"9043",2016,"SJM",0,22,1,1
"9044",2016,"SJM",1,21,1,1
"9045",2016,"SJM",0,22,1,1
"9046",2016,"SJM",0,9,1,1
"9047",2016,"SJM",0,22,1,1
"9048",2016,"SJM",0,21,1,1
"9049",2016,"SJM",0,14,1,1
"9050",2016,"SJM",0,22,1,1
"9051",2016,"SJM",0,16,1,1
"9052",2016,"SJM",0,22,1,1
"9053",2016,"SJM",0,21,1,1
"9054",2016,"SJM",0,22,1,1
"9055",2016,"SJM",0,21,1,1
"9056",2016,"SJM",1,22,1,1
"9057",2016,"SJM",0,22,1,1
"9058",2016,"SJM",1,14,1,1
"9059",2016,"SJM",0,22,1,1
"9060",2016,"SJM",1,22,1,1
"9061",2016,"SJM",0,12,1,1
"9062",2016,"SJM",0,22,1,1
"9063",2016,"SJM",0,21,1,1
"9064",2016,"SJM",0,22,1,1
"9065",2016,"SJM",1,22,1,1
"9066",2016,"SJM",0,22,1,1
"9067",2016,"SJM",0,15,1,1
"9068",2016,"SJM",0,22,1,1
"9069",2016,"SJM",0,9,1,1
"9070",2016,"SJM",0,12,1,1
"9071",2016,"SJM",0,21,1,1
"9072",2016,"SJM",0,14,1,1
"9073",2016,"SJM",0,8,1,1
"9074",2016,"SJM",0,21,1,1
"9075",2016,"SJM",0,22,1,1
"9076",2016,"SJM",0,15,1,1
"9077",2016,"SJM",0,21,1,1
"9078",2016,"SJM",0,22,1,1
"9079",2016,"SJM",1,15,1,1
"9080",2016,"SJM",0,16,1,1
"9081",2016,"SJM",0,21,1,1
"9082",2016,"SJM",0,22,1,1
"9083",2016,"SJM",1,21,1,1
"9084",2016,"SJM",0,21,1,1
"9085",2016,"SJM",0,15,1,1
"9086",2016,"SJM",1,14,1,1
"9087",2016,"SJM",0,21,1,1
"9088",2016,"SJM",0,14,1,1
"9089",2016,"SJM",0,8,1,1
"9090",2016,"SJM",1,21,1,1
"9091",2016,"SJM",1,21,1,1
"9092",2016,"SJM",1,21,1,1
"9093",2016,"SJM",0,21,1,1
"9094",2016,"SJM",0,10,1,1
"9095",2016,"SJM",0,15,1,1
"9096",2016,"SJM",0,18,1,1
"9097",2016,"SJM",0,10,1,1
"9098",2016,"SJM",0,10,1,1
"9099",2016,"SJM",0,15,1,1
"9100",2016,"SJM",0,18,1,1
"9101",2016,"SJM",0,10,1,1
"9102",2016,"SJM",0,10,1,1
"9103",2016,"SJM",0,15,1,1
"9104",2016,"SJM",0,18,1,1
"9105",2016,"SJM",0,10,1,1
"9106",2016,"SJM",0,15,1,1
"9107",2016,"SJM",0,18,1,1
"9108",2016,"SJM",0,10,1,1
"9109",2016,"SJM",0,10,1,1
"9110",2016,"SJM",1,15,1,1
"9111",2016,"SJM",0,15,1,1
"9112",2016,"SJM",1,18,1,1
"9113",2016,"SJM",1,22,1,1
"9114",2016,"SJM",1,22,1,1
"9115",2016,"SJM",0,22,1,1
"9116",2016,"SJM",0,15,1,1
"9117",2016,"SJM",0,18,1,1
"9118",2016,"SJM",0,10,1,1
"9119",2016,"SJM",0,10,1,1
"9120",2016,"SJM",0,22,1,1
"9121",2016,"SJM",0,15,1,1
"9122",2016,"SJM",0,8,1,1
"9123",2016,"SJM",0,22,1,1
"9124",2016,"SJM",1,15,1,1
"9125",2016,"SJM",0,22,1,1
"9126",2016,"SJM",0,15,1,1
"9127",2016,"SJM",1,18,1,1
"9128",2016,"SJM",1,22,1,1
"9129",2016,"SJM",0,22,1,1
"9130",2016,"SJM",0,15,1,1
"9131",2016,"SJM",0,8,1,1
"9132",2016,"SJM",0,22,1,1
"9133",2016,"SJM",0,15,1,1
"9134",2016,"SJM",0,8,1,1
"9135",2016,"SJM",0,14,1,1
"9136",2016,"SJM",0,8,1,1
"9137",2016,"SJM",0,15,1,1
"9138",2016,"SJM",0,22,1,1
"9139",2016,"SJM",0,15,1,1
"9140",2016,"SJM",0,22,1,1
"9141",2016,"SJM",0,15,1,1
"9142",2016,"SJM",0,8,1,1
"9143",2016,"SJM",0,10,1,1
"9144",2016,"SJM",1,22,1,1
"9145",2016,"SJM",1,22,1,1
"9146",2016,"SJM",0,22,1,1
"9147",2016,"SJM",0,15,1,1
"9148",2016,"SJM",0,8,1,1
"9149",2016,"SJM",0,22,1,1
"9150",2016,"SJM",0,15,1,1
"9151",2016,"SJM",0,8,1,1
"9152",2016,"SJM",0,10,1,1
"9153",2016,"SJM",0,22,1,1
"9154",2016,"SJM",0,15,1,1
"9155",2016,"SJM",1,18,1,1
"9156",2016,"SJM",0,22,1,1
"9157",2016,"SJM",0,15,1,1
"9158",2016,"SJM",0,8,1,1
"9159",2016,"SJM",0,22,1,1
"9160",2016,"SJM",0,15,1,1
"9161",2016,"SJM",0,8,1,1
"9162",2016,"SJM",0,20,1,1
"9163",2016,"SJM",0,22,1,1
"9164",2016,"SJM",0,15,1,1
"9165",2016,"SJM",0,8,1,1
"9166",2016,"SJM",1,22,1,1
"9167",2016,"SJM",0,15,1,1
"9168",2016,"SJM",0,8,1,1
"9169",2016,"SJM",0,10,1,1
"9170",2016,"SJM",0,22,1,1
"9171",2016,"SJM",0,15,1,1
"9172",2016,"SJM",0,8,1,1
"9173",2016,"SJM",0,22,1,1
"9174",2016,"SJM",0,15,1,1
"9175",2016,"SJM",0,8,1,1
"9176",2016,"SJM",0,22,1,1
"9177",2016,"SJM",0,15,1,1
"9178",2016,"SJM",0,8,1,1
"9179",2016,"SJM",0,10,1,1
"9180",2016,"SJM",0,22,1,1
"9181",2016,"SJM",0,15,1,1
"9182",2016,"SJM",0,8,1,1
"9183",2016,"SJM",1,22,1,1
"9184",2016,"SJM",0,22,1,1
"9185",2016,"SJM",0,15,1,1
"9186",2016,"SJM",0,8,1,1
"9187",2016,"SJM",0,8,1,1
"9188",2016,"SJM",0,10,1,1
"9189",2016,"SJM",0,22,1,1
"9190",2016,"SJM",0,15,1,1
"9191",2016,"SJM",0,8,1,1
"9192",2016,"SJM",1,22,1,1
"9193",2016,"SJM",1,22,1,1
"9194",2016,"SJM",0,22,1,1
"9195",2016,"SJM",0,15,1,1
"9196",2016,"SJM",1,18,1,1
"9197",2016,"SJM",0,22,1,1
"9198",2016,"SJM",0,15,1,1
"9199",2016,"SJM",1,22,1,1
"9200",2016,"SJM",0,15,1,1
"9201",2016,"SJM",1,18,1,1
"9202",2016,"SJM",0,15,1,1
"9203",2016,"SJM",1,18,1,1
"9204",2016,"SJM",0,15,1,1
"9205",2016,"SJM",0,18,1,1
"9206",2016,"SJM",0,10,1,1
"9207",2016,"SJM",0,8,1,1
"9208",2016,"SJM",0,15,1,1
"9209",2016,"SJM",0,8,1,1
"9210",2016,"SJM",0,15,1,1
"9211",2016,"SJM",0,18,1,1
"9212",2016,"SJM",0,10,1,1
"9213",2016,"SJM",0,15,1,1
"9214",2016,"SJM",0,8,1,1
"9215",2016,"SJM",0,10,1,1
"9216",2016,"SJM",0,18,1,1
"9217",2016,"SJM",0,21,1,1
"9218",2016,"SJM",0,22,1,1
"9219",2016,"SJM",0,23,1,1
"9220",2016,"SJM",0,21,1,1
"9221",2016,"SJM",0,14,1,1
"9222",2016,"SJM",1,21,1,1
"9223",2016,"SJM",0,22,1,1
"9224",2016,"SJM",1,15,1,1
"9225",2016,"SJM",0,22,1,1
"9226",2016,"SJM",0,15,1,1
"9227",2016,"SJM",1,15,1,1
"9228",2016,"SJM",0,15,1,1
"9229",2016,"SJM",0,8,1,1
"9230",2016,"SJM",0,10,1,1
"9231",2016,"SJM",0,15,1,1
"9232",2016,"SJM",1,22,1,1
"9233",2016,"SJM",1,22,1,1
"9234",2016,"SJM",0,15,1,1
"9235",2016,"SJM",0,8,1,1
"9236",2016,"SJM",0,10,1,1
"9237",2016,"SJM",0,18,1,1
"9238",2016,"SJM",0,10,1,1
"9239",2016,"SJM",1,18,1,1
"9240",2016,"SJM",0,18,1,1
"9241",2016,"SJM",0,10,1,1
"9242",2016,"SJM",0,10,1,1
"9243",2016,"SJM",0,10,1,1
"9244",2016,"SJM",0,8,1,1
"9245",2016,"SJM",0,18,1,1
"9246",2016,"SJM",0,8,1,1
"9247",2016,"SJM",0,10,1,1
"9248",2016,"SJM",0,7,1,1
"9249",2016,"SJM",1,18,1,1
"9250",2016,"SJM",0,15,1,1
"9251",2016,"SJM",1,18,1,1
"9252",2016,"SJM",1,18,1,1
"9253",2016,"SJM",0,10,1,1
"9254",2016,"SJM",1,18,1,1
"9255",2016,"SJM",0,8,1,1
"9256",2016,"SJM",0,10,1,1
"9257",2016,"SJM",0,15,1,1
"9258",2016,"SJM",0,8,1,1
"9259",2016,"SJM",0,10,1,1
"9260",2016,"SJM",0,18,1,1
"9261",2017,"EVER",0,5,5,1
"9262",2017,"EVER",0,20,5,1
"9263",2017,"EVER",0,8,5,1
"9264",2017,"EVER",1,7,5,1
"9265",2017,"EVER",0,11,5,1
"9266",2017,"EVER",0,9,5,1
"9267",2017,"EVER",1,8,5,1
"9268",2017,"EVER",0,28,5,1
"9269",2017,"EVER",0,28,5,1
"9270",2017,"EVER",0,7,5,1
"9271",2017,"EVER",0,12,5,1
"9272",2017,"EVER",1,28,5,1
"9273",2017,"EVER",0,28,5,1
"9274",2017,"EVER",0,7,5,1
"9275",2017,"EVER",0,3,5,1
"9276",2017,"EVER",1,9,5,1
"9277",2017,"EVER",0,9,5,1
"9278",2017,"EVER",1,28,5,1
"9279",2017,"EVER",0,9,5,1
"9280",2017,"EVER",1,28,5,1
"9281",2017,"EVER",0,9,5,1
"9282",2017,"EVER",0,7,5,1
"9283",2017,"EVER",0,8,5,1
"9284",2017,"EVER",0,18,5,1
"9285",2017,"EVER",0,9,5,1
"9286",2017,"EVER",0,16,5,1
"9287",2017,"EVER",0,4,5,1
"9288",2017,"EVER",0,18,5,1
"9289",2017,"EVER",1,9,5,1
"9290",2017,"EVER",0,18,5,1
"9291",2017,"EVER",0,9,5,1
"9292",2017,"EVER",0,16,5,1
"9293",2017,"EVER",0,4,5,1
"9294",2017,"EVER",0,18,5,1
"9295",2017,"EVER",1,9,5,1
"9296",2017,"EVER",0,3,5,1
"9297",2017,"EVER",1,20,5,1
"9298",2017,"EVER",0,20,5,1
"9299",2017,"EVER",1,7,5,1
"9300",2017,"EVER",1,17,5,1
"9301",2017,"EVER",0,7,5,1
"9302",2017,"EVER",1,23,5,1
"9303",2017,"EVER",0,28,5,1
"9304",2017,"EVER",0,3,5,1
"9305",2017,"EVER",0,20,5,1
"9306",2017,"EVER",0,13,5,1
"9307",2017,"EVER",0,3,5,1
"9308",2017,"EVER",0,1,5,1
"9309",2017,"EVER",0,20,5,1
"9310",2017,"EVER",0,13,5,1
"9311",2017,"EVER",0,15,5,1
"9312",2017,"EVER",0,20,5,1
"9313",2017,"EVER",0,13,5,1
"9314",2017,"EVER",0,3,5,1
"9315",2017,"EVER",0,12,5,1
"9316",2017,"EVER",0,20,5,1
"9317",2017,"EVER",0,13,5,1
"9318",2017,"EVER",0,3,5,1
"9319",2017,"EVER",0,21,5,1
"9320",2017,"EVER",0,13,5,1
"9321",2017,"EVER",0,3,5,1
"9322",2017,"EVER",0,21,5,1
"9323",2017,"EVER",0,13,5,1
"9324",2017,"EVER",0,3,5,1
"9325",2017,"EVER",0,21,5,1
"9326",2017,"EVER",0,20,5,1
"9327",2017,"EVER",0,20,5,1
"9328",2017,"EVER",0,13,5,1
"9329",2017,"EVER",0,20,5,1
"9330",2017,"EVER",1,20,5,1
"9331",2017,"EVER",0,20,5,1
"9332",2017,"EVER",1,20,5,1
"9333",2017,"EVER",0,20,5,1
"9334",2017,"EVER",1,20,5,1
"9335",2017,"EVER",0,17,5,1
"9336",2017,"EVER",1,7,5,1
"9337",2017,"EVER",1,17,5,1
"9338",2017,"EVER",0,17,5,1
"9339",2017,"EVER",0,13,5,1
"9340",2017,"EVER",0,3,5,1
"9341",2017,"EVER",0,12,5,1
"9342",2017,"EVER",0,20,5,1
"9343",2017,"EVER",0,13,5,1
"9344",2017,"EVER",0,8,5,1
"9345",2017,"EVER",0,16,5,1
"9346",2017,"EVER",0,26,5,1
"9347",2017,"EVER",1,22,5,1
"9348",2017,"EVER",0,13,5,1
"9349",2017,"EVER",0,20,5,1
"9350",2017,"EVER",0,28,5,1
"9351",2017,"EVER",0,7,5,1
"9352",2017,"EVER",0,8,5,1
"9353",2017,"EVER",1,9,5,1
"9354",2017,"EVER",0,9,5,1
"9355",2017,"EVER",0,28,5,1
"9356",2017,"EVER",0,7,5,1
"9357",2017,"EVER",1,20,5,1
"9358",2017,"EVER",0,20,5,1
"9359",2017,"EVER",0,20,5,1
"9360",2017,"EVER",0,13,5,1
"9361",2017,"EVER",0,3,5,1
"9362",2017,"EVER",0,20,5,1
"9363",2017,"EVER",0,3,5,1
"9364",2017,"EVER",0,20,5,1
"9365",2017,"EVER",0,13,5,1
"9366",2017,"KRV",0,15,13,1
"9367",2017,"KRV",0,6,13,1
"9368",2017,"KRV",0,21,13,1
"9369",2017,"KRV",1,21,13,1
"9370",2017,"KRV",0,21,13,1
"9371",2017,"KRV",0,4,13,1
"9372",2017,"KRV",0,21,13,1
"9373",2017,"KRV",0,22,13,1
"9374",2017,"KRV",0,17,13,1
"9375",2017,"KRV",0,7,13,1
"9376",2017,"KRV",1,22,13,1
"9377",2017,"KRV",0,22,13,1
"9378",2017,"KRV",0,15,13,1
"9379",2017,"KRV",0,5,13,1
"9380",2017,"KRV",0,6,13,1
"9381",2017,"KRV",0,9,13,1
"9382",2017,"KRV",1,19,13,1
"9383",2017,"KRV",0,4,13,1
"9384",2017,"KRV",0,6,13,1
"9385",2017,"KRV",0,19,13,1
"9386",2017,"KRV",1,21,13,1
"9387",2017,"KRV",0,17,13,1
"9388",2017,"KRV",0,4,13,1
"9389",2017,"KRV",1,21,13,1
"9390",2017,"KRV",1,21,13,1
"9391",2017,"KRV",0,21,13,1
"9392",2017,"KRV",0,21,13,1
"9393",2017,"KRV",0,19,13,1
"9394",2017,"KRV",0,23,13,1
"9395",2017,"KRV",1,17,13,1
"9396",2017,"KRV",1,23,13,1
"9397",2017,"KRV",0,23,13,1
"9398",2017,"KRV",1,21,13,1
"9399",2017,"KRV",0,21,13,1
"9400",2017,"KRV",1,21,13,1
"9401",2017,"KRV",0,21,13,1
"9402",2017,"KRV",1,19,13,1
"9403",2017,"KRV",1,21,13,1
"9404",2017,"KRV",1,21,13,1
"9405",2017,"KRV",0,8,13,1
"9406",2017,"KRV",0,9,13,1
"9407",2017,"KRV",0,18,13,1
"9408",2017,"KRV",0,4,13,1
"9409",2017,"KRV",0,17,13,1
"9410",2017,"KRV",0,18,13,1
"9411",2017,"KRV",0,21,13,1
"9412",2017,"KRV",0,8,13,1
"9413",2017,"KRV",1,21,13,1
"9414",2017,"KRV",0,21,13,1
"9415",2017,"KRV",0,21,13,1
"9416",2017,"KRV",1,21,13,1
"9417",2017,"KRV",0,22,13,1
"9418",2017,"KRV",0,21,13,1
"9419",2017,"KRV",0,4,13,1
"9420",2017,"KRV",1,24,13,1
"9421",2017,"KRV",0,21,13,1
"9422",2017,"KRV",1,24,13,1
"9423",2017,"KRV",0,21,13,1
"9424",2017,"KRV",0,22,13,1
"9425",2017,"KRV",0,2,13,1
"9426",2017,"KRV",1,17,13,1
"9427",2017,"KRV",1,21,13,1
"9428",2017,"KRV",1,21,13,1
"9429",2017,"KRV",1,21,13,1
"9430",2017,"KRV",0,23,13,1
"9431",2017,"KRV",0,10,13,1
"9432",2017,"KRV",0,7,13,1
"9433",2017,"KRV",1,15,13,1
"9434",2017,"KRV",0,15,13,1
"9435",2017,"KRV",1,13,13,1
"9436",2017,"KRV",0,23,13,1
"9437",2017,"KRV",0,21,13,1
"9438",2017,"KRV",1,17,13,1
"9439",2017,"KRV",0,17,13,1
"9440",2017,"KRV",0,22,13,1
"9441",2017,"KRV",0,17,13,1
"9442",2017,"KRV",0,6,13,1
"9443",2017,"KRV",0,8,13,1
"9444",2017,"KRV",0,21,13,1
"9445",2017,"KRV",0,21,13,1
"9446",2017,"KRV",0,8,13,1
"9447",2017,"KRV",0,21,13,1
"9448",2017,"KRV",0,21,13,1
"9449",2017,"KRV",0,8,13,1
"9450",2017,"KRV",0,21,13,1
"9451",2017,"KRV",0,21,13,1
"9452",2017,"KRV",0,8,13,1
"9453",2017,"KRV",0,9,13,1
"9454",2017,"KRV",0,17,13,1
"9455",2017,"KRV",0,8,13,1
"9456",2017,"KRV",1,21,13,1
"9457",2017,"KRV",0,21,13,1
"9458",2017,"KRV",1,24,13,1
"9459",2017,"KRV",0,21,13,1
"9460",2017,"KRV",0,19,13,1
"9461",2017,"KRV",0,22,13,1
"9462",2017,"KRV",0,3,13,1
"9463",2017,"KRV",1,22,13,1
"9464",2017,"KRV",0,15,13,1
"9465",2017,"KRV",0,13,13,1
"9466",2017,"KRV",1,15,13,1
"9467",2017,"KRV",0,15,13,1
"9468",2017,"KRV",0,13,13,1
"9469",2017,"KRV",1,15,13,1
"9470",2017,"KRV",0,15,13,1
"9471",2017,"KRV",0,13,13,1
"9472",2017,"KRV",1,15,13,1
"9473",2017,"KRV",0,22,13,1
"9474",2017,"KRV",1,22,13,1
"9475",2017,"KRV",1,22,13,1
"9476",2017,"KRV",0,15,13,1
"9477",2017,"KRV",1,14,13,1
"9478",2017,"KRV",0,19,13,1
"9479",2017,"KRV",0,13,13,1
"9480",2017,"KRV",0,15,13,1
"9481",2017,"KRV",0,12,13,1
"9482",2017,"KRV",0,13,13,1
"9483",2017,"KRV",1,15,13,1
"9484",2017,"KRV",0,16,13,1
"9485",2017,"KRV",1,17,13,1
"9486",2017,"KRV",0,22,13,1
"9487",2017,"KRV",0,13,13,1
"9488",2017,"KRV",0,15,13,1
"9489",2017,"KRV",1,12,13,1
"9490",2017,"KRV",0,13,13,1
"9491",2017,"KRV",0,14,13,1
"9492",2017,"KRV",1,28,13,1
"9493",2017,"KRV",1,21,13,1
"9494",2017,"KRV",0,21,13,1
"9495",2017,"KRV",1,13,13,1
"9496",2017,"KRV",0,15,13,1
"9497",2017,"KRV",0,21,13,1
"9498",2017,"KRV",0,19,13,1
"9499",2017,"KRV",0,12,13,1
"9500",2017,"KRV",1,13,13,1
"9501",2017,"OKEE",0,18,8,1
"9502",2017,"OKEE",0,14,8,1
"9503",2017,"OKEE",0,18,8,1
"9504",2017,"OKEE",0,6,8,1
"9505",2017,"OKEE",0,6,8,1
"9506",2017,"OKEE",0,14,8,1
"9507",2017,"OKEE",1,5,8,1
"9508",2017,"OKEE",0,14,8,1
"9509",2017,"OKEE",0,18,8,1
"9510",2017,"OKEE",0,6,8,1
"9511",2017,"OKEE",0,2,8,1
"9512",2017,"OKEE",0,14,8,1
"9513",2017,"OKEE",0,11,8,1
"9514",2017,"OKEE",0,3,8,1
"9515",2017,"OKEE",0,18,8,1
"9516",2017,"OKEE",0,6,8,1
"9517",2017,"OKEE",1,14,8,1
"9518",2017,"OKEE",0,2,8,1
"9519",2017,"OKEE",0,14,8,1
"9520",2017,"OKEE",0,26,8,1
"9521",2017,"OKEE",0,5,8,1
"9522",2017,"OKEE",0,14,8,1
"9523",2017,"OKEE",0,26,8,1
"9524",2017,"OKEE",0,5,8,1
"9525",2017,"OKEE",0,8,8,1
"9526",2017,"OKEE",0,6,8,1
"9527",2017,"OKEE",0,2,8,1
"9528",2017,"OKEE",0,3,8,1
"9529",2017,"OKEE",1,26,8,1
"9530",2017,"OKEE",0,18,8,1
"9531",2017,"OKEE",0,6,8,1
"9532",2017,"OKEE",0,14,8,1
"9533",2017,"OKEE",0,26,8,1
"9534",2017,"OKEE",1,19,8,1
"9535",2017,"OKEE",0,23,8,1
"9536",2017,"OKEE",1,19,8,1
"9537",2017,"OKEE",0,23,8,1
"9538",2017,"OKEE",1,19,8,1
"9539",2017,"OKEE",0,23,8,1
"9540",2017,"OKEE",1,19,8,1
"9541",2017,"OKEE",0,23,8,1
"9542",2017,"OKEE",1,19,8,1
"9543",2017,"OKEE",1,23,8,1
"9544",2017,"OKEE",0,23,8,1
"9545",2017,"OKEE",1,19,8,1
"9546",2017,"OKEE",0,23,8,1
"9547",2017,"OKEE",1,19,8,1
"9548",2017,"OKEE",0,23,8,1
"9549",2017,"OKEE",1,19,8,1
"9550",2017,"OKEE",0,23,8,1
"9551",2017,"OKEE",1,19,8,1
"9552",2017,"OKEE",0,23,8,1
"9553",2017,"OKEE",1,19,8,1
"9554",2017,"OKEE",0,23,8,1
"9555",2017,"OKEE",1,19,8,1
"9556",2017,"OKEE",0,23,8,1
"9557",2017,"OKEE",1,19,8,1
"9558",2017,"OKEE",0,11,8,1
"9559",2017,"OKEE",0,3,8,1
"9560",2017,"OKEE",0,5,8,1
"9561",2017,"OKEE",0,11,8,1
"9562",2017,"OKEE",0,3,8,1
"9563",2017,"OKEE",0,11,8,1
"9564",2017,"OKEE",0,3,8,1
"9565",2017,"OKEE",0,18,8,1
"9566",2017,"OKEE",1,19,8,1
"9567",2017,"OKEE",1,19,8,1
"9568",2017,"OKEE",1,19,8,1
"9569",2017,"OKEE",1,19,8,1
"9570",2017,"OKEE",1,19,8,1
"9571",2017,"OKEE",1,19,8,1
"9572",2017,"OKEE",1,19,8,1
"9573",2017,"OKEE",1,19,8,1
"9574",2017,"OKEE",1,19,8,1
"9575",2017,"OKEE",1,19,8,1
"9576",2017,"OKEE",1,19,8,1
"9577",2017,"OKEE",1,19,8,1
"9578",2017,"OKEE",1,19,8,1
"9579",2017,"OKEE",1,19,8,1
"9580",2017,"OKEE",1,19,8,1
"9581",2017,"OKEE",1,19,8,1
"9582",2017,"OKEE",1,19,8,1
"9583",2017,"OKEE",1,19,8,1
"9584",2017,"OKEE",1,19,8,1
"9585",2017,"OKEE",1,19,8,1
"9586",2017,"OKEE",1,19,8,1
"9587",2017,"OKEE",1,19,8,1
"9588",2017,"OKEE",1,19,8,1
"9589",2017,"OKEE",0,4,8,1
"9590",2017,"OKEE",1,15,8,1
"9591",2017,"OKEE",0,4,8,1
"9592",2017,"OKEE",0,15,8,1
"9593",2017,"OKEE",0,14,8,1
"9594",2017,"OKEE",1,26,8,1
"9595",2017,"OKEE",0,28,8,1
"9596",2017,"OKEE",0,12,8,1
"9597",2017,"OKEE",0,15,8,1
"9598",2017,"OKEE",0,23,8,1
"9599",2017,"OKEE",1,19,8,1
"9600",2017,"OKEE",0,23,8,1
"9601",2017,"OKEE",1,19,8,1
"9602",2017,"OKEE",1,23,8,1
"9603",2017,"OKEE",1,19,8,1
"9604",2017,"OKEE",1,19,8,1
"9605",2017,"OKEE",1,19,8,1
"9606",2017,"OKEE",0,7,8,1
"9607",2017,"OKEE",0,20,8,1
"9608",2017,"OKEE",0,23,8,1
"9609",2017,"OKEE",0,7,8,1
"9610",2017,"OKEE",1,12,8,1
"9611",2017,"OKEE",0,3,8,1
"9612",2017,"OKEE",0,5,8,1
"9613",2017,"OKEE",1,3,8,1
"9614",2017,"OKEE",0,14,8,1
"9615",2017,"OKEE",0,26,8,1
"9616",2017,"OKEE",0,5,8,1
"9617",2017,"OKEE",0,8,8,1
"9618",2017,"OKEE",0,14,8,1
"9619",2017,"OKEE",0,26,8,1
"9620",2017,"OKEE",0,14,8,1
"9621",2017,"OKEE",0,26,8,1
"9622",2017,"OKEE",0,5,8,1
"9623",2017,"OKEE",0,14,8,1
"9624",2017,"OKEE",0,26,8,1
"9625",2017,"OKEE",0,5,8,1
"9626",2017,"OKEE",1,26,8,1
"9627",2017,"OKEE",0,26,8,1
"9628",2017,"OKEE",1,13,8,1
"9629",2017,"OKEE",0,18,8,1
"9630",2017,"OKEE",0,6,8,1
"9631",2017,"OKEE",0,18,8,1
"9632",2017,"OKEE",0,6,8,1
"9633",2017,"OKEE",0,18,8,1
"9634",2017,"OKEE",0,6,8,1
"9635",2017,"OKEE",0,2,8,1
"9636",2017,"OKEE",1,26,8,1
"9637",2017,"OKEE",0,26,8,1
"9638",2017,"OKEE",0,28,8,1
"9639",2017,"OKEE",0,12,8,1
"9640",2017,"OKEE",0,15,8,1
"9641",2017,"OKEE",0,28,8,1
"9642",2017,"OKEE",0,12,8,1
"9643",2017,"OKEE",0,15,8,1
"9644",2017,"OKEE",0,20,8,1
"9645",2017,"OKEE",0,23,8,1
"9646",2017,"OKEE",1,13,8,1
"9647",2017,"OKEE",0,5,8,1
"9648",2017,"OKEE",0,16,8,1
"9649",2017,"OKEE",0,23,8,1
"9650",2017,"OKEE",1,19,8,1
"9651",2017,"OKEE",1,23,8,1
"9652",2017,"OKEE",0,23,8,1
"9653",2017,"OKEE",1,19,8,1
"9654",2017,"OKEE",0,23,8,1
"9655",2017,"OKEE",1,19,8,1
"9656",2017,"OKEE",0,23,8,1
"9657",2017,"OKEE",1,23,8,1
"9658",2017,"OKEE",0,23,8,1
"9659",2017,"OKEE",0,21,8,1
"9660",2017,"OKEE",0,10,8,1
"9661",2017,"OKEE",0,8,8,1
"9662",2017,"OKEE",0,5,8,1
"9663",2017,"SJM",0,11,2,1
"9664",2017,"SJM",1,14,2,1
"9665",2017,"SJM",0,22,2,1
"9666",2017,"SJM",0,17,2,1
"9667",2017,"SJM",0,23,2,1
"9668",2017,"SJM",0,17,2,1
"9669",2017,"SJM",0,22,2,1
"9670",2017,"SJM",0,11,2,1
"9671",2017,"SJM",0,14,2,1
"9672",2017,"SJM",1,22,2,1
"9673",2017,"SJM",0,14,2,1
"9674",2017,"SJM",0,23,2,1
"9675",2017,"SJM",0,22,2,1
"9676",2017,"SJM",0,11,2,1
"9677",2017,"SJM",0,14,2,1
"9678",2017,"SJM",0,22,2,1
"9679",2017,"SJM",0,14,2,1
"9680",2017,"SJM",0,22,2,1
"9681",2017,"SJM",0,14,2,1
"9682",2017,"SJM",0,22,2,1
"9683",2017,"SJM",0,11,2,1
"9684",2017,"SJM",0,22,2,1
"9685",2017,"SJM",0,11,2,1
"9686",2017,"SJM",0,14,2,1
"9687",2017,"SJM",1,22,2,1
"9688",2017,"SJM",1,22,2,1
"9689",2017,"SJM",1,22,2,1
"9690",2017,"SJM",0,22,2,1
"9691",2017,"SJM",0,11,2,1
"9692",2017,"SJM",1,22,2,1
"9693",2017,"SJM",0,14,2,1
"9694",2017,"SJM",1,22,2,1
"9695",2017,"SJM",0,14,2,1
"9696",2017,"SJM",0,22,2,1
"9697",2017,"SJM",1,14,2,1
"9698",2017,"SJM",0,14,2,1
"9699",2017,"SJM",1,14,2,1
"9700",2017,"SJM",0,11,2,1
"9701",2017,"SJM",1,22,2,1
"9702",2017,"SJM",0,22,2,1
"9703",2017,"SJM",0,22,2,1
"9704",2017,"SJM",0,11,2,1
"9705",2017,"SJM",0,14,2,1
"9706",2017,"SJM",0,22,2,1
"9707",2017,"SJM",0,14,2,1
"9708",2017,"SJM",1,22,2,1
"9709",2017,"SJM",0,14,2,1
"9710",2018,"EAST",1,17,3,1
"9711",2018,"EAST",1,14,3,1
"9712",2018,"EAST",0,14,3,1
"9713",2018,"EAST",0,24,3,1
"9714",2018,"EAST",0,11,3,1
"9715",2018,"EAST",0,11,3,1
"9716",2018,"EAST",0,14,3,1
"9717",2018,"EAST",0,11,3,1
"9718",2018,"EAST",1,17,3,1
"9719",2018,"EAST",0,14,3,1
"9720",2018,"EAST",0,24,3,1
"9721",2018,"EAST",1,14,3,1
"9722",2018,"EAST",1,14,3,1
"9723",2018,"EAST",0,14,3,1
"9724",2018,"EAST",0,11,3,1
"9725",2018,"EAST",0,17,3,1
"9726",2018,"EAST",0,14,3,1
"9727",2018,"EAST",0,11,3,1
"9728",2018,"EAST",1,24,3,1
"9729",2018,"EAST",0,24,3,1
"9730",2018,"EAST",0,14,3,1
"9731",2018,"EAST",0,11,3,1
"9732",2018,"EAST",0,14,3,1
"9733",2018,"EAST",0,21,3,1
"9734",2018,"EAST",0,8,3,1
"9735",2018,"EAST",0,18,3,1
"9736",2018,"EAST",0,14,3,1
"9737",2018,"EAST",0,11,3,1
"9738",2018,"EAST",0,24,3,1
"9739",2018,"EAST",0,14,3,1
"9740",2018,"EAST",0,8,3,1
"9741",2018,"EAST",1,18,3,1
"9742",2018,"EAST",0,18,3,1
"9743",2018,"EAST",0,14,3,1
"9744",2018,"EAST",0,14,3,1
"9745",2018,"EAST",1,21,3,1
"9746",2018,"EAST",0,14,3,1
"9747",2018,"EAST",0,21,3,1
"9748",2018,"EAST",1,21,3,1
"9749",2018,"EAST",1,21,3,1
"9750",2018,"EAST",1,18,3,1
"9751",2018,"EAST",0,14,3,1
"9752",2018,"EAST",0,21,3,1
"9753",2018,"EAST",0,24,3,1
"9754",2018,"EAST",0,14,3,1
"9755",2018,"EAST",0,22,3,1
"9756",2018,"EAST",1,17,3,1
"9757",2018,"EAST",0,14,3,1
"9758",2018,"EAST",0,11,3,1
"9759",2018,"EAST",1,24,3,1
"9760",2018,"EAST",0,24,3,1
"9761",2018,"EAST",0,14,3,1
"9762",2018,"EAST",0,24,3,1
"9763",2018,"EAST",0,20,3,1
"9764",2018,"EAST",1,16,3,1
"9765",2018,"EAST",0,8,3,1
"9766",2018,"EAST",0,12,3,1
"9767",2018,"EAST",0,8,3,1
"9768",2018,"EAST",0,12,3,1
"9769",2018,"EAST",0,24,3,1
"9770",2018,"EAST",0,14,3,1
"9771",2018,"EAST",0,21,3,1
"9772",2018,"EAST",0,8,3,1
"9773",2018,"EAST",0,18,3,1
"9774",2018,"EAST",0,17,3,1
"9775",2018,"EAST",0,11,3,1
"9776",2018,"EAST",1,17,3,1
"9777",2018,"EAST",1,21,3,1
"9778",2018,"EAST",0,24,3,1
"9779",2018,"EAST",0,14,3,1
"9780",2018,"EAST",0,11,3,1
"9781",2018,"EAST",0,17,3,1
"9782",2018,"EAST",1,17,3,1
"9783",2018,"EAST",0,22,3,1
"9784",2018,"EAST",0,22,3,1
"9785",2018,"EAST",1,17,3,1
"9786",2018,"EAST",1,17,3,1
"9787",2018,"EAST",1,16,3,1
"9788",2018,"EVER",1,22,6,1
"9789",2018,"EVER",0,22,6,1
"9790",2018,"EVER",0,22,6,1
"9791",2018,"EVER",0,21,6,1
"9792",2018,"EVER",0,21,6,1
"9793",2018,"EVER",0,22,6,1
"9794",2018,"EVER",0,21,6,1
"9795",2018,"EVER",1,21,6,1
"9796",2018,"EVER",0,22,6,1
"9797",2018,"EVER",1,22,6,1
"9798",2018,"EVER",0,22,6,1
"9799",2018,"EVER",0,21,6,1
"9800",2018,"EVER",0,13,6,1
"9801",2018,"EVER",0,17,6,1
"9802",2018,"EVER",0,21,6,1
"9803",2018,"EVER",1,13,6,1
"9804",2018,"EVER",0,21,6,1
"9805",2018,"EVER",1,13,6,1
"9806",2018,"EVER",0,21,6,1
"9807",2018,"EVER",1,21,6,1
"9808",2018,"EVER",0,21,6,1
"9809",2018,"EVER",0,13,6,1
"9810",2018,"EVER",0,4,6,1
"9811",2018,"EVER",0,13,6,1
"9812",2018,"EVER",1,22,6,1
"9813",2018,"EVER",1,22,6,1
"9814",2018,"EVER",0,22,6,1
"9815",2018,"EVER",0,22,6,1
"9816",2018,"EVER",0,21,6,1
"9817",2018,"EVER",0,21,6,1
"9818",2018,"EVER",0,13,6,1
"9819",2018,"EVER",1,21,6,1
"9820",2018,"EVER",1,21,6,1
"9821",2018,"EVER",0,21,6,1
"9822",2018,"EVER",0,13,6,1
"9823",2018,"EVER",0,4,6,1
"9824",2018,"EVER",0,13,6,1
"9825",2018,"EVER",0,21,6,1
"9826",2018,"EVER",0,13,6,1
"9827",2018,"EVER",1,21,6,1
"9828",2018,"EVER",0,21,6,1
"9829",2018,"EVER",0,13,6,1
"9830",2018,"EVER",1,17,6,1
"9831",2018,"EVER",0,21,6,1
"9832",2018,"EVER",0,13,6,1
"9833",2018,"EVER",1,17,6,1
"9834",2018,"EVER",0,21,6,1
"9835",2018,"EVER",1,13,6,1
"9836",2018,"EVER",0,21,6,1
"9837",2018,"EVER",0,13,6,1
"9838",2018,"EVER",0,17,6,1
"9839",2018,"EVER",0,21,6,1
"9840",2018,"EVER",0,13,6,1
"9841",2018,"EVER",0,4,6,1
"9842",2018,"EVER",0,21,6,1
"9843",2018,"EVER",0,13,6,1
"9844",2018,"EVER",0,17,6,1
"9845",2018,"EVER",0,21,6,1
"9846",2018,"EVER",1,21,6,1
"9847",2018,"EVER",0,21,6,1
"9848",2018,"EVER",0,13,6,1
"9849",2018,"EVER",0,17,6,1
"9850",2018,"EVER",0,21,6,1
"9851",2018,"EVER",0,13,6,1
"9852",2018,"EVER",1,21,6,1
"9853",2018,"EVER",0,13,6,1
"9854",2018,"EVER",0,17,6,1
"9855",2018,"EVER",0,25,6,1
"9856",2018,"EVER",0,3,6,1
"9857",2018,"EVER",0,13,6,1
"9858",2018,"EVER",1,13,6,1
"9859",2018,"EVER",1,13,6,1
"9860",2018,"EVER",0,23,6,1
"9861",2018,"EVER",0,21,6,1
"9862",2018,"EVER",0,22,6,1
"9863",2018,"EVER",0,16,6,1
"9864",2018,"EVER",0,12,6,1
"9865",2018,"EVER",0,16,6,1
"9866",2018,"EVER",0,12,6,1
"9867",2018,"EVER",0,10,6,1
"9868",2018,"EVER",0,16,6,1
"9869",2018,"EVER",0,12,6,1
"9870",2018,"EVER",0,10,6,1
"9871",2018,"EVER",0,16,6,1
"9872",2018,"EVER",0,12,6,1
"9873",2018,"EVER",0,5,6,1
"9874",2018,"EVER",0,11,6,1
"9875",2018,"EVER",0,16,6,1
"9876",2018,"EVER",0,12,6,1
"9877",2018,"EVER",0,16,6,1
"9878",2018,"EVER",0,12,6,1
"9879",2018,"EVER",0,10,6,1
"9880",2018,"EVER",0,16,6,1
"9881",2018,"EVER",0,23,6,1
"9882",2018,"EVER",0,9,6,1
"9883",2018,"EVER",0,16,6,1
"9884",2018,"EVER",0,16,6,1
"9885",2018,"EVER",1,23,6,1
"9886",2018,"EVER",0,13,6,1
"9887",2018,"EVER",0,17,6,1
"9888",2018,"EVER",1,21,6,1
"9889",2018,"EVER",0,21,6,1
"9890",2018,"EVER",1,13,6,1
"9891",2018,"EVER",1,21,6,1
"9892",2018,"EVER",0,22,6,1
"9893",2018,"EVER",0,23,6,1
"9894",2018,"EVER",0,21,6,1
"9895",2018,"EVER",0,20,6,1
"9896",2018,"EVER",0,3,6,1
"9897",2018,"EVER",1,20,6,1
"9898",2018,"EVER",0,20,6,1
"9899",2018,"EVER",1,13,6,1
"9900",2018,"EVER",0,20,6,1
"9901",2018,"EVER",0,3,6,1
"9902",2018,"EVER",1,21,6,1
"9903",2018,"EVER",0,12,6,1
"9904",2018,"EVER",0,7,6,1
"9905",2018,"EVER",0,24,6,1
"9906",2018,"EVER",0,12,6,1
"9907",2018,"EVER",0,7,6,1
"9908",2018,"EVER",0,24,6,1
"9909",2018,"EVER",0,12,6,1
"9910",2018,"EVER",0,7,6,1
"9911",2018,"EVER",1,24,6,1
"9912",2018,"EVER",0,7,6,1
"9913",2018,"EVER",0,24,6,1
"9914",2018,"EVER",0,12,6,1
"9915",2018,"EVER",0,5,6,1
"9916",2018,"EVER",0,11,6,1
"9917",2018,"EVER",1,7,6,1
"9918",2018,"EVER",0,7,6,1
"9919",2018,"EVER",0,24,6,1
"9920",2018,"EVER",0,17,6,1
"9921",2018,"EVER",1,24,6,1
"9922",2018,"EVER",0,24,6,1
"9923",2018,"EVER",0,28,6,1
"9924",2018,"EVER",0,24,6,1
"9925",2018,"EVER",0,12,6,1
"9926",2018,"EVER",0,16,6,1
"9927",2018,"EVER",0,24,6,1
"9928",2018,"EVER",1,12,6,1
"9929",2018,"EVER",0,24,6,1
"9930",2018,"EVER",1,28,6,1
"9931",2018,"EVER",0,24,6,1
"9932",2018,"EVER",0,12,6,1
"9933",2018,"EVER",0,5,6,1
"9934",2018,"EVER",0,24,6,1
"9935",2018,"EVER",0,12,6,1
"9936",2018,"EVER",0,16,6,1
"9937",2018,"EVER",0,16,6,1
"9938",2018,"EVER",0,28,6,1
"9939",2018,"EVER",0,12,6,1
"9940",2018,"EVER",0,4,6,1
"9941",2018,"EVER",0,28,6,1
"9942",2018,"EVER",0,12,6,1
"9943",2018,"EVER",0,4,6,1
"9944",2018,"EVER",0,28,6,1
"9945",2018,"EVER",0,12,6,1
"9946",2018,"EVER",1,21,6,1
"9947",2018,"EVER",1,21,6,1
"9948",2018,"EVER",0,23,6,1
"9949",2018,"EVER",0,9,6,1
"9950",2018,"EVER",0,23,6,1
"9951",2018,"EVER",0,9,6,1
"9952",2018,"EVER",0,23,6,1
"9953",2018,"EVER",1,22,6,1
"9954",2018,"EVER",0,12,6,1
"9955",2018,"EVER",1,23,6,1
"9956",2018,"EVER",1,23,6,1
"9957",2018,"EVER",1,23,6,1
"9958",2018,"EVER",1,23,6,1
"9959",2018,"EVER",0,23,6,1
"9960",2018,"EVER",0,22,6,1
"9961",2018,"EVER",0,23,6,1
"9962",2018,"EVER",0,9,6,1
"9963",2018,"EVER",0,22,6,1
"9964",2018,"EVER",0,22,6,1
"9965",2018,"EVER",0,23,6,1
"9966",2018,"EVER",0,9,6,1
"9967",2018,"EVER",0,23,6,1
"9968",2018,"EVER",0,23,6,1
"9969",2018,"EVER",0,9,6,1
"9970",2018,"EVER",1,23,6,1
"9971",2018,"EVER",0,23,6,1
"9972",2018,"EVER",0,22,6,1
"9973",2018,"EVER",0,23,6,1
"9974",2018,"EVER",0,9,6,1
"9975",2018,"EVER",0,23,6,1
"9976",2018,"EVER",0,9,6,1
"9977",2018,"EVER",0,23,6,1
"9978",2018,"EVER",1,9,6,1
"9979",2018,"EVER",0,23,6,1
"9980",2018,"EVER",0,12,6,1
"9981",2018,"EVER",0,12,6,1
"9982",2018,"EVER",0,11,6,1
"9983",2018,"EVER",1,23,6,1
"9984",2018,"EVER",1,23,6,1
"9985",2018,"EVER",0,23,6,1
"9986",2018,"EVER",0,9,6,1
"9987",2018,"EVER",0,23,6,1
"9988",2018,"EVER",1,9,6,1
"9989",2018,"EVER",0,23,6,1
"9990",2018,"EVER",0,9,6,1
"9991",2018,"EVER",0,23,6,1
"9992",2018,"EVER",0,9,6,1
"9993",2018,"EVER",0,23,6,1
"9994",2018,"EVER",0,9,6,1
"9995",2018,"EVER",0,23,6,1
"9996",2018,"EVER",0,9,6,1
"9997",2018,"EVER",0,11,6,1
"9998",2018,"EVER",1,22,6,1
"9999",2018,"EVER",1,22,6,1
"10000",2018,"EVER",1,22,6,1
"10001",2018,"EVER",0,22,6,1
"10002",2018,"EVER",1,22,6,1
"10003",2018,"EVER",0,22,6,1
"10004",2018,"EVER",0,22,6,1
"10005",2018,"EVER",1,22,6,1
"10006",2018,"EVER",0,22,6,1
"10007",2018,"EVER",1,22,6,1
"10008",2018,"EVER",1,22,6,1
"10009",2018,"EVER",1,22,6,1
"10010",2018,"EVER",0,22,6,1
"10011",2018,"EVER",0,22,6,1
"10012",2018,"EVER",0,17,6,1
"10013",2018,"EVER",0,16,6,1
"10014",2018,"EVER",0,17,6,1
"10015",2018,"EVER",0,16,6,1
"10016",2018,"EVER",0,13,6,1
"10017",2018,"EVER",0,21,6,1
"10018",2018,"EVER",0,21,6,1
"10019",2018,"EVER",0,16,6,1
"10020",2018,"EVER",0,12,6,1
"10021",2018,"EVER",0,16,6,1
"10022",2018,"EVER",0,23,6,1
"10023",2018,"EVER",1,16,6,1
"10024",2018,"EVER",0,16,6,1
"10025",2018,"EVER",0,12,6,1
"10026",2018,"EVER",0,11,6,1
"10027",2018,"EVER",0,23,6,1
"10028",2018,"EVER",0,9,6,1
"10029",2018,"EVER",0,13,6,1
"10030",2018,"EVER",0,11,6,1
"10031",2018,"EVER",1,23,6,1
"10032",2018,"EVER",0,11,6,1
"10033",2018,"EVER",1,23,6,1
"10034",2018,"EVER",0,28,6,1
"10035",2018,"EVER",0,12,6,1
"10036",2018,"EVER",0,10,6,1
"10037",2018,"EVER",0,28,6,1
"10038",2018,"EVER",0,22,6,1
"10039",2018,"EVER",0,28,6,1
"10040",2018,"EVER",0,12,6,1
"10041",2018,"EVER",0,10,6,1
"10042",2018,"EVER",0,28,6,1
"10043",2018,"EVER",0,12,6,1
"10044",2018,"EVER",0,10,6,1
"10045",2018,"EVER",0,28,6,1
"10046",2018,"EVER",1,22,6,1
"10047",2018,"EVER",0,28,6,1
"10048",2018,"EVER",1,12,6,1
"10049",2018,"EVER",0,28,6,1
"10050",2018,"EVER",0,12,6,1
"10051",2018,"EVER",0,28,6,1
"10052",2018,"EVER",0,12,6,1
"10053",2018,"EVER",0,10,6,1
"10054",2018,"EVER",0,28,6,1
"10055",2018,"EVER",0,22,6,1
"10056",2018,"EVER",0,28,6,1
"10057",2018,"EVER",0,23,6,1
"10058",2018,"EVER",1,22,6,1
"10059",2018,"EVER",1,23,6,1
"10060",2018,"EVER",1,23,6,1
"10061",2018,"EVER",1,23,6,1
"10062",2018,"EVER",0,23,6,1
"10063",2018,"EVER",0,9,6,1
"10064",2018,"EVER",0,23,6,1
"10065",2018,"EVER",0,22,6,1
"10066",2018,"EVER",0,23,6,1
"10067",2018,"EVER",1,22,6,1
"10068",2018,"EVER",1,23,6,1
"10069",2018,"EVER",0,28,6,1
"10070",2018,"EVER",0,22,6,1
"10071",2018,"EVER",0,28,6,1
"10072",2018,"EVER",0,22,6,1
"10073",2018,"EVER",0,28,6,1
"10074",2018,"EVER",0,22,6,1
"10075",2018,"EVER",0,10,6,1
"10076",2018,"EVER",0,28,6,1
"10077",2018,"EVER",0,12,6,1
"10078",2018,"EVER",0,10,6,1
"10079",2018,"EVER",0,28,6,1
"10080",2018,"EVER",0,12,6,1
"10081",2018,"EVER",0,28,6,1
"10082",2018,"EVER",0,12,6,1
"10083",2018,"EVER",0,12,6,1
"10084",2018,"EVER",0,28,6,1
"10085",2018,"EVER",0,12,6,1
"10086",2018,"EVER",0,10,6,1
"10087",2018,"EVER",0,28,6,1
"10088",2018,"EVER",0,22,6,1
"10089",2018,"EVER",0,28,6,1
"10090",2018,"EVER",0,12,6,1
"10091",2018,"EVER",0,10,6,1
"10092",2018,"EVER",0,28,6,1
"10093",2018,"EVER",0,16,6,1
"10094",2018,"EVER",0,12,6,1
"10095",2018,"EVER",0,16,6,1
"10096",2018,"EVER",0,23,6,1
"10097",2018,"EVER",0,9,6,1
"10098",2018,"EVER",0,16,6,1
"10099",2018,"EVER",0,22,6,1
"10100",2018,"EVER",0,16,6,1
"10101",2018,"EVER",0,23,6,1
"10102",2018,"EVER",1,22,6,1
"10103",2018,"EVER",0,16,6,1
"10104",2018,"EVER",0,22,6,1
"10105",2018,"EVER",0,16,6,1
"10106",2018,"EVER",0,22,6,1
"10107",2018,"EVER",0,10,6,1
"10108",2018,"EVER",0,28,6,1
"10109",2018,"EVER",0,12,6,1
"10110",2018,"EVER",0,21,6,1
"10111",2018,"EVER",1,21,6,1
"10112",2018,"EVER",0,12,6,1
"10113",2018,"EVER",0,21,6,1
"10114",2018,"EVER",1,22,6,1
"10115",2018,"EVER",0,17,6,1
"10116",2018,"EVER",0,7,6,1
"10117",2018,"EVER",0,24,6,1
"10118",2018,"EVER",0,12,6,1
"10119",2018,"EVER",0,22,6,1
"10120",2018,"EVER",1,22,6,1
"10121",2018,"EVER",0,22,6,1
"10122",2018,"EVER",1,21,6,1
"10123",2018,"EVER",0,4,6,1
"10124",2018,"EVER",0,12,6,1
"10125",2018,"EVER",0,7,6,1
"10126",2018,"EVER",0,5,6,1
"10127",2018,"EVER",0,11,6,1
"10128",2018,"EVER",0,7,6,1
"10129",2018,"EVER",0,24,6,1
"10130",2018,"EVER",0,12,6,1
"10131",2018,"EVER",0,7,6,1
"10132",2018,"EVER",0,8,6,1
"10133",2018,"EVER",1,16,6,1
"10134",2018,"EVER",1,17,6,1
"10135",2018,"EVER",1,16,6,1
"10136",2018,"EVER",0,20,6,1
"10137",2018,"EVER",1,28,6,1
"10138",2018,"EVER",0,28,6,1
"10139",2018,"EVER",0,12,6,1
"10140",2018,"EVER",0,10,6,1
"10141",2018,"EVER",0,17,6,1
"10142",2018,"EVER",0,28,6,1
"10143",2018,"EVER",1,16,6,1
"10144",2018,"EVER",1,17,6,1
"10145",2018,"EVER",0,24,6,1
"10146",2018,"EVER",0,12,6,1
"10147",2018,"EVER",0,7,6,1
"10148",2018,"EVER",0,28,6,1
"10149",2018,"EVER",0,22,6,1
"10150",2018,"KRV",0,17,14,1
"10151",2018,"KRV",0,25,14,1
"10152",2018,"KRV",0,17,14,1
"10153",2018,"KRV",0,7,14,1
"10154",2018,"KRV",1,17,14,1
"10155",2018,"KRV",0,17,14,1
"10156",2018,"KRV",0,10,14,1
"10157",2018,"KRV",0,10,14,1
"10158",2018,"KRV",0,25,14,1
"10159",2018,"KRV",1,17,14,1
"10160",2018,"KRV",1,25,14,1
"10161",2018,"KRV",0,25,14,1
"10162",2018,"KRV",1,17,14,1
"10163",2018,"KRV",1,17,14,1
"10164",2018,"KRV",0,17,14,1
"10165",2018,"KRV",1,25,14,1
"10166",2018,"KRV",0,7,14,1
"10167",2018,"KRV",1,17,14,1
"10168",2018,"KRV",1,17,14,1
"10169",2018,"KRV",1,24,14,1
"10170",2018,"KRV",0,17,14,1
"10171",2018,"KRV",1,24,14,1
"10172",2018,"KRV",1,10,14,1
"10173",2018,"KRV",0,25,14,1
"10174",2018,"KRV",1,25,14,1
"10175",2018,"KRV",0,25,14,1
"10176",2018,"KRV",0,21,14,1
"10177",2018,"KRV",0,3,14,1
"10178",2018,"KRV",0,25,14,1
"10179",2018,"KRV",1,17,14,1
"10180",2018,"KRV",0,10,14,1
"10181",2018,"KRV",0,17,14,1
"10182",2018,"KRV",0,17,14,1
"10183",2018,"KRV",0,15,14,1
"10184",2018,"KRV",0,17,14,1
"10185",2018,"KRV",0,25,14,1
"10186",2018,"KRV",0,25,14,1
"10187",2018,"KRV",0,24,14,1
"10188",2018,"KRV",0,25,14,1
"10189",2018,"KRV",0,10,14,1
"10190",2018,"KRV",1,22,14,1
"10191",2018,"KRV",1,22,14,1
"10192",2018,"KRV",0,15,14,1
"10193",2018,"KRV",0,10,14,1
"10194",2018,"KRV",0,6,14,1
"10195",2018,"KRV",0,22,14,1
"10196",2018,"KRV",1,25,14,1
"10197",2018,"KRV",1,22,14,1
"10198",2018,"KRV",0,22,14,1
"10199",2018,"KRV",1,25,14,1
"10200",2018,"KRV",0,17,14,1
"10201",2018,"KRV",0,15,14,1
"10202",2018,"KRV",0,22,14,1
"10203",2018,"KRV",1,25,14,1
"10204",2018,"KRV",1,25,14,1
"10205",2018,"KRV",0,22,14,1
"10206",2018,"KRV",0,17,14,1
"10207",2018,"KRV",0,6,14,1
"10208",2018,"KRV",0,19,14,1
"10209",2018,"KRV",1,25,14,1
"10210",2018,"KRV",0,25,14,1
"10211",2018,"KRV",0,17,14,1
"10212",2018,"KRV",0,6,14,1
"10213",2018,"KRV",0,22,14,1
"10214",2018,"KRV",0,25,14,1
"10215",2018,"KRV",0,19,14,1
"10216",2018,"KRV",0,25,14,1
"10217",2018,"KRV",0,13,14,1
"10218",2018,"KRV",0,25,14,1
"10219",2018,"KRV",0,19,14,1
"10220",2018,"KRV",0,25,14,1
"10221",2018,"KRV",0,17,14,1
"10222",2018,"KRV",0,14,14,1
"10223",2018,"KRV",0,11,14,1
"10224",2018,"KRV",0,25,14,1
"10225",2018,"KRV",1,17,14,1
"10226",2018,"KRV",0,25,14,1
"10227",2018,"KRV",1,20,14,1
"10228",2018,"KRV",1,13,14,1
"10229",2018,"KRV",0,13,14,1
"10230",2018,"KRV",0,20,14,1
"10231",2018,"KRV",0,13,14,1
"10232",2018,"KRV",0,10,14,1
"10233",2018,"KRV",0,10,14,1
"10234",2018,"KRV",0,13,14,1
"10235",2018,"KRV",0,20,14,1
"10236",2018,"KRV",1,16,14,1
"10237",2018,"KRV",0,15,14,1
"10238",2018,"KRV",0,12,14,1
"10239",2018,"KRV",1,15,14,1
"10240",2018,"KRV",0,15,14,1
"10241",2018,"KRV",1,15,14,1
"10242",2018,"KRV",0,15,14,1
"10243",2018,"KRV",1,12,14,1
"10244",2018,"KRV",0,15,14,1
"10245",2018,"KRV",0,12,14,1
"10246",2018,"KRV",0,8,14,1
"10247",2018,"KRV",0,15,14,1
"10248",2018,"KRV",1,12,14,1
"10249",2018,"KRV",0,12,14,1
"10250",2018,"KRV",1,25,14,1
"10251",2018,"KRV",0,17,14,1
"10252",2018,"KRV",1,25,14,1
"10253",2018,"KRV",0,25,14,1
"10254",2018,"KRV",0,17,14,1
"10255",2018,"KRV",0,6,14,1
"10256",2018,"KRV",0,25,14,1
"10257",2018,"KRV",0,17,14,1
"10258",2018,"KRV",0,6,14,1
"10259",2018,"KRV",0,13,14,1
"10260",2018,"KRV",0,17,14,1
"10261",2018,"KRV",0,15,14,1
"10262",2018,"KRV",0,10,14,1
"10263",2018,"KRV",0,17,14,1
"10264",2018,"KRV",0,25,14,1
"10265",2018,"KRV",0,13,14,1
"10266",2018,"KRV",0,17,14,1
"10267",2018,"KRV",0,12,14,1
"10268",2018,"KRV",0,21,14,1
"10269",2018,"KRV",1,13,14,1
"10270",2018,"KRV",0,15,14,1
"10271",2018,"KRV",1,12,14,1
"10272",2018,"KRV",1,15,14,1
"10273",2018,"KRV",1,15,14,1
"10274",2018,"KRV",1,15,14,1
"10275",2018,"KRV",0,15,14,1
"10276",2018,"KRV",0,15,14,1
"10277",2018,"KRV",1,12,14,1
"10278",2018,"KRV",0,15,14,1
"10279",2018,"KRV",0,12,14,1
"10280",2018,"KRV",1,20,14,1
"10281",2018,"KRV",1,20,14,1
"10282",2018,"KRV",0,10,14,1
"10283",2018,"KRV",0,10,14,1
"10284",2018,"KRV",0,14,14,1
"10285",2018,"KRV",0,10,14,1
"10286",2018,"KRV",1,14,14,1
"10287",2018,"KRV",0,13,14,1
"10288",2018,"KRV",0,8,14,1
"10289",2018,"KRV",0,15,14,1
"10290",2018,"KRV",0,10,14,1
"10291",2018,"KRV",0,25,14,1
"10292",2018,"KRV",0,21,14,1
"10293",2018,"KRV",0,25,14,1
"10294",2018,"KRV",0,13,14,1
"10295",2018,"KRV",0,6,14,1
"10296",2018,"KRV",0,21,14,1
"10297",2018,"KRV",0,22,14,1
"10298",2018,"KRV",0,27,14,1
"10299",2018,"KRV",0,21,14,1
"10300",2018,"KRV",0,22,14,1
"10301",2018,"KRV",1,22,14,1
"10302",2018,"KRV",0,21,14,1
"10303",2018,"KRV",0,22,14,1
"10304",2018,"KRV",0,28,14,1
"10305",2018,"KRV",0,23,14,1
"10306",2018,"KRV",0,13,14,1
"10307",2018,"KRV",1,22,14,1
"10308",2018,"KRV",0,14,14,1
"10309",2018,"KRV",1,22,14,1
"10310",2018,"KRV",0,22,14,1
"10311",2018,"KRV",1,25,14,1
"10312",2018,"KRV",1,22,14,1
"10313",2018,"KRV",1,21,14,1
"10314",2018,"KRV",0,21,14,1
"10315",2018,"KRV",0,21,14,1
"10316",2018,"KRV",1,23,14,1
"10317",2018,"KRV",0,21,14,1
"10318",2018,"KRV",1,23,14,1
"10319",2018,"KRV",1,23,14,1
"10320",2018,"KRV",0,23,14,1
"10321",2018,"KRV",1,23,14,1
"10322",2018,"KRV",0,23,14,1
"10323",2018,"KRV",0,17,14,1
"10324",2018,"KRV",0,13,14,1
"10325",2018,"KRV",0,17,14,1
"10326",2018,"KRV",0,13,14,1
"10327",2018,"KRV",0,19,14,1
"10328",2018,"KRV",0,17,14,1
"10329",2018,"KRV",0,13,14,1
"10330",2018,"KRV",0,19,14,1
"10331",2018,"KRV",1,24,14,1
"10332",2018,"KRV",0,24,14,1
"10333",2018,"KRV",0,14,14,1
"10334",2018,"KRV",1,24,14,1
"10335",2018,"KRV",1,24,14,1
"10336",2018,"KRV",0,24,14,1
"10337",2018,"KRV",0,14,14,1
"10338",2018,"KRV",0,8,14,1
"10339",2018,"KRV",1,24,14,1
"10340",2018,"KRV",1,24,14,1
"10341",2018,"KRV",1,24,14,1
"10342",2018,"KRV",0,24,14,1
"10343",2018,"KRV",1,24,14,1
"10344",2018,"KRV",1,24,14,1
"10345",2018,"KRV",0,24,14,1
"10346",2018,"KRV",0,8,14,1
"10347",2018,"KRV",0,20,14,1
"10348",2018,"KRV",0,24,14,1
"10349",2018,"KRV",1,26,14,1
"10350",2018,"KRV",1,26,14,1
"10351",2018,"KRV",1,26,14,1
"10352",2018,"KRV",0,26,14,1
"10353",2018,"KRV",0,10,14,1
"10354",2018,"KRV",0,7,14,1
"10355",2018,"KRV",0,13,14,1
"10356",2018,"KRV",0,26,14,1
"10357",2018,"KRV",0,10,14,1
"10358",2018,"KRV",0,26,14,1
"10359",2018,"KRV",0,17,14,1
"10360",2018,"KRV",0,13,14,1
"10361",2018,"KRV",0,19,14,1
"10362",2018,"KRV",0,15,14,1
"10363",2018,"KRV",0,21,14,1
"10364",2018,"KRV",0,13,14,1
"10365",2018,"KRV",0,10,14,1
"10366",2018,"KRV",0,10,14,1
"10367",2018,"KRV",0,8,14,1
"10368",2018,"KRV",0,21,14,1
"10369",2018,"KRV",0,13,14,1
"10370",2018,"KRV",0,10,14,1
"10371",2018,"KRV",0,21,14,1
"10372",2018,"KRV",1,13,14,1
"10373",2018,"KRV",0,21,14,1
"10374",2018,"KRV",0,13,14,1
"10375",2018,"KRV",0,10,14,1
"10376",2018,"KRV",0,17,14,1
"10377",2018,"KRV",1,25,14,1
"10378",2018,"KRV",0,17,14,1
"10379",2018,"KRV",0,15,14,1
"10380",2018,"KRV",0,17,14,1
"10381",2018,"KRV",0,25,14,1
"10382",2018,"KRV",1,10,14,1
"10383",2018,"KRV",0,21,14,1
"10384",2018,"KRV",0,13,14,1
"10385",2018,"KRV",0,10,14,1
"10386",2018,"KRV",1,10,14,1
"10387",2018,"KRV",0,21,14,1
"10388",2018,"KRV",1,13,14,1
"10389",2018,"KRV",1,21,14,1
"10390",2018,"KRV",0,21,14,1
"10391",2018,"KRV",0,13,14,1
"10392",2018,"KRV",0,10,14,1
"10393",2018,"KRV",1,21,14,1
"10394",2018,"KRV",0,21,14,1
"10395",2018,"KRV",1,13,14,1
"10396",2018,"KRV",1,21,14,1
"10397",2018,"KRV",0,21,14,1
"10398",2018,"KRV",0,13,14,1
"10399",2018,"KRV",0,10,14,1
"10400",2018,"KRV",1,21,14,1
"10401",2018,"KRV",0,21,14,1
"10402",2018,"KRV",0,13,14,1
"10403",2018,"KRV",0,10,14,1
"10404",2018,"KRV",0,8,14,1
"10405",2018,"KRV",1,21,14,1
"10406",2018,"KRV",0,21,14,1
"10407",2018,"KRV",1,13,14,1
"10408",2018,"KRV",1,8,14,1
"10409",2018,"KRV",0,8,14,1
"10410",2018,"KRV",1,8,14,1
"10411",2018,"KRV",0,21,14,1
"10412",2018,"KRV",0,13,14,1
"10413",2018,"KRV",0,10,14,1
"10414",2018,"KRV",0,21,14,1
"10415",2018,"KRV",0,9,14,1
"10416",2018,"KRV",0,4,14,1
"10417",2018,"KRV",1,21,14,1
"10418",2018,"KRV",0,21,14,1
"10419",2018,"KRV",0,9,14,1
"10420",2018,"KRV",1,21,14,1
"10421",2018,"KRV",1,25,14,1
"10422",2018,"KRV",0,21,14,1
"10423",2018,"KRV",0,10,14,1
"10424",2018,"KRV",0,13,14,1
"10425",2018,"KRV",0,21,14,1
"10426",2018,"KRV",0,23,14,1
"10427",2018,"KRV",0,19,14,1
"10428",2018,"KRV",0,13,14,1
"10429",2018,"KRV",1,13,14,1
"10430",2018,"KRV",0,21,14,1
"10431",2018,"KRV",1,23,14,1
"10432",2018,"KRV",0,21,14,1
"10433",2018,"KRV",1,23,14,1
"10434",2018,"KRV",0,21,14,1
"10435",2018,"KRV",0,13,14,1
"10436",2018,"KRV",1,20,14,1
"10437",2018,"KRV",0,21,14,1
"10438",2018,"KRV",1,13,14,1
"10439",2018,"KRV",1,21,14,1
"10440",2018,"KRV",0,21,14,1
"10441",2018,"KRV",0,13,14,1
"10442",2018,"KRV",0,10,14,1
"10443",2018,"KRV",0,21,14,1
"10444",2018,"KRV",0,13,14,1
"10445",2018,"KRV",0,21,14,1
"10446",2018,"KRV",0,13,14,1
"10447",2018,"KRV",0,20,14,1
"10448",2018,"KRV",1,16,14,1
"10449",2018,"KRV",0,21,14,1
"10450",2018,"KRV",0,13,14,1
"10451",2018,"KRV",0,10,14,1
"10452",2018,"KRV",0,13,14,1
"10453",2018,"KRV",0,10,14,1
"10454",2018,"KRV",0,10,14,1
"10455",2018,"KRV",0,13,14,1
"10456",2018,"KRV",1,20,14,1
"10457",2018,"KRV",1,13,14,1
"10458",2018,"KRV",0,13,14,1
"10459",2018,"KRV",0,20,14,1
"10460",2018,"KRV",1,13,14,1
"10461",2018,"KRV",1,13,14,1
"10462",2018,"KRV",0,13,14,1
"10463",2018,"KRV",0,20,14,1
"10464",2018,"KRV",0,14,14,1
"10465",2018,"KRV",0,13,14,1
"10466",2018,"KRV",1,20,14,1
"10467",2018,"KRV",0,13,14,1
"10468",2018,"KRV",1,10,14,1
"10469",2018,"KRV",0,13,14,1
"10470",2018,"KRV",0,21,14,1
"10471",2018,"KRV",1,24,14,1
"10472",2018,"KRV",0,24,14,1
"10473",2018,"KRV",1,21,14,1
"10474",2018,"KRV",1,24,14,1
"10475",2018,"KRV",0,21,14,1
"10476",2018,"KRV",1,15,14,1
"10477",2018,"KRV",0,21,14,1
"10478",2018,"KRV",0,10,14,1
"10479",2018,"KRV",0,5,14,1
"10480",2018,"KRV",0,13,14,1
"10481",2018,"KRV",0,11,14,1
"10482",2018,"KRV",0,23,14,1
"10483",2018,"KRV",0,24,14,1
"10484",2018,"KRV",0,22,14,1
"10485",2018,"KRV",1,23,14,1
"10486",2018,"KRV",1,23,14,1
"10487",2018,"KRV",1,23,14,1
"10488",2018,"KRV",0,24,14,1
"10489",2018,"KRV",1,24,14,1
"10490",2018,"KRV",1,11,14,1
"10491",2018,"KRV",0,11,14,1
"10492",2018,"KRV",1,8,14,1
"10493",2018,"KRV",0,21,14,1
"10494",2018,"KRV",1,13,14,1
"10495",2018,"KRV",0,12,14,1
"10496",2018,"KRV",0,21,14,1
"10497",2018,"KRV",1,10,14,1
"10498",2018,"KRV",0,21,14,1
"10499",2018,"KRV",0,13,14,1
"10500",2018,"KRV",1,10,14,1
"10501",2018,"KRV",0,21,14,1
"10502",2018,"KRV",0,13,14,1
"10503",2018,"KRV",0,12,14,1
"10504",2018,"KRV",0,21,14,1
"10505",2018,"KRV",1,13,14,1
"10506",2018,"KRV",1,12,14,1
"10507",2018,"KRV",0,12,14,1
"10508",2018,"KRV",1,21,14,1
"10509",2018,"KRV",1,12,14,1
"10510",2018,"KRV",0,21,14,1
"10511",2018,"KRV",1,13,14,1
"10512",2018,"KRV",0,21,14,1
"10513",2018,"KRV",0,13,14,1
"10514",2018,"KRV",1,10,14,1
"10515",2018,"KRV",1,21,14,1
"10516",2018,"KRV",1,23,14,1
"10517",2018,"KRV",0,23,14,1
"10518",2018,"KRV",0,13,14,1
"10519",2018,"KRV",0,23,14,1
"10520",2018,"KRV",0,4,14,1
"10521",2018,"KRV",0,23,14,1
"10522",2018,"KRV",0,4,14,1
"10523",2018,"KRV",1,23,14,1
"10524",2018,"KRV",0,23,14,1
"10525",2018,"KRV",1,14,14,1
"10526",2018,"KRV",1,22,14,1
"10527",2018,"KRV",1,22,14,1
"10528",2018,"KRV",0,22,14,1
"10529",2018,"KRV",1,12,14,1
"10530",2018,"KRV",0,22,14,1
"10531",2018,"KRV",0,22,14,1
"10532",2018,"KRV",0,12,14,1
"10533",2018,"KRV",0,8,14,1
"10534",2018,"KRV",0,21,14,1
"10535",2018,"KRV",1,13,14,1
"10536",2018,"KRV",0,21,14,1
"10537",2018,"KRV",1,13,14,1
"10538",2018,"KRV",0,21,14,1
"10539",2018,"KRV",1,13,14,1
"10540",2018,"KRV",1,8,14,1
"10541",2018,"KRV",0,21,14,1
"10542",2018,"KRV",1,13,14,1
"10543",2018,"KRV",0,21,14,1
"10544",2018,"KRV",0,13,14,1
"10545",2018,"KRV",1,10,14,1
"10546",2018,"KRV",0,21,14,1
"10547",2018,"KRV",1,13,14,1
"10548",2018,"KRV",0,21,14,1
"10549",2018,"KRV",1,13,14,1
"10550",2018,"KRV",0,9,14,1
"10551",2018,"KRV",0,14,14,1
"10552",2018,"KRV",1,21,14,1
"10553",2018,"KRV",0,21,14,1
"10554",2018,"KRV",0,9,14,1
"10555",2018,"KRV",0,8,14,1
"10556",2018,"KRV",0,13,14,1
"10557",2018,"KRV",0,4,14,1
"10558",2018,"KRV",0,6,14,1
"10559",2018,"KRV",0,23,14,1
"10560",2018,"KRV",0,10,14,1
"10561",2018,"KRV",1,22,14,1
"10562",2018,"KRV",0,22,14,1
"10563",2018,"KRV",0,22,14,1
"10564",2018,"KRV",0,17,14,1
"10565",2018,"KRV",1,24,14,1
"10566",2018,"KRV",0,25,14,1
"10567",2018,"KRV",0,21,14,1
"10568",2018,"KRV",0,21,14,1
"10569",2018,"KRV",0,13,14,1
"10570",2018,"KRV",1,15,14,1
"10571",2018,"KRV",0,21,14,1
"10572",2018,"KRV",1,21,14,1
"10573",2018,"KRV",0,21,14,1
"10574",2018,"KRV",0,9,14,1
"10575",2018,"KRV",0,14,14,1
"10576",2018,"KRV",0,21,14,1
"10577",2018,"KRV",0,11,14,1
"10578",2018,"KRV",0,22,14,1
"10579",2018,"KRV",1,13,14,1
"10580",2018,"KRV",0,12,14,1
"10581",2018,"KRV",0,12,14,1
"10582",2018,"KRV",0,15,14,1
"10583",2018,"KRV",0,6,14,1
"10584",2018,"KRV",0,15,14,1
"10585",2018,"KRV",0,6,14,1
"10586",2018,"KRV",1,21,14,1
"10587",2018,"KRV",0,22,14,1
"10588",2018,"KRV",0,15,14,1
"10589",2018,"KRV",0,15,14,1
"10590",2018,"KRV",0,6,14,1
"10591",2018,"KRV",0,22,14,1
"10592",2018,"OKEE",0,14,9,1
"10593",2018,"OKEE",0,5,9,1
"10594",2018,"OKEE",0,23,9,1
"10595",2018,"OKEE",0,23,9,1
"10596",2018,"OKEE",0,23,9,1
"10597",2018,"OKEE",0,14,9,1
"10598",2018,"OKEE",1,14,9,1
"10599",2018,"OKEE",0,23,9,1
"10600",2018,"OKEE",1,24,9,1
"10601",2018,"OKEE",0,10,9,1
"10602",2018,"OKEE",0,23,9,1
"10603",2018,"OKEE",0,14,9,1
"10604",2018,"OKEE",0,10,9,1
"10605",2018,"OKEE",0,23,9,1
"10606",2018,"OKEE",0,23,9,1
"10607",2018,"OKEE",0,23,9,1
"10608",2018,"OKEE",0,14,9,1
"10609",2018,"OKEE",1,23,9,1
"10610",2018,"OKEE",1,23,9,1
"10611",2018,"OKEE",0,23,9,1
"10612",2018,"OKEE",1,23,9,1
"10613",2018,"OKEE",0,23,9,1
"10614",2018,"OKEE",1,23,9,1
"10615",2018,"OKEE",0,23,9,1
"10616",2018,"OKEE",1,23,9,1
"10617",2018,"OKEE",0,23,9,1
"10618",2018,"OKEE",0,20,9,1
"10619",2018,"OKEE",0,14,9,1
"10620",2018,"OKEE",0,12,9,1
"10621",2018,"OKEE",0,21,9,1
"10622",2018,"OKEE",1,20,9,1
"10623",2018,"OKEE",0,21,9,1
"10624",2018,"OKEE",0,20,9,1
"10625",2018,"OKEE",0,21,9,1
"10626",2018,"OKEE",0,20,9,1
"10627",2018,"OKEE",0,15,9,1
"10628",2018,"OKEE",0,11,9,1
"10629",2018,"OKEE",0,21,9,1
"10630",2018,"OKEE",0,20,9,1
"10631",2018,"OKEE",1,14,9,1
"10632",2018,"OKEE",0,21,9,1
"10633",2018,"OKEE",0,20,9,1
"10634",2018,"OKEE",0,14,9,1
"10635",2018,"OKEE",0,20,9,1
"10636",2018,"OKEE",0,14,9,1
"10637",2018,"OKEE",0,12,9,1
"10638",2018,"OKEE",0,20,9,1
"10639",2018,"OKEE",0,15,9,1
"10640",2018,"OKEE",1,12,9,1
"10641",2018,"OKEE",0,23,9,1
"10642",2018,"OKEE",0,24,9,1
"10643",2018,"OKEE",0,23,9,1
"10644",2018,"OKEE",0,14,9,1
"10645",2018,"OKEE",0,23,9,1
"10646",2018,"OKEE",0,14,9,1
"10647",2018,"OKEE",0,10,9,1
"10648",2018,"OKEE",1,23,9,1
"10649",2018,"OKEE",1,16,9,1
"10650",2018,"OKEE",0,22,9,1
"10651",2018,"OKEE",0,16,9,1
"10652",2018,"OKEE",0,21,9,1
"10653",2018,"OKEE",0,20,9,1
"10654",2018,"OKEE",0,14,9,1
"10655",2018,"OKEE",0,12,9,1
"10656",2018,"OKEE",0,12,9,1
"10657",2018,"OKEE",0,21,9,1
"10658",2018,"OKEE",1,23,9,1
"10659",2018,"OKEE",1,23,9,1
"10660",2018,"OKEE",0,23,9,1
"10661",2018,"OKEE",0,18,9,1
"10662",2018,"OKEE",0,23,9,1
"10663",2018,"OKEE",0,18,9,1
"10664",2018,"OKEE",0,6,9,1
"10665",2018,"OKEE",0,23,9,1
"10666",2018,"OKEE",0,18,9,1
"10667",2018,"OKEE",0,6,9,1
"10668",2018,"OKEE",0,23,9,1
"10669",2018,"OKEE",0,18,9,1
"10670",2018,"OKEE",0,6,9,1
"10671",2018,"OKEE",0,23,9,1
"10672",2018,"OKEE",0,23,9,1
"10673",2018,"OKEE",1,14,9,1
"10674",2018,"OKEE",0,10,9,1
"10675",2018,"OKEE",0,23,9,1
"10676",2018,"OKEE",0,14,9,1
"10677",2018,"OKEE",0,10,9,1
"10678",2018,"OKEE",0,23,9,1
"10679",2018,"OKEE",0,13,9,1
"10680",2018,"OKEE",0,20,9,1
"10681",2018,"OKEE",0,14,9,1
"10682",2018,"OKEE",0,13,9,1
"10683",2018,"OKEE",0,11,9,1
"10684",2018,"OKEE",0,20,9,1
"10685",2018,"OKEE",0,14,9,1
"10686",2018,"OKEE",0,13,9,1
"10687",2018,"OKEE",1,11,9,1
"10688",2018,"OKEE",0,20,9,1
"10689",2018,"OKEE",0,14,9,1
"10690",2018,"OKEE",0,13,9,1
"10691",2018,"OKEE",0,20,9,1
"10692",2018,"OKEE",0,14,9,1
"10693",2018,"OKEE",0,12,9,1
"10694",2018,"OKEE",0,12,9,1
"10695",2018,"OKEE",0,20,9,1
"10696",2018,"OKEE",0,14,9,1
"10697",2018,"OKEE",0,12,9,1
"10698",2018,"OKEE",0,12,9,1
"10699",2018,"OKEE",0,6,9,1
"10700",2018,"OKEE",0,11,9,1
"10701",2018,"OKEE",1,20,9,1
"10702",2018,"OKEE",0,20,9,1
"10703",2018,"OKEE",0,15,9,1
"10704",2018,"OKEE",0,2,9,1
"10705",2018,"OKEE",0,20,9,1
"10706",2018,"OKEE",0,14,9,1
"10707",2018,"OKEE",0,12,9,1
"10708",2018,"OKEE",0,20,9,1
"10709",2018,"OKEE",0,14,9,1
"10710",2018,"OKEE",0,12,9,1
"10711",2018,"OKEE",0,20,9,1
"10712",2018,"OKEE",0,14,9,1
"10713",2018,"OKEE",1,23,9,1
"10714",2018,"OKEE",0,23,9,1
"10715",2018,"OKEE",0,14,9,1
"10716",2018,"OKEE",0,5,9,1
"10717",2018,"OKEE",0,23,9,1
"10718",2018,"OKEE",0,14,9,1
"10719",2018,"OKEE",0,5,9,1
"10720",2018,"OKEE",1,23,9,1
"10721",2018,"OKEE",0,24,9,1
"10722",2018,"OKEE",0,18,9,1
"10723",2018,"OKEE",0,6,9,1
"10724",2018,"OKEE",0,24,9,1
"10725",2018,"OKEE",1,22,9,1
"10726",2018,"OKEE",1,24,9,1
"10727",2018,"OKEE",0,19,9,1
"10728",2018,"OKEE",0,5,9,1
"10729",2018,"OKEE",0,22,9,1
"10730",2018,"OKEE",1,20,9,1
"10731",2018,"OKEE",0,20,9,1
"10732",2018,"OKEE",0,14,9,1
"10733",2018,"OKEE",0,13,9,1
"10734",2018,"OKEE",0,17,9,1
"10735",2018,"OKEE",0,11,9,1
"10736",2018,"OKEE",1,10,9,1
"10737",2018,"OKEE",0,20,9,1
"10738",2018,"OKEE",1,14,9,1
"10739",2018,"OKEE",0,20,9,1
"10740",2018,"OKEE",0,14,9,1
"10741",2018,"OKEE",0,12,9,1
"10742",2018,"OKEE",0,20,9,1
"10743",2018,"OKEE",0,14,9,1
"10744",2018,"OKEE",0,20,9,1
"10745",2018,"OKEE",0,14,9,1
"10746",2018,"OKEE",0,12,9,1
"10747",2018,"OKEE",0,20,9,1
"10748",2018,"OKEE",0,14,9,1
"10749",2018,"OKEE",0,13,9,1
"10750",2018,"OKEE",0,20,9,1
"10751",2018,"OKEE",0,14,9,1
"10752",2018,"OKEE",0,13,9,1
"10753",2018,"OKEE",0,20,9,1
"10754",2018,"OKEE",0,14,9,1
"10755",2018,"OKEE",0,12,9,1
"10756",2018,"OKEE",1,20,9,1
"10757",2018,"OKEE",1,20,9,1
"10758",2018,"OKEE",0,20,9,1
"10759",2018,"OKEE",0,14,9,1
"10760",2018,"OKEE",0,12,9,1
"10761",2018,"OKEE",0,12,9,1
"10762",2018,"OKEE",0,17,9,1
"10763",2018,"OKEE",0,21,9,1
"10764",2018,"OKEE",0,19,9,1
"10765",2018,"OKEE",0,12,9,1
"10766",2018,"OKEE",0,17,9,1
"10767",2018,"OKEE",0,11,9,1
"10768",2018,"OKEE",0,12,9,1
"10769",2018,"OKEE",0,17,9,1
"10770",2018,"OKEE",0,11,9,1
"10771",2018,"OKEE",0,10,9,1
"10772",2018,"OKEE",0,12,9,1
"10773",2018,"OKEE",1,17,9,1
"10774",2018,"OKEE",1,12,9,1
"10775",2018,"OKEE",0,12,9,1
"10776",2018,"OKEE",0,17,9,1
"10777",2018,"OKEE",0,21,9,1
"10778",2018,"OKEE",0,6,9,1
"10779",2018,"OKEE",0,12,9,1
"10780",2018,"OKEE",0,17,9,1
"10781",2018,"OKEE",1,21,9,1
"10782",2018,"OKEE",1,12,9,1
"10783",2018,"OKEE",0,12,9,1
"10784",2018,"OKEE",0,11,9,1
"10785",2018,"OKEE",1,12,9,1
"10786",2018,"OKEE",0,12,9,1
"10787",2018,"OKEE",1,11,9,1
"10788",2018,"OKEE",0,12,9,1
"10789",2018,"OKEE",0,17,9,1
"10790",2018,"OKEE",0,21,9,1
"10791",2018,"OKEE",0,12,9,1
"10792",2018,"OKEE",0,17,9,1
"10793",2018,"OKEE",0,21,9,1
"10794",2018,"OKEE",1,12,9,1
"10795",2018,"OKEE",0,12,9,1
"10796",2018,"OKEE",0,17,9,1
"10797",2018,"OKEE",0,11,9,1
"10798",2018,"OKEE",0,12,9,1
"10799",2018,"OKEE",0,17,9,1
"10800",2018,"OKEE",1,11,9,1
"10801",2018,"OKEE",0,18,9,1
"10802",2018,"OKEE",1,21,9,1
"10803",2018,"OKEE",0,18,9,1
"10804",2018,"OKEE",1,21,9,1
"10805",2018,"OKEE",0,12,9,1
"10806",2018,"OKEE",0,6,9,1
"10807",2018,"OKEE",0,11,9,1
"10808",2018,"OKEE",0,18,9,1
"10809",2018,"OKEE",1,21,9,1
"10810",2018,"OKEE",0,18,9,1
"10811",2018,"OKEE",0,21,9,1
"10812",2018,"OKEE",0,19,9,1
"10813",2018,"OKEE",1,12,9,1
"10814",2018,"OKEE",0,18,9,1
"10815",2018,"OKEE",0,11,9,1
"10816",2018,"OKEE",0,11,9,1
"10817",2018,"OKEE",0,17,9,1
"10818",2018,"OKEE",1,10,9,1
"10819",2018,"OKEE",1,17,9,1
"10820",2018,"OKEE",0,11,9,1
"10821",2018,"OKEE",0,17,9,1
"10822",2018,"OKEE",0,11,9,1
"10823",2018,"OKEE",0,6,9,1
"10824",2018,"OKEE",0,17,9,1
"10825",2018,"OKEE",1,21,9,1
"10826",2018,"OKEE",1,17,9,1
"10827",2018,"OKEE",0,17,9,1
"10828",2018,"OKEE",1,21,9,1
"10829",2018,"OKEE",1,17,9,1
"10830",2018,"OKEE",0,17,9,1
"10831",2018,"OKEE",0,10,9,1
"10832",2018,"OKEE",1,21,9,1
"10833",2018,"OKEE",0,21,9,1
"10834",2018,"OKEE",0,24,9,1
"10835",2018,"OKEE",0,20,9,1
"10836",2018,"OKEE",1,14,9,1
"10837",2018,"OKEE",0,20,9,1
"10838",2018,"OKEE",0,14,9,1
"10839",2018,"OKEE",0,20,9,1
"10840",2018,"OKEE",0,14,9,1
"10841",2018,"OKEE",0,12,9,1
"10842",2018,"OKEE",0,20,9,1
"10843",2018,"OKEE",0,14,9,1
"10844",2018,"OKEE",1,12,9,1
"10845",2018,"OKEE",0,20,9,1
"10846",2018,"OKEE",0,14,9,1
"10847",2018,"OKEE",1,12,9,1
"10848",2018,"OKEE",0,20,9,1
"10849",2018,"OKEE",0,14,9,1
"10850",2018,"OKEE",0,12,9,1
"10851",2018,"OKEE",0,14,9,1
"10852",2018,"OKEE",0,7,9,1
"10853",2018,"OKEE",0,28,9,1
"10854",2018,"OKEE",0,9,9,1
"10855",2018,"OKEE",0,7,9,1
"10856",2018,"OKEE",0,14,9,1
"10857",2018,"OKEE",0,7,9,1
"10858",2018,"OKEE",0,20,9,1
"10859",2018,"OKEE",0,8,9,1
"10860",2018,"OKEE",0,14,9,1
"10861",2018,"OKEE",0,12,9,1
"10862",2018,"OKEE",0,12,9,1
"10863",2018,"OKEE",0,6,9,1
"10864",2018,"OKEE",0,11,9,1
"10865",2018,"OKEE",0,14,9,1
"10866",2018,"OKEE",1,13,9,1
"10867",2018,"OKEE",0,14,9,1
"10868",2018,"OKEE",0,12,9,1
"10869",2018,"OKEE",0,18,9,1
"10870",2018,"OKEE",0,11,9,1
"10871",2018,"OKEE",0,14,9,1
"10872",2018,"OKEE",0,13,9,1
"10873",2018,"OKEE",0,17,9,1
"10874",2018,"OKEE",0,14,9,1
"10875",2018,"OKEE",0,3,9,1
"10876",2018,"OKEE",0,14,9,1
"10877",2018,"OKEE",0,13,9,1
"10878",2018,"OKEE",0,11,9,1
"10879",2018,"OKEE",0,6,9,1
"10880",2018,"OKEE",0,14,9,1
"10881",2018,"OKEE",0,13,9,1
"10882",2018,"OKEE",0,17,9,1
"10883",2018,"OKEE",0,11,9,1
"10884",2018,"OKEE",0,14,9,1
"10885",2018,"OKEE",0,13,9,1
"10886",2018,"OKEE",0,17,9,1
"10887",2018,"OKEE",0,11,9,1
"10888",2018,"OKEE",0,14,9,1
"10889",2018,"OKEE",0,13,9,1
"10890",2018,"OKEE",0,17,9,1
"10891",2018,"OKEE",0,11,9,1
"10892",2018,"OKEE",0,14,9,1
"10893",2018,"OKEE",0,13,9,1
"10894",2018,"OKEE",0,17,9,1
"10895",2018,"OKEE",0,11,9,1
"10896",2018,"OKEE",0,14,9,1
"10897",2018,"OKEE",1,13,9,1
"10898",2018,"OKEE",0,14,9,1
"10899",2018,"OKEE",0,12,9,1
"10900",2018,"OKEE",0,15,9,1
"10901",2018,"OKEE",0,11,9,1
"10902",2018,"OKEE",0,14,9,1
"10903",2018,"OKEE",0,13,9,1
"10904",2018,"OKEE",0,17,9,1
"10905",2018,"OKEE",0,11,9,1
"10906",2018,"OKEE",0,14,9,1
"10907",2018,"OKEE",0,13,9,1
"10908",2018,"OKEE",0,17,9,1
"10909",2018,"OKEE",0,15,9,1
"10910",2018,"OKEE",0,12,9,1
"10911",2018,"OKEE",1,11,9,1
"10912",2018,"OKEE",0,15,9,1
"10913",2018,"OKEE",0,11,9,1
"10914",2018,"OKEE",0,12,9,1
"10915",2018,"OKEE",0,6,9,1
"10916",2018,"OKEE",0,11,9,1
"10917",2018,"OKEE",0,15,9,1
"10918",2018,"OKEE",0,11,9,1
"10919",2018,"OKEE",0,15,9,1
"10920",2018,"OKEE",0,11,9,1
"10921",2018,"OKEE",0,12,9,1
"10922",2018,"OKEE",0,6,9,1
"10923",2018,"OKEE",0,15,9,1
"10924",2018,"OKEE",0,12,9,1
"10925",2018,"OKEE",0,17,9,1
"10926",2018,"OKEE",0,11,9,1
"10927",2018,"OKEE",0,15,9,1
"10928",2018,"OKEE",0,12,9,1
"10929",2018,"OKEE",0,17,9,1
"10930",2018,"OKEE",0,11,9,1
"10931",2018,"OKEE",1,15,9,1
"10932",2018,"OKEE",0,15,9,1
"10933",2018,"OKEE",0,12,9,1
"10934",2018,"OKEE",1,11,9,1
"10935",2018,"OKEE",0,14,9,1
"10936",2018,"OKEE",0,12,9,1
"10937",2018,"OKEE",0,12,9,1
"10938",2018,"OKEE",0,14,9,1
"10939",2018,"OKEE",0,13,9,1
"10940",2018,"OKEE",0,11,9,1
"10941",2018,"OKEE",0,14,9,1
"10942",2018,"OKEE",0,13,9,1
"10943",2018,"OKEE",0,14,9,1
"10944",2018,"OKEE",0,12,9,1
"10945",2018,"OKEE",0,12,9,1
"10946",2018,"OKEE",0,6,9,1
"10947",2018,"OKEE",0,14,9,1
"10948",2018,"OKEE",0,12,9,1
"10949",2018,"OKEE",0,12,9,1
"10950",2018,"OKEE",0,6,9,1
"10951",2018,"OKEE",0,15,9,1
"10952",2018,"OKEE",0,11,9,1
"10953",2018,"OKEE",0,18,9,1
"10954",2018,"OKEE",0,11,9,1
"10955",2018,"OKEE",0,13,9,1
"10956",2018,"OKEE",0,17,9,1
"10957",2018,"OKEE",0,21,9,1
"10958",2018,"OKEE",0,6,9,1
"10959",2018,"OKEE",0,13,9,1
"10960",2018,"OKEE",0,17,9,1
"10961",2018,"OKEE",0,11,9,1
"10962",2018,"OKEE",0,13,9,1
"10963",2018,"OKEE",0,17,9,1
"10964",2018,"OKEE",0,11,9,1
"10965",2018,"OKEE",0,13,9,1
"10966",2018,"OKEE",0,17,9,1
"10967",2018,"OKEE",1,11,9,1
"10968",2018,"OKEE",0,13,9,1
"10969",2018,"OKEE",1,17,9,1
"10970",2018,"OKEE",1,13,9,1
"10971",2018,"OKEE",1,13,9,1
"10972",2018,"OKEE",0,13,9,1
"10973",2018,"OKEE",0,17,9,1
"10974",2018,"OKEE",1,21,9,1
"10975",2018,"OKEE",0,13,9,1
"10976",2018,"OKEE",0,17,9,1
"10977",2018,"OKEE",0,11,9,1
"10978",2018,"OKEE",0,12,9,1
"10979",2018,"OKEE",1,12,9,1
"10980",2018,"OKEE",0,12,9,1
"10981",2018,"OKEE",1,12,9,1
"10982",2018,"OKEE",0,12,9,1
"10983",2018,"OKEE",0,12,9,1
"10984",2018,"OKEE",0,17,9,1
"10985",2018,"OKEE",0,10,9,1
"10986",2018,"OKEE",0,13,9,1
"10987",2018,"OKEE",1,11,9,1
"10988",2018,"OKEE",0,13,9,1
"10989",2018,"OKEE",1,11,9,1
"10990",2018,"OKEE",0,13,9,1
"10991",2018,"OKEE",0,11,9,1
"10992",2018,"OKEE",0,13,9,1
"10993",2018,"OKEE",0,17,9,1
"10994",2018,"OKEE",0,21,9,1
"10995",2018,"OKEE",1,13,9,1
"10996",2018,"OKEE",0,13,9,1
"10997",2018,"OKEE",0,11,9,1
"10998",2018,"OKEE",1,17,9,1
"10999",2018,"OKEE",1,19,9,1
"11000",2018,"OKEE",0,11,9,1
"11001",2018,"OKEE",0,20,9,1
"11002",2018,"OKEE",0,14,9,1
"11003",2018,"OKEE",1,23,9,1
"11004",2018,"OKEE",1,28,9,1
"11005",2018,"OKEE",0,20,9,1
"11006",2018,"OKEE",0,15,9,1
"11007",2018,"OKEE",0,11,9,1
"11008",2018,"OKEE",0,20,9,1
"11009",2018,"OKEE",0,15,9,1
"11010",2018,"OKEE",1,11,9,1
"11011",2018,"OKEE",0,20,9,1
"11012",2018,"OKEE",0,15,9,1
"11013",2018,"OKEE",0,11,9,1
"11014",2018,"OKEE",1,20,9,1
"11015",2018,"OKEE",0,20,9,1
"11016",2018,"OKEE",0,15,9,1
"11017",2018,"OKEE",0,11,9,1
"11018",2018,"OKEE",0,20,9,1
"11019",2018,"OKEE",0,15,9,1
"11020",2018,"OKEE",1,11,9,1
"11021",2018,"OKEE",0,20,9,1
"11022",2018,"OKEE",0,14,9,1
"11023",2018,"OKEE",0,13,9,1
"11024",2018,"OKEE",0,20,9,1
"11025",2018,"OKEE",0,15,9,1
"11026",2018,"OKEE",0,12,9,1
"11027",2018,"OKEE",1,20,9,1
"11028",2018,"OKEE",1,20,9,1
"11029",2018,"OKEE",0,20,9,1
"11030",2018,"OKEE",0,15,9,1
"11031",2018,"OKEE",0,11,9,1
"11032",2018,"OKEE",1,20,9,1
"11033",2018,"OKEE",0,20,9,1
"11034",2018,"OKEE",0,14,9,1
"11035",2018,"OKEE",0,13,9,1
"11036",2018,"OKEE",0,11,9,1
"11037",2018,"OKEE",0,20,9,1
"11038",2018,"OKEE",0,14,9,1
"11039",2018,"OKEE",0,13,9,1
"11040",2018,"OKEE",0,10,9,1
"11041",2018,"OKEE",0,14,9,1
"11042",2018,"OKEE",0,10,9,1
"11043",2018,"OKEE",0,28,9,1
"11044",2018,"OKEE",0,23,9,1
"11045",2018,"OKEE",0,28,9,1
"11046",2018,"OKEE",0,23,9,1
"11047",2018,"OKEE",1,23,9,1
"11048",2018,"OKEE",0,7,9,1
"11049",2018,"OKEE",0,24,9,1
"11050",2018,"OKEE",0,14,9,1
"11051",2018,"OKEE",1,28,9,1
"11052",2018,"OKEE",0,7,9,1
"11053",2018,"OKEE",0,6,9,1
"11054",2018,"OKEE",0,13,9,1
"11055",2018,"PP",0,16,0,1
"11056",2018,"PP",0,21,0,1
"11057",2018,"PP",0,16,0,1
"11058",2018,"PP",0,19,0,1
"11059",2018,"PP",0,13,0,1
"11060",2018,"SJM",1,18,3,1
"11061",2018,"SJM",0,18,3,1
"11062",2018,"SJM",0,14,3,1
"11063",2018,"SJM",0,25,3,1
"11064",2018,"SJM",0,18,3,1
"11065",2018,"SJM",1,18,3,1
"11066",2018,"SJM",0,13,3,1
"11067",2018,"SJM",0,25,3,1
"11068",2018,"SJM",0,18,3,1
"11069",2018,"SJM",0,25,3,1
"11070",2018,"SJM",0,18,3,1
"11071",2018,"SJM",0,19,3,1
"11072",2018,"SJM",0,26,3,1
"11073",2018,"SJM",0,13,3,1
"11074",2018,"SJM",0,25,3,1
"11075",2018,"SJM",0,18,3,1
"11076",2018,"SJM",0,25,3,1
"11077",2018,"SJM",1,22,3,1
"11078",2018,"SJM",1,13,3,1
"11079",2018,"SJM",0,14,3,1
"11080",2018,"SJM",0,16,3,1
"11081",2018,"SJM",0,14,3,1
"11082",2018,"SJM",1,13,3,1
"11083",2018,"SJM",1,16,3,1
"11084",2018,"SJM",0,26,3,1
"11085",2018,"SJM",0,13,3,1
"11086",2018,"SJM",1,26,3,1
"11087",2018,"SJM",0,16,3,1
"11088",2018,"SJM",0,14,3,1
"11089",2018,"SJM",1,13,3,1
"11090",2018,"SJM",0,13,3,1
"11091",2018,"SJM",1,14,3,1
"11092",2018,"SJM",0,19,3,1
"11093",2018,"SJM",1,17,3,1
"11094",2018,"SJM",0,19,3,1
"11095",2018,"SJM",1,26,3,1
"11096",2018,"SJM",0,19,3,1
"11097",2018,"SJM",0,26,3,1
"11098",2018,"SJM",1,19,3,1
"11099",2018,"SJM",1,22,3,1
"11100",2018,"SJM",0,26,3,1
"11101",2018,"SJM",0,13,3,1
"11102",2018,"SJM",0,26,3,1
"11103",2018,"SJM",0,15,3,1
"11104",2018,"SJM",1,28,3,1
"11105",2018,"SJM",0,22,3,1
"11106",2018,"SJM",0,19,3,1
"11107",2018,"SJM",0,15,3,1
"11108",2018,"SJM",1,22,3,1
"11109",2018,"SJM",1,22,3,1
"11110",2018,"SJM",0,16,3,1
"11111",2018,"SJM",0,12,3,1
"11112",2018,"SJM",1,22,3,1
"11113",2018,"SJM",1,28,3,1
"11114",2018,"SJM",0,28,3,1
"11115",2018,"SJM",1,15,3,1
"11116",2018,"SJM",0,16,3,1
"11117",2018,"SJM",0,12,3,1
"11118",2018,"SJM",1,28,3,1
"11119",2018,"SJM",0,26,3,1
"11120",2018,"SJM",1,22,3,1
"11121",2018,"SJM",1,22,3,1
"11122",2018,"SJM",1,22,3,1
"11123",2018,"SJM",0,18,3,1
"11124",2018,"SJM",0,12,3,1
"11125",2018,"SJM",1,17,3,1
"11126",2019,"EAST",1,22,4,1
"11127",2019,"EAST",1,20,4,1
"11128",2019,"EAST",1,22,4,1
"11129",2019,"EAST",0,5,4,1
"11130",2019,"EAST",0,20,4,1
"11131",2019,"EAST",0,22,4,1
"11132",2019,"EAST",1,20,4,1
"11133",2019,"EAST",0,22,4,1
"11134",2019,"EAST",0,20,4,1
"11135",2019,"EAST",0,22,4,1
"11136",2019,"EAST",1,20,4,1
"11137",2019,"EAST",0,22,4,1
"11138",2019,"EAST",0,3,4,1
"11139",2019,"EAST",0,9,4,1
"11140",2019,"EAST",0,5,4,1
"11141",2019,"EAST",0,20,4,1
"11142",2019,"EAST",0,5,4,1
"11143",2019,"EAST",0,9,4,1
"11144",2019,"EVER",0,22,7,1
"11145",2019,"EVER",0,11,7,1
"11146",2019,"EVER",0,22,7,1
"11147",2019,"EVER",0,22,7,1
"11148",2019,"EVER",0,21,7,1
"11149",2019,"EVER",0,22,7,1
"11150",2019,"EVER",0,21,7,1
"11151",2019,"EVER",0,22,7,1
"11152",2019,"EVER",0,21,7,1
"11153",2019,"EVER",0,16,7,1
"11154",2019,"EVER",0,6,7,1
"11155",2019,"EVER",0,22,7,1
"11156",2019,"EVER",1,21,7,1
"11157",2019,"EVER",0,21,7,1
"11158",2019,"EVER",0,17,7,1
"11159",2019,"EVER",0,21,7,1
"11160",2019,"EVER",0,17,7,1
"11161",2019,"EVER",1,21,7,1
"11162",2019,"EVER",0,21,7,1
"11163",2019,"EVER",1,21,7,1
"11164",2019,"EVER",0,21,7,1
"11165",2019,"EVER",1,22,7,1
"11166",2019,"EVER",0,21,7,1
"11167",2019,"EVER",0,21,7,1
"11168",2019,"EVER",0,21,7,1
"11169",2019,"EVER",0,11,7,1
"11170",2019,"EVER",0,11,7,1
"11171",2019,"EVER",1,21,7,1
"11172",2019,"EVER",1,21,7,1
"11173",2019,"EVER",1,21,7,1
"11174",2019,"EVER",0,21,7,1
"11175",2019,"EVER",0,11,7,1
"11176",2019,"EVER",0,11,7,1
"11177",2019,"EVER",1,22,7,1
"11178",2019,"EVER",0,22,7,1
"11179",2019,"EVER",0,21,7,1
"11180",2019,"EVER",0,22,7,1
"11181",2019,"EVER",0,3,7,1
"11182",2019,"EVER",0,18,7,1
"11183",2019,"EVER",0,5,7,1
"11184",2019,"EVER",1,22,7,1
"11185",2019,"EVER",0,22,7,1
"11186",2019,"EVER",1,21,7,1
"11187",2019,"EVER",0,21,7,1
"11188",2019,"EVER",0,22,7,1
"11189",2019,"EVER",0,5,7,1
"11190",2019,"EVER",1,22,7,1
"11191",2019,"EVER",0,22,7,1
"11192",2019,"EVER",0,21,7,1
"11193",2019,"EVER",1,22,7,1
"11194",2019,"EVER",0,21,7,1
"11195",2019,"EVER",0,22,7,1
"11196",2019,"EVER",1,21,7,1
"11197",2019,"EVER",0,17,7,1
"11198",2019,"EVER",0,21,7,1
"11199",2019,"EVER",1,12,7,1
"11200",2019,"EVER",0,21,7,1
"11201",2019,"EVER",1,23,7,1
"11202",2019,"EVER",1,22,7,1
"11203",2019,"EVER",1,22,7,1
"11204",2019,"EVER",0,21,7,1
"11205",2019,"EVER",0,5,7,1
"11206",2019,"EVER",0,22,7,1
"11207",2019,"KRV",1,21,15,1
"11208",2019,"KRV",1,21,15,1
"11209",2019,"KRV",0,21,15,1
"11210",2019,"KRV",0,22,15,1
"11211",2019,"KRV",1,22,15,1
"11212",2019,"KRV",0,17,15,1
"11213",2019,"KRV",1,21,15,1
"11214",2019,"KRV",1,21,15,1
"11215",2019,"KRV",0,22,15,1
"11216",2019,"KRV",0,21,15,1
"11217",2019,"KRV",0,5,15,1
"11218",2019,"KRV",0,5,15,1
"11219",2019,"KRV",0,21,15,1
"11220",2019,"KRV",1,21,15,1
"11221",2019,"KRV",0,21,15,1
"11222",2019,"KRV",0,22,15,1
"11223",2019,"KRV",0,12,15,1
"11224",2019,"KRV",0,21,15,1
"11225",2019,"KRV",0,21,15,1
"11226",2019,"KRV",0,11,15,1
"11227",2019,"KRV",0,21,15,1
"11228",2019,"KRV",0,22,15,1
"11229",2019,"KRV",1,12,15,1
"11230",2019,"KRV",0,21,15,1
"11231",2019,"KRV",0,21,15,1
"11232",2019,"KRV",1,21,15,1
"11233",2019,"KRV",1,22,15,1
"11234",2019,"KRV",1,22,15,1
"11235",2019,"KRV",0,21,15,1
"11236",2019,"KRV",0,22,15,1
"11237",2019,"KRV",0,21,15,1
"11238",2019,"KRV",0,22,15,1
"11239",2019,"KRV",0,12,15,1
"11240",2019,"KRV",0,12,15,1
"11241",2019,"KRV",1,18,15,1
"11242",2019,"KRV",0,22,15,1
"11243",2019,"KRV",0,21,15,1
"11244",2019,"KRV",0,22,15,1
"11245",2019,"KRV",1,21,15,1
"11246",2019,"KRV",0,21,15,1
"11247",2019,"KRV",0,21,15,1
"11248",2019,"KRV",0,3,15,1
"11249",2019,"KRV",0,21,15,1
"11250",2019,"KRV",0,12,15,1
"11251",2019,"KRV",0,21,15,1
"11252",2019,"KRV",0,22,15,1
"11253",2019,"KRV",0,3,15,1
"11254",2019,"KRV",0,21,15,1
"11255",2019,"KRV",1,21,15,1
"11256",2019,"KRV",0,21,15,1
"11257",2019,"KRV",1,21,15,1
"11258",2019,"KRV",1,21,15,1
"11259",2019,"KRV",0,21,15,1
"11260",2019,"KRV",0,12,15,1
"11261",2019,"KRV",1,10,15,1
"11262",2019,"KRV",1,22,15,1
"11263",2019,"KRV",0,22,15,1
"11264",2019,"KRV",1,22,15,1
"11265",2019,"KRV",1,22,15,1
"11266",2019,"KRV",0,22,15,1
"11267",2019,"KRV",0,14,15,1
"11268",2019,"KRV",0,8,15,1
"11269",2019,"KRV",1,22,15,1
"11270",2019,"KRV",1,22,15,1
"11271",2019,"KRV",0,22,15,1
"11272",2019,"KRV",0,14,15,1
"11273",2019,"KRV",0,22,15,1
"11274",2019,"KRV",0,14,15,1
"11275",2019,"KRV",0,22,15,1
"11276",2019,"KRV",0,22,15,1
"11277",2019,"KRV",1,21,15,1
"11278",2019,"KRV",0,22,15,1
"11279",2019,"KRV",0,22,15,1
"11280",2019,"KRV",0,11,15,1
"11281",2019,"KRV",0,22,15,1
"11282",2019,"KRV",1,22,15,1
"11283",2019,"KRV",0,21,15,1
"11284",2019,"KRV",1,21,15,1
"11285",2019,"KRV",1,21,15,1
"11286",2019,"KRV",0,21,15,1
"11287",2019,"KRV",0,22,15,1
"11288",2019,"KRV",0,12,15,1
"11289",2019,"KRV",0,22,15,1
"11290",2019,"KRV",0,22,15,1
"11291",2019,"KRV",1,14,15,1
"11292",2019,"KRV",1,22,15,1
"11293",2019,"KRV",1,22,15,1
"11294",2019,"KRV",0,22,15,1
"11295",2019,"KRV",0,22,15,1
"11296",2019,"KRV",0,14,15,1
"11297",2019,"KRV",1,22,15,1
"11298",2019,"KRV",1,22,15,1
"11299",2019,"KRV",0,22,15,1
"11300",2019,"KRV",1,22,15,1
"11301",2019,"KRV",0,22,15,1
"11302",2019,"KRV",1,21,15,1
"11303",2019,"KRV",0,22,15,1
"11304",2019,"KRV",1,21,15,1
"11305",2019,"KRV",1,22,15,1
"11306",2019,"KRV",1,22,15,1
"11307",2019,"KRV",1,22,15,1
"11308",2019,"KRV",1,22,15,1
"11309",2019,"KRV",1,22,15,1
"11310",2019,"KRV",0,22,15,1
"11311",2019,"KRV",0,21,15,1
"11312",2019,"KRV",0,15,15,1
"11313",2019,"KRV",1,16,15,1
"11314",2019,"KRV",1,22,15,1
"11315",2019,"KRV",1,22,15,1
"11316",2019,"KRV",0,22,15,1
"11317",2019,"KRV",0,11,15,1
"11318",2019,"KRV",1,22,15,1
"11319",2019,"KRV",0,11,15,1
"11320",2019,"KRV",0,4,15,1
"11321",2019,"KRV",0,4,15,1
"11322",2019,"KRV",1,21,15,1
"11323",2019,"KRV",0,15,15,1
"11324",2019,"KRV",1,16,15,1
"11325",2019,"KRV",0,15,15,1
"11326",2019,"KRV",0,16,15,1
"11327",2019,"KRV",0,15,15,1
"11328",2019,"KRV",0,14,15,1
"11329",2019,"KRV",0,15,15,1
"11330",2019,"KRV",1,16,15,1
"11331",2019,"KRV",1,21,15,1
"11332",2019,"KRV",0,21,15,1
"11333",2019,"KRV",0,21,15,1
"11334",2019,"KRV",0,21,15,1
"11335",2019,"KRV",0,19,15,1
"11336",2019,"KRV",0,7,15,1
"11337",2019,"KRV",1,21,15,1
"11338",2019,"KRV",0,21,15,1
"11339",2019,"KRV",0,19,15,1
"11340",2019,"KRV",0,22,15,1
"11341",2019,"KRV",0,7,15,1
"11342",2019,"KRV",0,14,15,1
"11343",2019,"KRV",0,13,15,1
"11344",2019,"KRV",1,14,15,1
"11345",2019,"KRV",0,14,15,1
"11346",2019,"KRV",0,21,15,1
"11347",2019,"KRV",0,14,15,1
"11348",2019,"KRV",0,21,15,1
"11349",2019,"KRV",0,11,15,1
"11350",2019,"KRV",0,5,15,1
"11351",2019,"KRV",0,21,15,1
"11352",2019,"KRV",0,21,15,1
"11353",2019,"KRV",0,8,15,1
"11354",2019,"KRV",0,21,15,1
"11355",2019,"KRV",1,21,15,1
"11356",2019,"KRV",0,21,15,1
"11357",2019,"KRV",1,21,15,1
"11358",2019,"KRV",1,21,15,1
"11359",2019,"KRV",0,21,15,1
"11360",2019,"KRV",0,21,15,1
"11361",2019,"KRV",0,8,15,1
"11362",2019,"KRV",1,21,15,1
"11363",2019,"KRV",0,21,15,1
"11364",2019,"KRV",0,12,15,1
"11365",2019,"KRV",0,22,15,1
"11366",2019,"KRV",0,12,15,1
"11367",2019,"KRV",0,10,15,1
"11368",2019,"KRV",0,11,15,1
"11369",2019,"KRV",0,21,15,1
"11370",2019,"KRV",0,10,15,1
"11371",2019,"KRV",0,5,15,1
"11372",2019,"KRV",1,21,15,1
"11373",2019,"KRV",1,21,15,1
"11374",2019,"KRV",0,21,15,1
"11375",2019,"KRV",0,3,15,1
"11376",2019,"KRV",0,21,15,1
"11377",2019,"KRV",0,11,15,1
"11378",2019,"KRV",0,21,15,1
"11379",2019,"KRV",1,22,15,1
"11380",2019,"KRV",0,21,15,1
"11381",2019,"KRV",0,3,15,1
"11382",2019,"KRV",1,10,15,1
"11383",2019,"KRV",1,21,15,1
"11384",2019,"KRV",0,22,15,1
"11385",2019,"KRV",0,22,15,1
"11386",2019,"KRV",0,1,15,1
"11387",2019,"KRV",0,22,15,1
"11388",2019,"KRV",0,22,15,1
"11389",2019,"KRV",0,21,15,1
"11390",2019,"KRV",0,22,15,1
"11391",2019,"KRV",0,22,15,1
"11392",2019,"KRV",0,22,15,1
"11393",2019,"KRV",1,22,15,1
"11394",2019,"KRV",0,22,15,1
"11395",2019,"KRV",1,22,15,1
"11396",2019,"KRV",1,22,15,1
"11397",2019,"KRV",1,22,15,1
"11398",2019,"KRV",0,22,15,1
"11399",2019,"KRV",0,21,15,1
"11400",2019,"KRV",0,7,15,1
"11401",2019,"KRV",1,22,15,1
"11402",2019,"KRV",0,22,15,1
"11403",2019,"KRV",1,21,15,1
"11404",2019,"KRV",1,22,15,1
"11405",2019,"KRV",0,22,15,1
"11406",2019,"KRV",1,14,15,1
"11407",2019,"KRV",1,22,15,1
"11408",2019,"KRV",1,22,15,1
"11409",2019,"KRV",0,22,15,1
"11410",2019,"KRV",1,22,15,1
"11411",2019,"KRV",0,22,15,1
"11412",2019,"KRV",0,22,15,1
"11413",2019,"KRV",0,4,15,1
"11414",2019,"KRV",0,7,15,1
"11415",2019,"KRV",0,10,15,1
"11416",2019,"KRV",0,22,15,1
"11417",2019,"KRV",0,4,15,1
"11418",2019,"KRV",0,22,15,1
"11419",2019,"KRV",1,21,15,1
"11420",2019,"KRV",1,22,15,1
"11421",2019,"KRV",1,22,15,1
"11422",2019,"KRV",0,21,15,1
"11423",2019,"KRV",0,21,15,1
"11424",2019,"KRV",1,8,15,1
"11425",2019,"KRV",0,21,15,1
"11426",2019,"KRV",0,21,15,1
"11427",2019,"KRV",0,21,15,1
"11428",2019,"KRV",0,21,15,1
"11429",2019,"KRV",0,8,15,1
"11430",2019,"KRV",0,21,15,1
"11431",2019,"KRV",1,21,15,1
"11432",2019,"KRV",1,21,15,1
"11433",2019,"KRV",0,11,15,1
"11434",2019,"KRV",0,21,15,1
"11435",2019,"KRV",0,21,15,1
"11436",2019,"KRV",0,22,15,1
"11437",2019,"KRV",0,21,15,1
"11438",2019,"KRV",0,7,15,1
"11439",2019,"KRV",0,3,15,1
"11440",2019,"KRV",1,22,15,1
"11441",2019,"KRV",1,21,15,1
"11442",2019,"KRV",1,26,15,1
"11443",2019,"KRV",0,14,15,1
"11444",2019,"KRV",0,14,15,1
"11445",2019,"KRV",0,21,15,1
"11446",2019,"KRV",0,7,15,1
"11447",2019,"KRV",0,5,15,1
"11448",2019,"KRV",0,21,15,1
"11449",2019,"KRV",0,10,15,1
"11450",2019,"KRV",0,5,15,1
"11451",2019,"KRV",1,21,15,1
"11452",2019,"KRV",0,21,15,1
"11453",2019,"KRV",0,10,15,1
"11454",2019,"KRV",0,11,15,1
"11455",2019,"KRV",0,21,15,1
"11456",2019,"KRV",0,7,15,1
"11457",2019,"KRV",0,9,15,1
"11458",2019,"KRV",0,9,15,1
"11459",2019,"KRV",0,14,15,1
"11460",2019,"KRV",0,14,15,1
"11461",2019,"OKEE",0,13,10,1
"11462",2019,"PP",1,21,1,1
"11463",2019,"PP",1,28,1,1
"11464",2019,"PP",0,28,1,1
"11465",2019,"PP",0,21,1,1
"11466",2019,"PP",0,21,1,1
"11467",2019,"PP",1,21,1,1
"11468",2019,"PP",0,21,1,1
"11469",2019,"PP",0,21,1,1
"11470",2019,"PP",1,21,1,1
"11471",2019,"PP",1,21,1,1
"11472",2019,"PP",0,28,1,1
"11473",2019,"PP",1,21,1,1
"11474",2019,"PP",0,28,1,1
"11475",2019,"PP",0,21,1,1
"11476",2019,"PP",1,21,1,1
"11477",2019,"PP",1,21,1,1
"11478",2019,"PP",0,10,1,1
"11479",2019,"PP",0,18,1,1
"11480",2019,"PP",1,9,1,1
"11481",2019,"PP",0,21,1,1
"11482",2019,"PP",1,13,1,1
"11483",2019,"PP",0,21,1,1
"11484",2019,"PP",1,13,1,1
"11485",2019,"PP",0,21,1,1
"11486",2019,"PP",1,13,1,1
"11487",2019,"PP",0,21,1,1
"11488",2019,"PP",0,13,1,1
"11489",2019,"PP",1,19,1,1
"11490",2019,"PP",1,21,1,1
"11491",2019,"PP",1,21,1,1
"11492",2019,"PP",0,21,1,1
"11493",2019,"PP",0,13,1,1
"11494",2019,"PP",0,7,1,1
"11495",2019,"PP",0,12,1,1
"11496",2019,"PP",0,21,1,1
"11497",2019,"PP",0,13,1,1
"11498",2019,"PP",1,19,1,1
"11499",2019,"PP",0,21,1,1
"11500",2019,"PP",0,13,1,1
"11501",2019,"PP",0,19,1,1
"11502",2019,"PP",0,21,1,1
"11503",2019,"PP",1,21,1,1
"11504",2019,"PP",0,8,1,1
"11505",2019,"PP",0,17,1,1
"11506",2019,"PP",0,19,1,1
"11507",2019,"PP",1,17,1,1
"11508",2019,"PP",0,7,1,1
"11509",2019,"PP",0,12,1,1
"11510",2019,"PP",0,7,1,1
"11511",2019,"PP",1,12,1,1
"11512",2019,"PP",0,17,1,1
"11513",2019,"PP",1,8,1,1
"11514",2019,"PP",0,17,1,1
"11515",2019,"PP",0,17,1,1
"11516",2019,"PP",0,17,1,1
"11517",2019,"PP",0,13,1,1
"11518",2019,"PP",0,19,1,1
"11519",2019,"PP",0,17,1,1
"11520",2019,"PP",1,15,1,1
"11521",2019,"PP",0,17,1,1
"11522",2019,"PP",0,17,1,1
"11523",2019,"PP",0,13,1,1
"11524",2019,"PP",0,19,1,1
"11525",2019,"PP",1,17,1,1
"11526",2019,"PP",1,21,1,1
"11527",2019,"PP",1,21,1,1
"11528",2019,"PP",0,21,1,1
"11529",2019,"PP",1,22,1,1
"11530",2019,"PP",1,13,1,1
"11531",2019,"PP",0,13,1,1
"11532",2019,"PP",0,19,1,1
"11533",2019,"PP",0,8,1,1
"11534",2019,"PP",0,9,1,1
"11535",2019,"PP",0,13,1,1
"11536",2019,"PP",0,13,1,1
"11537",2019,"PP",1,19,1,1
"11538",2019,"PP",1,13,1,1
"11539",2019,"PP",0,13,1,1
"11540",2019,"PP",0,19,1,1
"11541",2019,"PP",0,13,1,1
"11542",2019,"PP",0,19,1,1
"11543",2019,"PP",0,17,1,1
"11544",2019,"PP",0,19,1,1
"11545",2019,"PP",0,22,1,1
"11546",2019,"PP",1,10,1,1
"11547",2019,"PP",0,21,1,1
"11548",2019,"PP",1,22,1,1
"11549",2019,"PP",0,21,1,1
"11550",2019,"PP",0,22,1,1
"11551",2019,"PP",0,10,1,1
"11552",2019,"PP",0,15,1,1
"11553",2019,"PP",0,17,1,1
"11554",2019,"PP",0,22,1,1
"11555",2019,"PP",1,27,1,1
"11556",2019,"PP",1,22,1,1
"11557",2019,"PP",0,22,1,1
"11558",2019,"PP",1,27,1,1
"11559",2019,"PP",0,27,1,1
"11560",2019,"PP",0,21,1,1
"11561",2019,"PP",0,27,1,1
"11562",2019,"PP",1,21,1,1
"11563",2019,"PP",0,27,1,1
"11564",2019,"PP",0,21,1,1
"11565",2019,"PP",0,27,1,1
"11566",2019,"PP",0,21,1,1
"11567",2019,"PP",1,13,1,1
"11568",2019,"PP",1,27,1,1
"11569",2019,"PP",1,27,1,1
"11570",2019,"PP",1,22,1,1
"11571",2019,"PP",0,21,1,1
"11572",2019,"PP",0,22,1,1
"11573",2019,"PP",1,27,1,1
"11574",2019,"PP",0,21,1,1
"11575",2019,"PP",1,22,1,1
"11576",2019,"PP",1,21,1,1
"11577",2019,"PP",0,21,1,1
"11578",2019,"PP",1,22,1,1
"11579",2019,"PP",0,21,1,1
"11580",2019,"PP",0,22,1,1
"11581",2019,"PP",0,10,1,1
"11582",2019,"PP",0,21,1,1
"11583",2019,"PP",0,13,1,1
"11584",2019,"PP",0,21,1,1
"11585",2019,"PP",0,10,1,1
"11586",2019,"PP",0,27,1,1
"11587",2019,"PP",0,21,1,1
"11588",2019,"PP",0,13,1,1
"11589",2019,"PP",0,27,1,1
"11590",2019,"PP",0,21,1,1
"11591",2019,"PP",0,13,1,1
"11592",2019,"PP",0,19,1,1
"11593",2019,"PP",1,17,1,1
"11594",2019,"PP",0,27,1,1
"11595",2019,"PP",0,21,1,1
"11596",2019,"PP",0,10,1,1
"11597",2019,"PP",1,27,1,1
"11598",2019,"PP",0,8,1,1
"11599",2019,"SJM",0,7,4,1
"11600",2019,"SJM",0,18,4,1
"11601",2019,"SJM",0,21,4,1
"11602",2019,"SJM",0,21,4,1
"11603",2019,"SJM",0,22,4,1
"11604",2019,"SJM",1,21,4,1
"11605",2019,"SJM",0,21,4,1
"11606",2019,"SJM",0,21,4,1
"11607",2019,"SJM",0,14,4,1
"11608",2019,"SJM",0,14,4,1
"11609",2019,"SJM",0,15,4,1
"11610",2019,"SJM",0,3,4,1
"11611",2019,"SJM",0,14,4,1
"11612",2019,"SJM",0,14,4,1
"11613",2019,"SJM",1,21,4,1
"11614",2019,"SJM",0,22,4,1
"11615",2019,"SJM",1,21,4,1
"11616",2019,"SJM",0,22,4,1
"11617",2019,"SJM",1,3,4,1
"11618",2019,"SJM",1,14,4,1
"11619",2019,"SJM",0,7,4,1
"11620",2019,"SJM",0,13,4,1
"11621",2019,"SJM",1,21,4,1
"11622",2019,"SJM",0,22,4,1
"11623",2019,"SJM",0,14,4,1
"11624",2019,"SJM",0,8,4,1
"11625",2019,"SJM",1,14,4,1
"11626",2019,"SJM",0,8,4,1
"11627",2019,"SJM",0,14,4,1
"11628",2019,"SJM",0,14,4,1
"11629",2019,"SJM",0,15,4,1
"11630",2019,"SJM",0,21,4,1
"11631",2019,"SJM",0,15,4,1
"11632",2019,"SJM",1,22,4,1
"11633",2019,"SJM",0,22,4,1
"11634",2019,"SJM",0,14,4,1
"11635",2019,"SJM",0,15,4,1
"11636",2019,"SJM",1,21,4,1
"11637",2019,"SJM",0,22,4,1
"11638",2019,"SJM",0,21,4,1
"11639",2019,"SJM",0,14,4,1
"11640",2019,"SJM",0,21,4,1
"11641",2019,"SJM",1,21,4,1
"11642",2019,"SJM",0,22,4,1
"11643",2019,"SJM",1,21,4,1
"11644",2019,"SJM",1,21,4,1
"11645",2019,"SJM",0,21,4,1
"11646",2019,"SJM",0,15,4,1
"11647",2019,"SJM",0,7,4,1
"11648",2019,"SJM",0,15,4,1
"11649",2019,"SJM",0,10,4,1
"11650",2019,"SJM",0,3,4,1
"11651",2019,"SJM",0,15,4,1
"11652",2019,"SJM",0,3,4,1
"11653",2019,"SJM",0,7,4,1
"11654",2019,"SJM",0,22,4,1
"11655",2019,"SJM",1,14,4,1
"11656",2019,"SJM",1,21,4,1
"11657",2019,"SJM",0,22,4,1
"11658",2019,"SJM",1,14,4,1
"11659",2019,"SJM",0,3,4,1
"11660",2019,"SJM",1,15,4,1
"11661",2019,"SJM",1,15,4,1
"11662",2020,"EAST",0,14,5,1
"11663",2020,"EAST",0,14,5,1
"11664",2020,"EAST",0,8,5,1
"11665",2020,"EAST",0,22,5,1
"11666",2020,"EAST",0,14,5,1
"11667",2020,"EAST",0,15,5,1
"11668",2020,"EAST",0,13,5,1
"11669",2020,"EAST",0,6,5,1
"11670",2020,"EAST",0,14,5,1
"11671",2020,"EAST",0,10,5,1
"11672",2020,"EAST",0,15,5,1
"11673",2020,"EAST",0,14,5,1
"11674",2020,"EAST",0,15,5,1
"11675",2020,"EAST",0,13,5,1
"11676",2020,"EAST",0,14,5,1
"11677",2020,"EAST",0,14,5,1
"11678",2020,"EAST",0,8,5,1
"11679",2020,"EAST",0,14,5,1
"11680",2020,"EAST",0,14,5,1
"11681",2020,"EAST",0,14,5,1
"11682",2020,"EAST",0,22,5,1
"11683",2020,"EAST",0,14,5,1
"11684",2020,"EAST",0,14,5,1
"11685",2020,"EAST",1,14,5,1
"11686",2020,"EAST",1,13,5,1
"11687",2020,"EAST",0,14,5,1
"11688",2020,"EAST",0,13,5,1
"11689",2020,"EAST",1,15,5,1
"11690",2020,"EAST",0,14,5,1
"11691",2020,"EAST",1,13,5,1
"11692",2020,"EAST",0,14,5,1
"11693",2020,"EAST",0,13,5,1
"11694",2020,"EAST",0,8,5,1
"11695",2020,"EAST",0,14,5,1
"11696",2020,"EAST",1,13,5,1
"11697",2020,"EAST",0,14,5,1
"11698",2020,"EAST",0,13,5,1
"11699",2020,"EAST",0,15,5,1
"11700",2020,"EAST",0,7,5,1
"11701",2020,"EAST",0,14,5,1
"11702",2020,"EAST",0,13,5,1
"11703",2020,"EAST",0,15,5,1
"11704",2020,"EAST",0,13,5,1
"11705",2020,"EAST",0,14,5,1
"11706",2020,"EAST",0,13,5,1
"11707",2020,"EAST",0,8,5,1
"11708",2020,"EAST",0,6,5,1
"11709",2020,"EAST",0,14,5,1
"11710",2020,"EAST",0,13,5,1
"11711",2020,"EAST",0,8,5,1
"11712",2020,"EAST",0,7,5,1
"11713",2020,"EAST",0,13,5,1
"11714",2020,"EAST",0,14,5,1
"11715",2020,"EAST",0,14,5,1
"11716",2020,"EAST",0,10,5,1
"11717",2020,"EAST",1,13,5,1
"11718",2020,"EAST",0,13,5,1
"11719",2020,"EAST",0,14,5,1
"11720",2020,"EAST",0,14,5,1
"11721",2020,"EAST",0,6,5,1
"11722",2020,"EAST",0,15,5,1
"11723",2020,"EAST",1,13,5,1
"11724",2020,"EAST",0,15,5,1
"11725",2020,"EAST",0,13,5,1
"11726",2020,"EAST",1,15,5,1
"11727",2020,"EAST",0,15,5,1
"11728",2020,"EAST",1,13,5,1
"11729",2020,"EAST",0,14,5,1
"11730",2020,"EAST",0,13,5,1
"11731",2020,"EAST",0,8,5,1
"11732",2020,"EAST",0,6,5,1
"11733",2020,"EAST",1,14,5,1
"11734",2020,"EAST",0,13,5,1
"11735",2020,"EAST",0,15,5,1
"11736",2020,"EAST",0,7,5,1
"11737",2020,"EAST",0,6,5,1
"11738",2020,"EAST",1,13,5,1
"11739",2020,"EAST",0,13,5,1
"11740",2020,"EAST",0,14,5,1
"11741",2020,"EAST",0,14,5,1
"11742",2020,"EAST",0,14,5,1
"11743",2020,"EAST",0,13,5,1
"11744",2020,"EAST",0,15,5,1
"11745",2020,"EAST",0,7,5,1
"11746",2020,"EAST",0,6,5,1
"11747",2020,"EAST",0,13,5,1
"11748",2020,"EAST",0,15,5,1
"11749",2020,"EAST",0,7,5,1
"11750",2020,"EAST",0,6,5,1
"11751",2020,"EAST",0,13,5,1
"11752",2020,"EAST",0,8,5,1
"11753",2020,"EAST",0,14,5,1
"11754",2020,"EAST",0,13,5,1
"11755",2020,"EAST",0,8,5,1
"11756",2020,"EAST",0,14,5,1
"11757",2020,"EAST",1,13,5,1
"11758",2020,"EAST",0,14,5,1
"11759",2020,"EAST",0,13,5,1
"11760",2020,"EAST",0,8,5,1
"11761",2020,"EAST",0,6,5,1
"11762",2020,"EAST",0,15,5,1
"11763",2020,"EAST",0,13,5,1
"11764",2020,"EAST",0,8,5,1
"11765",2020,"EAST",0,14,5,1
"11766",2020,"EAST",1,13,5,1
"11767",2020,"EAST",0,14,5,1
"11768",2020,"EAST",0,15,5,1
"11769",2020,"EAST",1,13,5,1
"11770",2020,"EAST",0,13,5,1
"11771",2020,"EAST",0,15,5,1
"11772",2020,"EAST",0,7,5,1
"11773",2020,"EAST",0,6,5,1
"11774",2020,"EAST",0,15,5,1
"11775",2020,"EAST",1,13,5,1
"11776",2020,"EAST",0,15,5,1
"11777",2020,"EAST",1,13,5,1
"11778",2020,"EAST",0,15,5,1
"11779",2020,"EAST",1,13,5,1
"11780",2020,"EAST",1,14,5,1
"11781",2020,"EAST",0,14,5,1
"11782",2020,"EAST",0,14,5,1
"11783",2020,"EAST",0,10,5,1
"11784",2020,"EAST",0,12,5,1
"11785",2020,"EAST",0,14,5,1
"11786",2020,"EAST",1,14,5,1
"11787",2020,"EAST",1,13,5,1
"11788",2020,"EAST",0,13,5,1
"11789",2020,"EAST",0,14,5,1
"11790",2020,"EAST",0,10,5,1
"11791",2020,"EAST",0,13,5,1
"11792",2020,"EAST",0,14,5,1
"11793",2020,"EAST",1,22,5,1
"11794",2020,"EAST",1,14,5,1
"11795",2020,"EAST",1,14,5,1
"11796",2020,"EAST",0,13,5,1
"11797",2020,"EAST",0,15,5,1
"11798",2020,"EAST",0,19,5,1
"11799",2020,"EAST",1,15,5,1
"11800",2020,"EAST",1,19,5,1
"11801",2020,"EAST",0,19,5,1
"11802",2020,"EAST",0,15,5,1
"11803",2020,"EAST",1,13,5,1
"11804",2020,"EAST",0,19,5,1
"11805",2020,"EAST",0,15,5,1
"11806",2020,"EAST",0,13,5,1
"11807",2020,"EAST",0,15,5,1
"11808",2020,"EAST",0,19,5,1
"11809",2020,"EAST",1,13,5,1
"11810",2020,"EAST",1,13,5,1
"11811",2020,"EAST",1,15,5,1
"11812",2020,"EAST",1,13,5,1
"11813",2020,"EAST",0,13,5,1
"11814",2020,"EAST",0,13,5,1
"11815",2020,"EAST",0,15,5,1
"11816",2020,"EAST",0,13,5,1
"11817",2020,"EAST",0,15,5,1
"11818",2020,"EAST",0,7,5,1
"11819",2020,"EAST",0,6,5,1
"11820",2020,"EAST",1,13,5,1
"11821",2020,"EAST",0,19,5,1
"11822",2020,"EAST",0,15,5,1
"11823",2020,"EAST",0,13,5,1
"11824",2020,"EAST",0,15,5,1
"11825",2020,"EAST",1,13,5,1
"11826",2020,"EAST",0,13,5,1
"11827",2020,"EAST",0,15,5,1
"11828",2020,"EAST",1,13,5,1
"11829",2020,"EAST",0,6,5,1
"11830",2020,"KRV",1,17,16,1
"11831",2020,"KRV",0,8,16,1
"11832",2020,"KRV",0,9,16,1
"11833",2020,"KRV",0,11,16,1
"11834",2020,"KRV",0,17,16,1
"11835",2020,"KRV",1,11,16,1
"11836",2020,"KRV",0,8,16,1
"11837",2020,"KRV",1,11,16,1
"11838",2020,"KRV",0,17,16,1
"11839",2020,"KRV",0,11,16,1
"11840",2020,"KRV",0,11,16,1
"11841",2020,"KRV",0,9,16,1
"11842",2020,"KRV",0,14,16,1
"11843",2020,"KRV",0,7,16,1
"11844",2020,"KRV",0,3,16,1
"11845",2020,"KRV",0,15,16,1
"11846",2020,"KRV",0,15,16,1
"11847",2020,"KRV",1,11,16,1
"11848",2020,"KRV",1,21,16,1
"11849",2020,"KRV",0,11,16,1
"11850",2020,"KRV",0,4,16,1
"11851",2020,"KRV",0,17,16,1
"11852",2020,"KRV",0,18,16,1
"11853",2020,"KRV",0,10,16,1
"11854",2020,"KRV",0,13,16,1
"11855",2020,"KRV",0,15,16,1
"11856",2020,"KRV",1,18,16,1
"11857",2020,"KRV",1,15,16,1
"11858",2020,"KRV",0,15,16,1
"11859",2020,"KRV",0,18,16,1
"11860",2020,"KRV",0,10,16,1
"11861",2020,"KRV",0,9,16,1
"11862",2020,"KRV",0,21,16,1
"11863",2020,"KRV",0,18,16,1
"11864",2020,"KRV",0,21,16,1
"11865",2020,"KRV",0,7,16,1
"11866",2020,"KRV",1,22,16,1
"11867",2020,"KRV",0,14,16,1
"11868",2020,"KRV",0,21,16,1
"11869",2020,"KRV",0,7,16,1
"11870",2020,"KRV",1,14,16,1
"11871",2020,"KRV",0,14,16,1
"11872",2020,"KRV",0,21,16,1
"11873",2020,"KRV",0,7,16,1
"11874",2020,"KRV",0,14,16,1
"11875",2020,"KRV",0,1,16,1
"11876",2020,"KRV",0,8,16,1
"11877",2020,"KRV",0,9,16,1
"11878",2020,"KRV",0,11,16,1
"11879",2020,"KRV",0,10,16,1
"11880",2020,"KRV",1,13,16,1
"11881",2020,"KRV",0,17,16,1
"11882",2020,"KRV",0,11,16,1
"11883",2020,"KRV",0,10,16,1
"11884",2020,"KRV",0,4,16,1
"11885",2020,"KRV",0,8,16,1
"11886",2020,"KRV",0,9,16,1
"11887",2020,"KRV",0,11,16,1
"11888",2020,"KRV",0,10,16,1
"11889",2020,"KRV",0,4,16,1
"11890",2020,"KRV",0,12,16,1
"11891",2020,"KRV",1,15,16,1
"11892",2020,"KRV",1,20,16,1
"11893",2020,"KRV",0,20,16,1
"11894",2020,"KRV",0,9,16,1
"11895",2020,"KRV",1,13,16,1
"11896",2020,"KRV",0,22,16,1
"11897",2020,"KRV",0,17,16,1
"11898",2020,"KRV",0,11,16,1
"11899",2020,"KRV",0,22,16,1
"11900",2020,"KRV",0,17,16,1
"11901",2020,"KRV",0,11,16,1
"11902",2020,"KRV",0,10,16,1
"11903",2020,"KRV",0,22,16,1
"11904",2020,"KRV",0,17,16,1
"11905",2020,"KRV",0,11,16,1
"11906",2020,"KRV",0,10,16,1
"11907",2020,"KRV",0,9,16,1
"11908",2020,"KRV",0,13,16,1
"11909",2020,"KRV",0,8,16,1
"11910",2020,"KRV",0,9,16,1
"11911",2020,"KRV",0,11,16,1
"11912",2020,"KRV",1,22,16,1
"11913",2020,"KRV",0,9,16,1
"11914",2020,"KRV",1,13,16,1
"11915",2020,"KRV",0,7,16,1
"11916",2020,"KRV",1,11,16,1
"11917",2020,"KRV",0,11,16,1
"11918",2020,"KRV",1,15,16,1
"11919",2020,"KRV",0,11,16,1
"11920",2020,"KRV",1,15,16,1
"11921",2020,"KRV",0,15,16,1
"11922",2020,"KRV",0,13,16,1
"11923",2020,"KRV",1,15,16,1
"11924",2020,"KRV",0,14,16,1
"11925",2020,"KRV",1,14,16,1
"11926",2020,"KRV",0,13,16,1
"11927",2020,"KRV",0,15,16,1
"11928",2020,"KRV",1,18,16,1
"11929",2020,"KRV",1,13,16,1
"11930",2020,"KRV",0,13,16,1
"11931",2020,"KRV",1,21,16,1
"11932",2020,"KRV",1,14,16,1
"11933",2020,"KRV",0,14,16,1
"11934",2020,"KRV",0,13,16,1
"11935",2020,"KRV",0,14,16,1
"11936",2020,"KRV",0,14,16,1
"11937",2020,"KRV",0,14,16,1
"11938",2020,"KRV",0,13,16,1
"11939",2020,"KRV",0,14,16,1
"11940",2020,"KRV",0,14,16,1
"11941",2020,"KRV",0,3,16,1
"11942",2020,"KRV",1,14,16,1
"11943",2020,"KRV",0,14,16,1
"11944",2020,"KRV",1,13,16,1
"11945",2020,"KRV",0,13,16,1
"11946",2020,"KRV",0,14,16,1
"11947",2020,"KRV",1,14,16,1
"11948",2020,"KRV",0,13,16,1
"11949",2020,"KRV",1,14,16,1
"11950",2020,"KRV",1,13,16,1
"11951",2020,"KRV",0,13,16,1
"11952",2020,"KRV",0,14,16,1
"11953",2020,"KRV",0,6,16,1
"11954",2020,"KRV",0,8,16,1
"11955",2020,"KRV",0,9,16,1
"11956",2020,"KRV",0,13,16,1
"11957",2020,"KRV",0,14,16,1
"11958",2020,"KRV",0,13,16,1
"11959",2020,"KRV",0,14,16,1
"11960",2020,"KRV",0,6,16,1
"11961",2020,"KRV",0,14,16,1
"11962",2020,"KRV",0,13,16,1
"11963",2020,"KRV",0,14,16,1
"11964",2020,"KRV",0,6,16,1
"11965",2020,"KRV",0,14,16,1
"11966",2020,"KRV",0,13,16,1
"11967",2020,"KRV",0,10,16,1
"11968",2020,"KRV",0,4,16,1
"11969",2020,"KRV",0,14,16,1
"11970",2020,"KRV",0,13,16,1
"11971",2020,"KRV",1,14,16,1
"11972",2020,"KRV",0,22,16,1
"11973",2020,"KRV",1,8,16,1
"11974",2020,"KRV",0,22,16,1
"11975",2020,"KRV",0,8,16,1
"11976",2020,"KRV",0,9,16,1
"11977",2020,"KRV",0,14,16,1
"11978",2020,"KRV",0,14,16,1
"11979",2020,"KRV",1,14,16,1
"11980",2020,"KRV",0,14,16,1
"11981",2020,"KRV",1,28,16,1
"11982",2020,"KRV",1,14,16,1
"11983",2020,"KRV",1,14,16,1
"11984",2020,"KRV",0,20,16,1
"11985",2020,"KRV",0,22,16,1
"11986",2020,"KRV",0,8,16,1
"11987",2020,"KRV",0,2,16,1
"11988",2020,"KRV",0,20,16,1
"11989",2020,"KRV",0,14,16,1
"11990",2020,"KRV",0,8,16,1
"11991",2020,"KRV",0,20,16,1
"11992",2020,"KRV",1,14,16,1
"11993",2020,"KRV",0,20,16,1
"11994",2020,"KRV",0,9,16,1
"11995",2020,"KRV",0,13,16,1
"11996",2020,"KRV",0,14,16,1
"11997",2020,"KRV",0,14,16,1
"11998",2020,"KRV",0,13,16,1
"11999",2020,"KRV",1,13,16,1
"12000",2020,"KRV",0,13,16,1
"12001",2020,"KRV",1,14,16,1
"12002",2020,"KRV",0,13,16,1
"12003",2020,"KRV",1,14,16,1
"12004",2020,"KRV",0,13,16,1
"12005",2020,"KRV",1,14,16,1
"12006",2020,"KRV",1,3,16,1
"12007",2020,"KRV",1,8,16,1
"12008",2020,"KRV",1,9,16,1
"12009",2020,"KRV",0,9,16,1
"12010",2020,"KRV",0,13,16,1
"12011",2020,"KRV",0,8,16,1
"12012",2020,"KRV",0,9,16,1
"12013",2020,"KRV",1,10,16,1
"12014",2020,"KRV",0,14,16,1
"12015",2020,"KRV",0,6,16,1
"12016",2020,"KRV",0,4,16,1
"12017",2020,"KRV",0,10,16,1
"12018",2020,"KRV",0,10,16,1
"12019",2020,"KRV",0,9,16,1
"12020",2020,"KRV",1,13,16,1
"12021",2020,"KRV",1,8,16,1
"12022",2020,"KRV",0,14,16,1
"12023",2020,"KRV",0,13,16,1
"12024",2020,"KRV",1,14,16,1
"12025",2020,"KRV",0,14,16,1
"12026",2020,"KRV",0,13,16,1
"12027",2020,"KRV",1,22,16,1
"12028",2020,"KRV",0,22,16,1
"12029",2020,"KRV",0,8,16,1
"12030",2020,"KRV",0,14,16,1
"12031",2020,"KRV",0,13,16,1
"12032",2020,"KRV",0,10,16,1
"12033",2020,"KRV",0,4,16,1
"12034",2020,"KRV",0,14,16,1
"12035",2020,"KRV",1,14,16,1
"12036",2020,"KRV",0,14,16,1
"12037",2020,"KRV",1,13,16,1
"12038",2020,"KRV",0,9,16,1
"12039",2020,"KRV",1,13,16,1
"12040",2020,"KRV",1,9,16,1
"12041",2020,"KRV",1,22,16,1
"12042",2020,"KRV",0,22,16,1
"12043",2020,"KRV",1,9,16,1
"12044",2020,"KRV",0,5,16,1
"12045",2020,"PP",0,14,2,1
"12046",2020,"PP",0,14,2,1
"12047",2020,"PP",1,11,2,1
"12048",2020,"PP",1,11,2,1
"12049",2020,"PP",0,20,2,1
"12050",2020,"PP",1,11,2,1
"12051",2020,"PP",0,14,2,1
"12052",2020,"PP",0,11,2,1
"12053",2020,"PP",1,11,2,1
"12054",2020,"PP",0,23,2,1
"12055",2020,"PP",0,19,2,1
"12056",2020,"PP",1,23,2,1
"12057",2020,"PP",0,23,2,1
"12058",2020,"PP",0,19,2,1
"12059",2020,"PP",0,23,2,1
"12060",2020,"PP",0,19,2,1
"12061",2020,"PP",0,23,2,1
"12062",2020,"PP",0,23,2,1
"12063",2020,"PP",1,19,2,1
"12064",2020,"PP",0,20,2,1
"12065",2020,"PP",0,23,2,1
"12066",2020,"PP",1,19,2,1
"12067",2020,"PP",0,23,2,1
"12068",2020,"PP",1,19,2,1
"12069",2020,"PP",1,19,2,1
"12070",2020,"PP",0,19,2,1
"12071",2020,"PP",1,16,2,1
"12072",2020,"PP",0,16,2,1
"12073",2020,"PP",0,7,2,1
"12074",2020,"PP",0,12,2,1
"12075",2020,"PP",0,13,2,1
"12076",2020,"PP",0,9,2,1
"12077",2020,"PP",1,23,2,1
"12078",2020,"PP",0,23,2,1
"12079",2020,"PP",1,19,2,1
"12080",2020,"PP",1,23,2,1
"12081",2020,"PP",1,23,2,1
"12082",2020,"PP",1,23,2,1
"12083",2020,"PP",0,23,2,1
"12084",2020,"PP",1,19,2,1
"12085",2020,"PP",1,23,2,1
"12086",2020,"PP",0,23,2,1
"12087",2020,"PP",1,19,2,1
"12088",2020,"PP",1,23,2,1
"12089",2020,"PP",0,23,2,1
"12090",2020,"PP",0,19,2,1
"12091",2020,"PP",0,9,2,1
"12092",2020,"PP",0,7,2,1
"12093",2020,"PP",0,7,2,1
"12094",2020,"PP",0,12,2,1
"12095",2020,"PP",0,9,2,1
"12096",2020,"PP",0,7,2,1
"12097",2020,"PP",1,23,2,1
"12098",2020,"PP",1,11,2,1
"12099",2020,"PP",1,11,2,1
"12100",2020,"PP",0,14,2,1
"12101",2020,"PP",0,14,2,1
"12102",2020,"PP",0,7,2,1
"12103",2020,"PP",0,7,2,1
"12104",2020,"PP",0,16,2,1
"12105",2021,"EAST",0,15,6,1
"12106",2021,"EAST",0,21,6,1
"12107",2021,"EAST",0,22,6,1
"12108",2021,"EAST",0,9,6,1
"12109",2021,"EAST",0,21,6,1
"12110",2021,"EAST",1,16,6,1
"12111",2021,"EAST",0,6,6,1
"12112",2021,"EAST",0,16,6,1
"12113",2021,"EAST",1,6,6,1
"12114",2021,"EAST",0,15,6,1
"12115",2021,"EAST",0,21,6,1
"12116",2021,"EAST",0,8,6,1
"12117",2021,"EAST",0,21,6,1
"12118",2021,"EAST",0,18,6,1
"12119",2021,"EAST",0,3,6,1
"12120",2021,"EAST",0,21,6,1
"12121",2021,"EAST",0,18,6,1
"12122",2021,"EAST",0,8,6,1
"12123",2021,"EAST",0,8,6,1
"12124",2021,"EAST",0,21,6,1
"12125",2021,"EAST",0,15,6,1
"12126",2021,"EAST",0,21,6,1
"12127",2021,"EAST",0,16,6,1
"12128",2021,"EAST",0,5,6,1
"12129",2021,"EAST",0,9,6,1
"12130",2021,"EAST",0,21,6,1
"12131",2021,"EAST",1,22,6,1
"12132",2021,"EAST",0,21,6,1
"12133",2021,"EAST",1,16,6,1
"12134",2021,"EAST",0,21,6,1
"12135",2021,"EAST",1,16,6,1
"12136",2021,"EAST",0,7,6,1
"12137",2021,"EAST",0,21,6,1
"12138",2021,"EAST",0,9,6,1
"12139",2021,"EAST",1,7,6,1
"12140",2021,"EAST",0,8,6,1
"12141",2021,"EAST",0,13,6,1
"12142",2021,"EAST",0,5,6,1
"12143",2021,"EAST",0,9,6,1
"12144",2021,"EAST",0,7,6,1
"12145",2021,"EAST",0,6,6,1
"12146",2021,"EAST",0,5,6,1
"12147",2021,"EAST",0,22,6,1
"12148",2021,"EAST",0,6,6,1
"12149",2021,"EAST",0,16,6,1
"12150",2021,"EAST",0,6,6,1
"12151",2021,"EAST",0,21,6,1
"12152",2021,"EAST",0,19,6,1
"12153",2021,"EAST",0,9,6,1
"12154",2021,"EAST",0,16,6,1
"12155",2021,"EAST",0,3,6,1
"12156",2021,"EAST",0,9,6,1
"12157",2021,"EAST",1,19,6,1
"12158",2021,"EAST",0,19,6,1
"12159",2021,"EAST",0,9,6,1
"12160",2021,"EAST",0,8,6,1
"12161",2021,"EAST",0,16,6,1
"12162",2021,"EAST",0,12,6,1
"12163",2021,"EAST",0,8,6,1
"12164",2021,"EAST",0,19,6,1
"12165",2021,"EAST",0,9,6,1
"12166",2021,"EAST",1,8,6,1
"12167",2021,"EAST",0,10,6,1
"12168",2021,"EAST",0,7,6,1
"12169",2021,"EAST",0,3,6,1
"12170",2021,"EAST",0,14,6,1
"12171",2021,"EAST",0,8,6,1
"12172",2021,"EAST",0,14,6,1
"12173",2021,"EAST",0,8,6,1
"12174",2021,"EAST",0,14,6,1
"12175",2021,"EAST",1,8,6,1
"12176",2021,"EAST",0,8,6,1
"12177",2021,"EAST",0,8,6,1
"12178",2021,"EAST",0,21,6,1
"12179",2021,"EAST",1,16,6,1
"12180",2021,"EAST",0,8,6,1
"12181",2021,"EAST",0,12,6,1
"12182",2021,"EAST",0,9,6,1
"12183",2021,"EAST",0,23,6,1
"12184",2021,"EAST",0,8,6,1
"12185",2021,"EAST",0,12,6,1
"12186",2021,"EAST",0,9,6,1
"12187",2021,"EAST",1,23,6,1
"12188",2021,"EAST",0,23,6,1
"12189",2021,"EAST",0,8,6,1
"12190",2021,"EAST",0,12,6,1
"12191",2021,"EAST",1,9,6,1
"12192",2021,"EAST",0,9,6,1
"12193",2021,"EAST",0,14,6,1
"12194",2021,"EAST",1,8,6,1
"12195",2021,"EAST",0,14,6,1
"12196",2021,"EAST",0,8,6,1
"12197",2021,"EAST",0,8,6,1
"12198",2021,"EAST",0,19,6,1
"12199",2021,"EAST",0,14,6,1
"12200",2021,"EAST",0,8,6,1
"12201",2021,"EAST",0,14,6,1
"12202",2021,"EAST",0,16,6,1
"12203",2021,"EAST",0,5,6,1
"12204",2021,"EAST",0,14,6,1
"12205",2021,"EAST",1,21,6,1
"12206",2021,"EAST",0,14,6,1
"12207",2021,"EAST",0,21,6,1
"12208",2021,"EAST",0,9,6,1
"12209",2021,"EAST",0,7,6,1
"12210",2021,"EAST",0,19,6,1
"12211",2021,"EAST",0,14,6,1
"12212",2021,"EAST",0,21,6,1
"12213",2021,"EAST",0,9,6,1
"12214",2021,"EAST",1,19,6,1
"12215",2021,"EAST",0,19,6,1
"12216",2021,"EAST",0,14,6,1
"12217",2021,"EAST",1,8,6,1
"12218",2021,"EAST",0,19,6,1
"12219",2021,"EAST",0,14,6,1
"12220",2021,"EAST",1,21,6,1
"12221",2021,"EAST",1,19,6,1
"12222",2021,"EAST",0,14,6,1
"12223",2021,"EAST",0,21,6,1
"12224",2021,"EAST",0,9,6,1
"12225",2021,"EAST",1,7,6,1
"12226",2021,"EAST",0,14,6,1
"12227",2021,"EAST",0,8,6,1
"12228",2021,"EAST",0,21,6,1
"12229",2021,"EAST",0,19,6,1
"12230",2021,"EAST",0,14,6,1
"12231",2021,"EAST",0,17,6,1
"12232",2021,"EAST",0,8,6,1
"12233",2021,"EAST",0,12,6,1
"12234",2021,"EAST",0,9,6,1
"12235",2021,"EAST",0,10,6,1
"12236",2021,"EAST",0,17,6,1
"12237",2021,"EAST",0,8,6,1
"12238",2021,"EAST",0,12,6,1
"12239",2021,"EAST",0,9,6,1
"12240",2021,"EAST",0,7,6,1
"12241",2021,"EAST",0,8,6,1
"12242",2021,"EAST",0,12,6,1
"12243",2021,"EAST",0,9,6,1
"12244",2021,"EAST",0,6,6,1
"12245",2021,"EAST",0,21,6,1
"12246",2021,"EAST",0,18,6,1
"12247",2021,"EAST",0,8,6,1
"12248",2021,"EAST",0,6,6,1
"12249",2021,"EAST",0,21,6,1
"12250",2021,"EAST",0,18,6,1
"12251",2021,"EAST",0,8,6,1
"12252",2021,"EAST",0,6,6,1
"12253",2021,"EAST",0,21,6,1
"12254",2021,"EAST",0,15,6,1
"12255",2021,"EAST",0,3,6,1
"12256",2021,"EAST",0,21,6,1
"12257",2021,"EAST",1,18,6,1
"12258",2021,"EAST",0,15,6,1
"12259",2021,"EAST",0,3,6,1
"12260",2021,"EAST",0,23,6,1
"12261",2021,"EAST",0,9,6,1
"12262",2021,"EAST",0,10,6,1
"12263",2021,"EAST",0,12,6,1
"12264",2021,"EAST",0,16,6,1
"12265",2021,"EAST",0,3,6,1
"12266",2021,"EAST",0,9,6,1
"12267",2021,"EAST",0,12,6,1
"12268",2021,"EAST",0,16,6,1
"12269",2021,"EAST",0,12,6,1
"12270",2021,"EAST",0,8,6,1
"12271",2021,"EAST",0,12,6,1
"12272",2021,"EAST",0,9,6,1
"12273",2021,"EAST",0,7,6,1
"12274",2021,"EAST",0,12,6,1
"12275",2021,"EAST",0,16,6,1
"12276",2021,"EAST",1,12,6,1
"12277",2021,"EAST",0,12,6,1
"12278",2021,"EAST",0,9,6,1
"12279",2021,"EAST",0,7,6,1
"12280",2021,"EAST",0,12,6,1
"12281",2021,"EAST",0,16,6,1
"12282",2021,"EAST",0,12,6,1
"12283",2021,"EAST",0,8,6,1
"12284",2021,"EAST",0,12,6,1
"12285",2021,"EAST",0,16,6,1
"12286",2021,"EAST",0,3,6,1
"12287",2021,"EAST",0,9,6,1
"12288",2021,"EAST",1,12,6,1
"12289",2021,"EAST",0,12,6,1
"12290",2021,"EAST",0,16,6,1
"12291",2021,"EAST",1,3,6,1
"12292",2021,"EAST",0,12,6,1
"12293",2021,"EAST",1,16,6,1
"12294",2021,"EAST",0,12,6,1
"12295",2021,"EAST",0,9,6,1
"12296",2021,"EAST",1,7,6,1
"12297",2021,"EAST",0,14,6,1
"12298",2021,"EAST",0,8,6,1
"12299",2021,"EAST",0,8,6,1
"12300",2021,"EAST",0,14,6,1
"12301",2021,"EAST",1,8,6,1
"12302",2021,"EAST",0,14,6,1
"12303",2021,"EAST",0,21,6,1
"12304",2021,"EAST",0,9,6,1
"12305",2021,"EAST",0,7,6,1
"12306",2021,"EAST",0,6,6,1
"12307",2021,"EAST",0,14,6,1
"12308",2021,"EAST",0,16,6,1
"12309",2021,"EAST",0,5,6,1
"12310",2021,"EAST",0,14,6,1
"12311",2021,"EAST",0,16,6,1
"12312",2021,"EAST",0,5,6,1
"12313",2021,"EAST",1,17,6,1
"12314",2021,"EAST",1,18,6,1
"12315",2021,"EAST",1,18,6,1
"12316",2021,"EAST",0,9,6,1
"12317",2021,"EAST",0,8,6,1
"12318",2021,"EAST",0,12,6,1
"12319",2021,"EAST",0,9,6,1
"12320",2021,"EAST",1,7,6,1
"12321",2021,"EAST",0,8,6,1
"12322",2021,"EAST",0,12,6,1
"12323",2021,"EAST",0,13,6,1
"12324",2021,"EAST",1,23,6,1
"12325",2021,"EAST",0,13,6,1
"12326",2021,"EAST",0,8,6,1
"12327",2021,"EAST",0,12,6,1
"12328",2021,"EAST",0,19,6,1
"12329",2021,"EAST",0,12,6,1
"12330",2021,"EAST",1,16,6,1
"12331",2021,"EAST",0,12,6,1
"12332",2021,"EAST",1,9,6,1
"12333",2021,"EAST",0,12,6,1
"12334",2021,"EAST",1,13,6,1
"12335",2021,"EAST",0,21,6,1
"12336",2021,"EAST",0,9,6,1
"12337",2021,"EAST",0,7,6,1
"12338",2021,"EAST",1,19,6,1
"12339",2021,"EAST",1,17,6,1
"12340",2021,"EAST",0,21,6,1
"12341",2021,"EAST",0,23,6,1
"12342",2021,"EVER",0,5,9,1
"12343",2021,"EVER",0,21,9,1
"12344",2021,"EVER",0,17,9,1
"12345",2021,"EVER",0,4,9,1
"12346",2021,"EVER",0,17,9,1
"12347",2021,"EVER",1,21,9,1
"12348",2021,"EVER",0,21,9,1
"12349",2021,"EVER",0,21,9,1
"12350",2021,"EVER",0,26,9,1
"12351",2021,"EVER",0,8,9,1
"12352",2021,"EVER",1,8,9,1
"12353",2021,"EVER",0,16,9,1
"12354",2021,"EVER",0,26,9,1
"12355",2021,"EVER",0,8,9,1
"12356",2021,"EVER",0,26,9,1
"12357",2021,"EVER",0,16,9,1
"12358",2021,"EVER",1,6,9,1
"12359",2021,"EVER",1,26,9,1
"12360",2021,"EVER",0,16,9,1
"12361",2021,"EVER",0,6,9,1
"12362",2021,"EVER",0,7,9,1
"12363",2021,"EVER",0,7,9,1
"12364",2021,"EVER",0,8,9,1
"12365",2021,"EVER",0,21,9,1
"12366",2021,"EVER",0,14,9,1
"12367",2021,"EVER",0,21,9,1
"12368",2021,"EVER",1,14,9,1
"12369",2021,"EVER",0,25,9,1
"12370",2021,"EVER",0,17,9,1
"12371",2021,"EVER",0,8,9,1
"12372",2021,"EVER",0,8,9,1
"12373",2021,"EVER",0,16,9,1
"12374",2021,"EVER",0,6,9,1
"12375",2021,"EVER",0,14,9,1
"12376",2021,"EVER",0,7,9,1
"12377",2021,"EVER",0,6,9,1
"12378",2021,"EVER",0,16,9,1
"12379",2021,"EVER",0,6,9,1
"12380",2021,"EVER",1,7,9,1
"12381",2021,"EVER",0,16,9,1
"12382",2021,"EVER",1,6,9,1
"12383",2021,"EVER",1,16,9,1
"12384",2021,"EVER",0,16,9,1
"12385",2021,"EVER",0,6,9,1
"12386",2021,"EVER",0,16,9,1
"12387",2021,"EVER",0,11,9,1
"12388",2021,"EVER",0,8,9,1
"12389",2021,"EVER",1,8,9,1
"12390",2021,"EVER",0,8,9,1
"12391",2021,"EVER",0,6,9,1
"12392",2021,"EVER",0,14,9,1
"12393",2021,"EVER",0,13,9,1
"12394",2021,"EVER",0,8,9,1
"12395",2021,"EVER",0,8,9,1
"12396",2021,"EVER",1,6,9,1
"12397",2021,"EVER",0,14,9,1
"12398",2021,"EVER",0,13,9,1
"12399",2021,"EVER",0,8,9,1
"12400",2021,"EVER",0,7,9,1
"12401",2021,"EVER",0,21,9,1
"12402",2021,"EVER",0,14,9,1
"12403",2021,"EVER",0,6,9,1
"12404",2021,"EVER",0,7,9,1
"12405",2021,"EVER",0,14,9,1
"12406",2021,"EVER",1,6,9,1
"12407",2021,"EVER",1,14,9,1
"12408",2021,"EVER",0,14,9,1
"12409",2021,"EVER",0,13,9,1
"12410",2021,"EVER",0,13,9,1
"12411",2021,"EVER",0,7,9,1
"12412",2021,"EVER",0,7,9,1
"12413",2021,"EVER",0,16,9,1
"12414",2021,"EVER",0,7,9,1
"12415",2021,"EVER",0,9,9,1
"12416",2021,"EVER",0,5,9,1
"12417",2021,"EVER",0,16,9,1
"12418",2021,"EVER",1,11,9,1
"12419",2021,"EVER",1,9,9,1
"12420",2021,"EVER",0,13,9,1
"12421",2021,"EVER",0,13,9,1
"12422",2021,"EVER",0,23,9,1
"12423",2021,"EVER",0,7,9,1
"12424",2021,"EVER",1,6,9,1
"12425",2021,"EVER",0,16,9,1
"12426",2021,"EVER",0,6,9,1
"12427",2021,"EVER",1,14,9,1
"12428",2021,"EVER",1,8,9,1
"12429",2021,"EVER",0,16,9,1
"12430",2021,"EVER",1,6,9,1
"12431",2021,"EVER",0,8,9,1
"12432",2021,"EVER",0,8,9,1
"12433",2021,"EVER",0,8,9,1
"12434",2021,"EVER",0,16,9,1
"12435",2021,"EVER",0,6,9,1
"12436",2021,"EVER",0,14,9,1
"12437",2021,"EVER",0,7,9,1
"12438",2021,"EVER",0,7,9,1
"12439",2021,"EVER",0,12,9,1
"12440",2021,"EVER",1,16,9,1
"12441",2021,"EVER",0,16,9,1
"12442",2021,"EVER",0,8,9,1
"12443",2021,"EVER",0,8,9,1
"12444",2021,"EVER",0,12,9,1
"12445",2021,"EVER",0,21,9,1
"12446",2021,"EVER",0,7,9,1
"12447",2021,"EVER",0,12,9,1
"12448",2021,"EVER",0,16,9,1
"12449",2021,"EVER",0,6,9,1
"12450",2021,"EVER",0,7,9,1
"12451",2021,"EVER",0,16,9,1
"12452",2021,"EVER",1,12,9,1
"12453",2021,"EVER",0,12,9,1
"12454",2021,"EVER",0,21,9,1
"12455",2021,"EVER",0,12,9,1
"12456",2021,"EVER",0,21,9,1
"12457",2021,"KRV",1,18,17,1
"12458",2021,"KRV",1,24,17,1
"12459",2021,"KRV",0,18,17,1
"12460",2021,"KRV",1,11,17,1
"12461",2021,"KRV",1,10,17,1
"12462",2021,"KRV",0,24,17,1
"12463",2021,"KRV",0,18,17,1
"12464",2021,"KRV",0,9,17,1
"12465",2021,"KRV",1,18,17,1
"12466",2021,"KRV",0,24,17,1
"12467",2021,"KRV",1,18,17,1
"12468",2021,"KRV",1,24,17,1
"12469",2021,"KRV",1,24,17,1
"12470",2021,"KRV",0,11,17,1
"12471",2021,"KRV",0,18,17,1
"12472",2021,"KRV",1,22,17,1
"12473",2021,"KRV",0,24,17,1
"12474",2021,"KRV",0,24,17,1
"12475",2021,"KRV",0,13,17,1
"12476",2021,"KRV",0,24,17,1
"12477",2021,"KRV",1,24,17,1
"12478",2021,"KRV",1,22,17,1
"12479",2021,"KRV",0,22,17,1
"12480",2021,"KRV",0,21,17,1
"12481",2021,"KRV",1,6,17,1
"12482",2021,"KRV",0,13,17,1
"12483",2021,"KRV",0,24,17,1
"12484",2021,"KRV",1,21,17,1
"12485",2021,"KRV",0,21,17,1
"12486",2021,"KRV",0,10,17,1
"12487",2021,"KRV",0,3,17,1
"12488",2021,"KRV",0,24,17,1
"12489",2021,"KRV",0,6,17,1
"12490",2021,"KRV",0,7,17,1
"12491",2021,"KRV",0,24,17,1
"12492",2021,"KRV",1,18,17,1
"12493",2021,"KRV",0,24,17,1
"12494",2021,"KRV",1,18,17,1
"12495",2021,"KRV",0,24,17,1
"12496",2021,"KRV",1,18,17,1
"12497",2021,"KRV",1,24,17,1
"12498",2021,"KRV",0,18,17,1
"12499",2021,"KRV",0,22,17,1
"12500",2021,"KRV",1,18,17,1
"12501",2021,"KRV",0,22,17,1
"12502",2021,"KRV",0,21,17,1
"12503",2021,"KRV",0,1,17,1
"12504",2021,"KRV",0,22,17,1
"12505",2021,"KRV",1,17,17,1
"12506",2021,"KRV",0,18,17,1
"12507",2021,"KRV",0,9,17,1
"12508",2021,"KRV",0,24,17,1
"12509",2021,"KRV",1,22,17,1
"12510",2021,"KRV",0,22,17,1
"12511",2021,"KRV",0,21,17,1
"12512",2021,"KRV",1,24,17,1
"12513",2021,"KRV",0,21,17,1
"12514",2021,"KRV",0,13,17,1
"12515",2021,"KRV",0,3,17,1
"12516",2021,"KRV",0,8,17,1
"12517",2021,"KRV",0,21,17,1
"12518",2021,"KRV",0,24,17,1
"12519",2021,"KRV",1,18,17,1
"12520",2021,"KRV",0,24,17,1
"12521",2021,"KRV",0,6,17,1
"12522",2021,"KRV",0,22,17,1
"12523",2021,"KRV",1,21,17,1
"12524",2021,"KRV",1,21,17,1
"12525",2021,"KRV",0,17,17,1
"12526",2021,"KRV",1,19,17,1
"12527",2021,"KRV",0,17,17,1
"12528",2021,"KRV",1,19,17,1
"12529",2021,"KRV",0,17,17,1
"12530",2021,"KRV",1,19,17,1
"12531",2021,"KRV",1,17,17,1
"12532",2021,"KRV",0,17,17,1
"12533",2021,"KRV",0,5,17,1
"12534",2021,"KRV",0,17,17,1
"12535",2021,"KRV",1,19,17,1
"12536",2021,"KRV",0,17,17,1
"12537",2021,"KRV",0,19,17,1
"12538",2021,"KRV",1,6,17,1
"12539",2021,"KRV",1,19,17,1
"12540",2021,"KRV",0,20,17,1
"12541",2021,"KRV",0,17,17,1
"12542",2021,"KRV",0,5,17,1
"12543",2021,"KRV",0,14,17,1
"12544",2021,"KRV",0,6,17,1
"12545",2021,"KRV",0,23,17,1
"12546",2021,"KRV",0,22,17,1
"12547",2021,"KRV",0,10,17,1
"12548",2021,"KRV",0,2,17,1
"12549",2021,"KRV",0,18,17,1
"12550",2021,"KRV",1,21,17,1
"12551",2021,"KRV",0,18,17,1
"12552",2021,"KRV",0,21,17,1
"12553",2021,"KRV",0,15,17,1
"12554",2021,"KRV",0,5,17,1
"12555",2021,"KRV",1,21,17,1
"12556",2021,"KRV",0,21,17,1
"12557",2021,"KRV",1,20,17,1
"12558",2021,"KRV",1,20,17,1
"12559",2021,"KRV",0,22,17,1
"12560",2021,"KRV",0,21,17,1
"12561",2021,"KRV",0,9,17,1
"12562",2021,"KRV",0,4,17,1
"12563",2021,"KRV",0,21,17,1
"12564",2021,"KRV",0,9,17,1
"12565",2021,"KRV",0,13,17,1
"12566",2021,"KRV",0,20,17,1
"12567",2021,"KRV",0,9,17,1
"12568",2021,"KRV",1,24,17,1
"12569",2021,"KRV",0,13,17,1
"12570",2021,"KRV",0,6,17,1
"12571",2021,"KRV",0,24,17,1
"12572",2021,"KRV",0,18,17,1
"12573",2021,"KRV",0,23,17,1
"12574",2021,"KRV",0,24,17,1
"12575",2021,"KRV",1,14,17,1
"12576",2021,"KRV",0,24,17,1
"12577",2021,"KRV",0,18,17,1
"12578",2021,"KRV",0,14,17,1
"12579",2021,"KRV",0,18,17,1
"12580",2021,"KRV",1,23,17,1
"12581",2021,"KRV",0,18,17,1
"12582",2021,"KRV",0,23,17,1
"12583",2021,"KRV",0,15,17,1
"12584",2021,"KRV",0,21,17,1
"12585",2021,"KRV",0,20,17,1
"12586",2021,"KRV",0,21,17,1
"12587",2021,"KRV",0,7,17,1
"12588",2021,"KRV",0,4,17,1
"12589",2021,"KRV",0,23,17,1
"12590",2021,"KRV",0,8,17,1
"12591",2021,"KRV",0,7,17,1
"12592",2021,"KRV",0,6,17,1
"12593",2021,"KRV",1,23,17,1
"12594",2021,"KRV",0,23,17,1
"12595",2021,"KRV",0,1,17,1
"12596",2021,"KRV",1,23,17,1
"12597",2021,"KRV",0,23,17,1
"12598",2021,"KRV",0,8,17,1
"12599",2021,"KRV",0,2,17,1
"12600",2021,"KRV",0,5,17,1
"12601",2021,"KRV",0,23,17,1
"12602",2021,"KRV",0,13,17,1
"12603",2021,"KRV",1,24,17,1
"12604",2021,"KRV",0,24,17,1
"12605",2021,"KRV",0,6,17,1
"12606",2021,"KRV",0,12,17,1
"12607",2021,"KRV",0,24,17,1
"12608",2021,"KRV",1,18,17,1
"12609",2021,"KRV",1,18,17,1
"12610",2021,"KRV",0,18,17,1
"12611",2021,"KRV",0,22,17,1
"12612",2021,"KRV",0,4,17,1
"12613",2021,"KRV",0,17,17,1
"12614",2021,"KRV",0,13,17,1
"12615",2021,"KRV",1,18,17,1
"12616",2021,"KRV",1,18,17,1
"12617",2021,"KRV",0,18,17,1
"12618",2021,"KRV",1,18,17,1
"12619",2021,"KRV",0,11,17,1
"12620",2021,"KRV",0,3,17,1
"12621",2021,"KRV",0,19,17,1
"12622",2021,"KRV",1,20,17,1
"12623",2021,"KRV",1,21,17,1
"12624",2021,"KRV",0,12,17,1
"12625",2021,"KRV",0,17,17,1
"12626",2021,"KRV",0,16,17,1
"12627",2021,"KRV",1,16,17,1
"12628",2021,"KRV",1,18,17,1
"12629",2021,"KRV",0,21,17,1
"12630",2021,"KRV",0,17,17,1
"12631",2021,"KRV",0,14,17,1
"12632",2021,"KRV",0,21,17,1
"12633",2021,"KRV",0,17,17,1
"12634",2021,"KRV",1,14,17,1
"12635",2021,"KRV",0,17,17,1
"12636",2021,"KRV",1,14,17,1
"12637",2021,"KRV",1,21,17,1
"12638",2021,"KRV",0,23,17,1
"12639",2021,"KRV",0,7,17,1
"12640",2021,"KRV",1,13,17,1
"12641",2021,"KRV",0,21,17,1
"12642",2021,"KRV",1,24,17,1
"12643",2021,"KRV",1,21,17,1
"12644",2021,"KRV",1,21,17,1
"12645",2021,"KRV",1,21,17,1
"12646",2021,"KRV",0,25,17,1
"12647",2021,"KRV",1,19,17,1
"12648",2021,"KRV",1,23,17,1
"12649",2021,"KRV",0,23,17,1
"12650",2021,"KRV",0,7,17,1
"12651",2021,"KRV",0,6,17,1
"12652",2021,"KRV",1,21,17,1
"12653",2021,"KRV",0,8,17,1
"12654",2021,"KRV",0,4,17,1
"12655",2021,"KRV",0,21,17,1
"12656",2021,"KRV",0,21,17,1
"12657",2021,"KRV",0,7,17,1
"12658",2021,"KRV",0,21,17,1
"12659",2021,"KRV",0,11,17,1
"12660",2021,"KRV",0,3,17,1
"12661",2021,"OKEE",1,5,12,1
"12662",2021,"OKEE",0,8,12,1
"12663",2021,"OKEE",0,9,12,1
"12664",2021,"OKEE",0,8,12,1
"12665",2021,"OKEE",0,9,12,1
"12666",2021,"OKEE",1,4,12,1
"12667",2021,"OKEE",0,8,12,1
"12668",2021,"OKEE",0,13,12,1
"12669",2021,"OKEE",0,6,12,1
"12670",2021,"OKEE",0,8,12,1
"12671",2021,"OKEE",0,5,12,1
"12672",2021,"OKEE",0,9,12,1
"12673",2021,"OKEE",0,6,12,1
"12674",2021,"OKEE",0,9,12,1
"12675",2021,"OKEE",1,18,12,1
"12676",2021,"OKEE",0,9,12,1
"12677",2021,"OKEE",0,5,12,1
"12678",2021,"OKEE",0,6,12,1
"12679",2021,"OKEE",1,9,12,1
"12680",2021,"OKEE",1,6,12,1
"12681",2021,"OKEE",0,6,12,1
"12682",2021,"OKEE",0,9,12,1
"12683",2021,"OKEE",1,18,12,1
"12684",2021,"OKEE",0,14,12,1
"12685",2021,"OKEE",0,5,12,1
"12686",2021,"OKEE",0,6,12,1
"12687",2021,"OKEE",0,9,12,1
"12688",2021,"OKEE",0,18,12,1
"12689",2021,"OKEE",0,10,12,1
"12690",2021,"OKEE",0,7,12,1
"12691",2021,"OKEE",0,4,12,1
"12692",2021,"OKEE",0,14,12,1
"12693",2021,"OKEE",1,17,12,1
"12694",2021,"OKEE",0,5,12,1
"12695",2021,"OKEE",0,13,12,1
"12696",2021,"OKEE",0,9,12,1
"12697",2021,"OKEE",0,8,12,1
"12698",2021,"OKEE",0,11,12,1
"12699",2021,"OKEE",0,7,12,1
"12700",2021,"OKEE",0,18,12,1
"12701",2021,"OKEE",0,10,12,1
"12702",2021,"OKEE",1,7,12,1
"12703",2021,"OKEE",0,9,12,1
"12704",2021,"OKEE",0,11,12,1
"12705",2021,"OKEE",0,7,12,1
"12706",2021,"OKEE",0,9,12,1
"12707",2021,"OKEE",0,8,12,1
"12708",2021,"OKEE",0,5,12,1
"12709",2021,"OKEE",0,14,12,1
"12710",2021,"OKEE",0,11,12,1
"12711",2021,"OKEE",0,7,12,1
"12712",2021,"OKEE",1,9,12,1
"12713",2021,"OKEE",0,14,12,1
"12714",2021,"OKEE",1,11,12,1
"12715",2021,"OKEE",0,14,12,1
"12716",2021,"OKEE",0,11,12,1
"12717",2021,"OKEE",1,7,12,1
"12718",2021,"OKEE",0,14,12,1
"12719",2021,"OKEE",0,11,12,1
"12720",2021,"OKEE",0,7,12,1
"12721",2021,"OKEE",1,9,12,1
"12722",2021,"OKEE",0,11,12,1
"12723",2021,"OKEE",0,7,12,1
"12724",2021,"OKEE",0,9,12,1
"12725",2021,"OKEE",0,8,12,1
"12726",2021,"OKEE",0,5,12,1
"12727",2021,"OKEE",0,7,12,1
"12728",2021,"OKEE",1,9,12,1
"12729",2021,"OKEE",0,9,12,1
"12730",2021,"OKEE",1,8,12,1
"12731",2021,"OKEE",0,10,12,1
"12732",2021,"OKEE",1,11,12,1
"12733",2021,"OKEE",0,10,12,1
"12734",2021,"OKEE",0,11,12,1
"12735",2021,"OKEE",0,7,12,1
"12736",2021,"OKEE",0,17,12,1
"12737",2021,"OKEE",0,5,12,1
"12738",2021,"OKEE",0,6,12,1
"12739",2021,"OKEE",0,17,12,1
"12740",2021,"OKEE",0,11,12,1
"12741",2021,"OKEE",0,9,12,1
"12742",2021,"OKEE",0,8,12,1
"12743",2021,"OKEE",0,17,12,1
"12744",2021,"OKEE",0,11,12,1
"12745",2021,"OKEE",0,17,12,1
"12746",2021,"OKEE",0,13,12,1
"12747",2021,"OKEE",0,7,12,1
"12748",2021,"OKEE",0,7,12,1
"12749",2021,"OKEE",1,17,12,1
"12750",2021,"OKEE",0,10,12,1
"12751",2021,"OKEE",0,7,12,1
"12752",2021,"OKEE",1,11,12,1
"12753",2021,"OKEE",1,17,12,1
"12754",2021,"OKEE",0,17,12,1
"12755",2021,"OKEE",0,12,12,1
"12756",2021,"OKEE",1,16,12,1
"12757",2021,"OKEE",0,10,12,1
"12758",2021,"OKEE",0,7,12,1
"12759",2021,"OKEE",0,12,12,1
"12760",2021,"OKEE",0,16,12,1
"12761",2021,"OKEE",0,7,12,1
"12762",2021,"OKEE",0,10,12,1
"12763",2021,"OKEE",0,7,12,1
"12764",2021,"OKEE",1,11,12,1
"12765",2021,"OKEE",0,10,12,1
"12766",2021,"OKEE",0,7,12,1
"12767",2021,"OKEE",0,12,12,1
"12768",2021,"OKEE",0,16,12,1
"12769",2021,"OKEE",0,7,12,1
"12770",2021,"OKEE",0,6,12,1
"12771",2021,"OKEE",1,17,12,1
"12772",2021,"OKEE",1,17,12,1
"12773",2021,"OKEE",0,17,12,1
"12774",2021,"OKEE",0,11,12,1
"12775",2021,"OKEE",0,9,12,1
"12776",2021,"OKEE",0,4,12,1
"12777",2021,"OKEE",0,14,12,1
"12778",2021,"OKEE",1,17,12,1
"12779",2021,"OKEE",1,9,12,1
"12780",2021,"OKEE",1,9,12,1
"12781",2021,"OKEE",0,4,12,1
"12782",2021,"OKEE",0,14,12,1
"12783",2021,"OKEE",0,17,12,1
"12784",2021,"OKEE",0,5,12,1
"12785",2021,"OKEE",1,6,12,1
"12786",2021,"OKEE",0,11,12,1
"12787",2021,"OKEE",0,7,12,1
"12788",2021,"OKEE",1,18,12,1
"12789",2021,"OKEE",0,18,12,1
"12790",2021,"OKEE",1,17,12,1
"12791",2021,"OKEE",0,4,12,1
"12792",2021,"OKEE",0,14,12,1
"12793",2021,"OKEE",1,17,12,1
"12794",2021,"OKEE",0,14,12,1
"12795",2021,"OKEE",1,17,12,1
"12796",2021,"OKEE",1,14,12,1
"12797",2021,"OKEE",0,14,12,1
"12798",2021,"OKEE",1,17,12,1
"12799",2021,"OKEE",0,14,12,1
"12800",2021,"OKEE",0,17,12,1
"12801",2021,"OKEE",1,11,12,1
"12802",2021,"OKEE",0,14,12,1
"12803",2021,"OKEE",1,17,12,1
"12804",2021,"OKEE",1,14,12,1
"12805",2021,"OKEE",1,14,12,1
"12806",2021,"OKEE",1,14,12,1
"12807",2021,"OKEE",0,14,12,1
"12808",2021,"OKEE",0,9,12,1
"12809",2021,"OKEE",0,14,12,1
"12810",2021,"OKEE",1,11,12,1
"12811",2021,"OKEE",0,14,12,1
"12812",2021,"OKEE",0,11,12,1
"12813",2021,"OKEE",1,7,12,1
"12814",2021,"OKEE",0,14,12,1
"12815",2021,"OKEE",1,11,12,1
"12816",2021,"OKEE",0,14,12,1
"12817",2021,"OKEE",0,11,12,1
"12818",2021,"OKEE",0,7,12,1
"12819",2021,"OKEE",0,9,12,1
"12820",2021,"OKEE",0,14,12,1
"12821",2021,"OKEE",0,11,12,1
"12822",2021,"OKEE",0,7,12,1
"12823",2021,"OKEE",0,9,12,1
"12824",2021,"OKEE",0,14,12,1
"12825",2021,"OKEE",0,6,12,1
"12826",2021,"OKEE",0,13,12,1
"12827",2021,"OKEE",1,11,12,1
"12828",2021,"OKEE",0,11,12,1
"12829",2021,"OKEE",0,7,12,1
"12830",2021,"OKEE",0,17,12,1
"12831",2021,"OKEE",1,11,12,1
"12832",2021,"OKEE",1,24,12,1
"12833",2021,"OKEE",0,24,12,1
"12834",2021,"OKEE",0,14,12,1
"12835",2021,"OKEE",0,11,12,1
"12836",2021,"OKEE",0,7,12,1
"12837",2021,"OKEE",1,9,12,1
"12838",2021,"OKEE",1,24,12,1
"12839",2021,"OKEE",1,11,12,1
"12840",2021,"OKEE",0,11,12,1
"12841",2021,"OKEE",0,11,12,1
"12842",2021,"OKEE",0,10,12,1
"12843",2021,"OKEE",0,11,12,1
"12844",2021,"OKEE",0,10,12,1
"12845",2021,"OKEE",0,10,12,1
"12846",2021,"OKEE",0,11,12,1
"12847",2021,"OKEE",0,24,12,1
"12848",2021,"OKEE",0,10,12,1
"12849",2021,"OKEE",0,10,12,1
"12850",2021,"OKEE",0,11,12,1
"12851",2021,"OKEE",0,7,12,1
"12852",2021,"OKEE",0,17,12,1
"12853",2021,"OKEE",1,11,12,1
"12854",2021,"OKEE",0,17,12,1
"12855",2021,"OKEE",0,11,12,1
"12856",2021,"OKEE",0,17,12,1
"12857",2021,"OKEE",1,13,12,1
"12858",2021,"OKEE",1,17,12,1
"12859",2021,"OKEE",0,17,12,1
"12860",2021,"OKEE",1,11,12,1
"12861",2021,"OKEE",1,17,12,1
"12862",2021,"OKEE",0,17,12,1
"12863",2021,"OKEE",1,11,12,1
"12864",2021,"OKEE",0,17,12,1
"12865",2021,"OKEE",0,11,12,1
"12866",2021,"OKEE",1,17,12,1
"12867",2021,"OKEE",0,17,12,1
"12868",2021,"OKEE",1,11,12,1
"12869",2021,"OKEE",1,17,12,1
"12870",2021,"OKEE",0,11,12,1
"12871",2021,"OKEE",0,13,12,1
"12872",2021,"OKEE",0,14,12,1
"12873",2021,"OKEE",1,19,12,1
"12874",2021,"OKEE",0,8,12,1
"12875",2021,"OKEE",0,5,12,1
"12876",2021,"OKEE",0,13,12,1
"12877",2021,"OKEE",0,9,12,1
"12878",2021,"OKEE",0,8,12,1
"12879",2021,"OKEE",0,5,12,1
"12880",2021,"OKEE",0,5,12,1
"12881",2021,"OKEE",0,13,12,1
"12882",2021,"OKEE",0,9,12,1
"12883",2021,"OKEE",0,8,12,1
"12884",2021,"OKEE",0,5,12,1
"12885",2021,"OKEE",0,6,12,1
"12886",2021,"OKEE",0,5,12,1
"12887",2021,"OKEE",0,13,12,1
"12888",2021,"OKEE",0,9,12,1
"12889",2021,"OKEE",0,8,12,1
"12890",2021,"OKEE",0,5,12,1
"12891",2021,"OKEE",0,6,12,1
"12892",2021,"OKEE",1,5,12,1
"12893",2021,"OKEE",0,5,12,1
"12894",2021,"OKEE",1,13,12,1
"12895",2021,"OKEE",0,5,12,1
"12896",2021,"OKEE",0,17,12,1
"12897",2021,"OKEE",0,13,12,1
"12898",2021,"OKEE",0,7,12,1
"12899",2021,"OKEE",0,12,12,1
"12900",2021,"OKEE",0,16,12,1
"12901",2021,"OKEE",0,8,12,1
"12902",2021,"OKEE",0,5,12,1
"12903",2021,"OKEE",0,7,12,1
"12904",2021,"OKEE",0,7,12,1
"12905",2021,"OKEE",0,11,12,1
"12906",2021,"OKEE",1,17,12,1
"12907",2021,"OKEE",0,7,12,1
"12908",2021,"OKEE",1,11,12,1
"12909",2021,"OKEE",0,7,12,1
"12910",2021,"OKEE",0,11,12,1
"12911",2021,"OKEE",1,17,12,1
"12912",2021,"OKEE",1,11,12,1
"12913",2021,"OKEE",0,7,12,1
"12914",2021,"OKEE",0,12,12,1
"12915",2021,"OKEE",0,16,12,1
"12916",2021,"OKEE",0,7,12,1
"12917",2021,"OKEE",0,11,12,1
"12918",2021,"OKEE",0,17,12,1
"12919",2021,"OKEE",1,13,12,1
"12920",2021,"OKEE",1,11,12,1
"12921",2021,"OKEE",0,11,12,1
"12922",2021,"OKEE",0,17,12,1
"12923",2021,"OKEE",0,13,12,1
"12924",2021,"OKEE",0,7,12,1
"12925",2021,"OKEE",0,12,12,1
"12926",2021,"OKEE",0,16,12,1
"12927",2021,"OKEE",0,13,12,1
"12928",2021,"OKEE",0,11,12,1
"12929",2021,"OKEE",0,17,12,1
"12930",2021,"OKEE",1,7,12,1
"12931",2021,"OKEE",0,11,12,1
"12932",2021,"OKEE",0,17,12,1
"12933",2021,"OKEE",0,13,12,1
"12934",2021,"OKEE",0,14,12,1
"12935",2021,"OKEE",1,19,12,1
"12936",2021,"OKEE",0,11,12,1
"12937",2021,"OKEE",0,17,12,1
"12938",2021,"OKEE",0,8,12,1
"12939",2021,"OKEE",0,5,12,1
"12940",2021,"OKEE",0,11,12,1
"12941",2021,"OKEE",0,17,12,1
"12942",2021,"OKEE",1,13,12,1
"12943",2021,"OKEE",0,11,12,1
"12944",2021,"OKEE",0,17,12,1
"12945",2021,"OKEE",0,13,12,1
"12946",2021,"OKEE",1,7,12,1
"12947",2021,"OKEE",1,12,12,1
"12948",2021,"OKEE",1,11,12,1
"12949",2021,"OKEE",1,11,12,1
"12950",2021,"OKEE",0,11,12,1
"12951",2021,"OKEE",0,9,12,1
"12952",2021,"OKEE",0,11,12,1
"12953",2021,"OKEE",0,17,12,1
"12954",2021,"OKEE",0,11,12,1
"12955",2021,"OKEE",0,17,12,1
"12956",2021,"OKEE",1,13,12,1
"12957",2021,"OKEE",0,11,12,1
"12958",2021,"OKEE",0,17,12,1
"12959",2021,"OKEE",1,13,12,1
"12960",2021,"OKEE",1,11,12,1
"12961",2021,"OKEE",0,11,12,1
"12962",2021,"OKEE",1,17,12,1
"12963",2021,"OKEE",1,11,12,1
"12964",2021,"OKEE",0,11,12,1
"12965",2021,"OKEE",0,17,12,1
"12966",2021,"OKEE",1,13,12,1
"12967",2021,"OKEE",0,10,12,1
"12968",2021,"OKEE",0,7,12,1
"12969",2021,"OKEE",1,11,12,1
"12970",2021,"OKEE",0,17,12,1
"12971",2021,"OKEE",0,11,12,1
"12972",2021,"OKEE",1,17,12,1
"12973",2021,"OKEE",0,4,12,1
"12974",2021,"OKEE",0,7,12,1
"12975",2021,"OKEE",0,7,12,1
"12976",2021,"OKEE",0,7,12,1
"12977",2021,"OKEE",0,7,12,1
"12978",2021,"OKEE",0,9,12,1
"12979",2021,"OKEE",0,8,12,1
"12980",2021,"OKEE",0,2,12,1
"12981",2021,"OKEE",0,3,12,1
"12982",2021,"OKEE",0,9,12,1
"12983",2021,"OKEE",0,6,12,1
"12984",2021,"OKEE",0,6,12,1
"12985",2021,"OKEE",0,8,12,1
"12986",2021,"OKEE",1,7,12,1
"12987",2021,"OKEE",0,9,12,1
"12988",2021,"OKEE",0,6,12,1
"12989",2021,"OKEE",0,6,12,1
"12990",2021,"OKEE",0,8,12,1
"12991",2021,"OKEE",1,7,12,1
"12992",2021,"OKEE",0,9,12,1
"12993",2021,"OKEE",0,6,12,1
"12994",2021,"OKEE",0,6,12,1
"12995",2021,"OKEE",0,8,12,1
"12996",2021,"OKEE",1,7,12,1
"12997",2021,"OKEE",1,9,12,1
"12998",2021,"OKEE",0,9,12,1
"12999",2021,"OKEE",0,6,12,1
"13000",2021,"OKEE",0,6,12,1
"13001",2021,"OKEE",0,8,12,1
"13002",2021,"OKEE",0,7,12,1
"13003",2021,"OKEE",1,8,12,1
"13004",2021,"OKEE",0,9,12,1
"13005",2021,"OKEE",0,6,12,1
"13006",2021,"OKEE",1,6,12,1
"13007",2021,"OKEE",1,9,12,1
"13008",2021,"OKEE",0,9,12,1
"13009",2021,"OKEE",1,6,12,1
"13010",2021,"OKEE",0,9,12,1
"13011",2021,"OKEE",0,6,12,1
"13012",2021,"OKEE",1,6,12,1
"13013",2021,"OKEE",0,7,12,1
"13014",2021,"OKEE",0,7,12,1
"13015",2021,"OKEE",0,7,12,1
"13016",2021,"OKEE",0,7,12,1
"13017",2021,"OKEE",0,9,12,1
"13018",2021,"OKEE",0,8,12,1
"13019",2021,"OKEE",0,2,12,1
"13020",2021,"OKEE",0,7,12,1
"13021",2021,"OKEE",0,7,12,1
"13022",2021,"OKEE",0,7,12,1
"13023",2021,"OKEE",0,7,12,1
"13024",2021,"OKEE",0,9,12,1
"13025",2021,"OKEE",0,8,12,1
"13026",2021,"OKEE",0,5,12,1
"13027",2021,"OKEE",0,8,12,1
"13028",2021,"OKEE",0,7,12,1
"13029",2021,"OKEE",0,7,12,1
"13030",2021,"OKEE",0,7,12,1
"13031",2021,"OKEE",0,7,12,1
"13032",2021,"OKEE",1,9,12,1
"13033",2021,"OKEE",0,7,12,1
"13034",2021,"OKEE",0,7,12,1
"13035",2021,"OKEE",0,7,12,1
"13036",2021,"OKEE",0,7,12,1
"13037",2021,"OKEE",1,9,12,1
"13038",2021,"OKEE",0,7,12,1
"13039",2021,"OKEE",0,7,12,1
"13040",2021,"OKEE",0,7,12,1
"13041",2021,"OKEE",1,7,12,1
"13042",2021,"OKEE",0,7,12,1
"13043",2021,"OKEE",0,8,12,1
"13044",2021,"OKEE",0,6,12,1
"13045",2021,"OKEE",0,8,12,1
"13046",2021,"OKEE",1,8,12,1
"13047",2021,"OKEE",0,8,12,1
"13048",2021,"OKEE",0,7,12,1
"13049",2021,"OKEE",0,6,12,1
"13050",2021,"OKEE",1,8,12,1
"13051",2021,"OKEE",0,8,12,1
"13052",2021,"OKEE",0,7,12,1
"13053",2021,"OKEE",1,6,12,1
"13054",2021,"OKEE",0,8,12,1
"13055",2021,"OKEE",0,7,12,1
"13056",2021,"OKEE",0,6,12,1
"13057",2021,"OKEE",0,7,12,1
"13058",2021,"OKEE",0,8,12,1
"13059",2021,"OKEE",0,8,12,1
"13060",2021,"OKEE",0,8,12,1
"13061",2021,"OKEE",0,7,12,1
"13062",2021,"OKEE",0,6,12,1
"13063",2021,"OKEE",1,7,12,1
"13064",2021,"OKEE",0,8,12,1
"13065",2021,"OKEE",0,7,12,1
"13066",2021,"OKEE",0,6,12,1
"13067",2021,"OKEE",1,7,12,1
"13068",2021,"OKEE",0,8,12,1
"13069",2021,"OKEE",1,7,12,1
"13070",2021,"OKEE",0,8,12,1
"13071",2021,"OKEE",1,7,12,1
"13072",2021,"OKEE",0,8,12,1
"13073",2021,"OKEE",1,7,12,1
"13074",2021,"OKEE",0,8,12,1
"13075",2021,"OKEE",0,7,12,1
"13076",2021,"OKEE",1,6,12,1
"13077",2021,"OKEE",0,7,12,1
"13078",2021,"OKEE",0,7,12,1
"13079",2021,"OKEE",0,7,12,1
"13080",2021,"OKEE",0,8,12,1
"13081",2021,"OKEE",0,6,12,1
"13082",2021,"OKEE",0,8,12,1
"13083",2021,"OKEE",0,8,12,1
"13084",2021,"OKEE",0,8,12,1
"13085",2021,"OKEE",1,8,12,1
"13086",2021,"OKEE",0,8,12,1
"13087",2021,"OKEE",0,7,12,1
"13088",2021,"OKEE",0,8,12,1
"13089",2021,"OKEE",0,6,12,1
"13090",2021,"OKEE",0,8,12,1
"13091",2021,"OKEE",1,8,12,1
"13092",2021,"OKEE",0,6,12,1
"13093",2021,"OKEE",0,6,12,1
"13094",2021,"OKEE",0,8,12,1
"13095",2021,"OKEE",0,7,12,1
"13096",2021,"OKEE",0,8,12,1
"13097",2021,"OKEE",0,6,12,1
"13098",2021,"OKEE",0,6,12,1
"13099",2021,"OKEE",0,8,12,1
"13100",2021,"OKEE",1,7,12,1
"13101",2021,"OKEE",1,7,12,1
"13102",2021,"OKEE",0,7,12,1
"13103",2021,"OKEE",0,6,12,1
"13104",2021,"OKEE",0,7,12,1
"13105",2021,"OKEE",1,8,12,1
"13106",2021,"OKEE",0,8,12,1
"13107",2021,"OKEE",0,7,12,1
"13108",2021,"OKEE",0,8,12,1
"13109",2021,"OKEE",1,6,12,1
"13110",2021,"OKEE",0,7,12,1
"13111",2021,"OKEE",0,7,12,1
"13112",2021,"OKEE",0,8,12,1
"13113",2021,"OKEE",0,5,12,1
"13114",2021,"OKEE",0,1,12,1
"13115",2021,"OKEE",0,8,12,1
"13116",2021,"OKEE",0,8,12,1
"13117",2021,"OKEE",0,8,12,1
"13118",2021,"OKEE",0,1,12,1
"13119",2021,"OKEE",0,3,12,1
"13120",2021,"OKEE",0,8,12,1
"13121",2021,"OKEE",0,8,12,1
"13122",2021,"OKEE",0,7,12,1
"13123",2021,"OKEE",0,6,12,1
"13124",2021,"OKEE",1,8,12,1
"13125",2021,"OKEE",0,8,12,1
"13126",2021,"OKEE",0,8,12,1
"13127",2021,"OKEE",0,7,12,1
"13128",2021,"OKEE",0,6,12,1
"13129",2021,"OKEE",1,7,12,1
"13130",2021,"OKEE",0,4,12,1
"13131",2021,"OKEE",0,7,12,1
"13132",2021,"OKEE",0,7,12,1
"13133",2021,"OKEE",0,7,12,1
"13134",2021,"OKEE",0,7,12,1
"13135",2021,"OKEE",0,9,12,1
"13136",2021,"OKEE",0,8,12,1
"13137",2021,"OKEE",0,2,12,1
"13138",2021,"OKEE",0,7,12,1
"13139",2021,"OKEE",0,7,12,1
"13140",2021,"OKEE",1,9,12,1
"13141",2021,"OKEE",0,6,12,1
"13142",2021,"OKEE",0,8,12,1
"13143",2021,"OKEE",0,7,12,1
"13144",2021,"OKEE",0,2,12,1
"13145",2021,"OKEE",0,6,12,1
"13146",2021,"OKEE",0,8,12,1
"13147",2021,"OKEE",1,7,12,1
"13148",2021,"OKEE",0,6,12,1
"13149",2021,"OKEE",0,8,12,1
"13150",2021,"OKEE",0,8,12,1
"13151",2021,"OKEE",0,8,12,1
"13152",2021,"OKEE",0,11,12,1
"13153",2021,"OKEE",0,6,12,1
"13154",2021,"OKEE",0,8,12,1
"13155",2021,"OKEE",0,8,12,1
"13156",2021,"OKEE",0,8,12,1
"13157",2021,"OKEE",0,6,12,1
"13158",2021,"OKEE",0,7,12,1
"13159",2021,"OKEE",1,8,12,1
"13160",2021,"OKEE",0,4,12,1
"13161",2021,"OKEE",0,8,12,1
"13162",2021,"OKEE",0,9,12,1
"13163",2021,"OKEE",0,7,12,1
"13164",2021,"OKEE",0,4,12,1
"13165",2021,"OKEE",0,7,12,1
"13166",2021,"OKEE",0,8,12,1
"13167",2021,"OKEE",0,5,12,1
"13168",2021,"OKEE",0,8,12,1
"13169",2021,"OKEE",0,7,12,1
"13170",2021,"OKEE",1,8,12,1
"13171",2021,"OKEE",1,8,12,1
"13172",2021,"OKEE",0,7,12,1
"13173",2021,"OKEE",0,9,12,1
"13174",2021,"OKEE",0,8,12,1
"13175",2021,"OKEE",0,8,12,1
"13176",2021,"OKEE",1,8,12,1
"13177",2021,"OKEE",0,8,12,1
"13178",2021,"OKEE",0,9,12,1
"13179",2021,"OKEE",0,7,12,1
"13180",2021,"OKEE",0,4,12,1
"13181",2021,"OKEE",0,7,12,1
"13182",2021,"OKEE",0,8,12,1
"13183",2021,"OKEE",0,5,12,1
"13184",2021,"OKEE",1,7,12,1
"13185",2021,"OKEE",0,7,12,1
"13186",2021,"OKEE",1,8,12,1
"13187",2021,"OKEE",0,7,12,1
"13188",2021,"OKEE",1,8,12,1
"13189",2021,"OKEE",0,8,12,1
"13190",2021,"OKEE",1,8,12,1
"13191",2021,"OKEE",0,8,12,1
"13192",2021,"OKEE",0,8,12,1
"13193",2021,"OKEE",0,7,12,1
"13194",2021,"OKEE",1,6,12,1
"13195",2021,"OKEE",0,8,12,1
"13196",2021,"OKEE",0,8,12,1
"13197",2021,"OKEE",0,7,12,1
"13198",2021,"OKEE",0,10,12,1
"13199",2021,"OKEE",1,8,12,1
"13200",2021,"OKEE",0,8,12,1
"13201",2021,"OKEE",1,8,12,1
"13202",2021,"OKEE",0,8,12,1
"13203",2021,"OKEE",0,7,12,1
"13204",2021,"OKEE",0,6,12,1
"13205",2021,"OKEE",0,8,12,1
"13206",2021,"OKEE",0,8,12,1
"13207",2021,"OKEE",1,7,12,1
"13208",2021,"OKEE",0,8,12,1
"13209",2021,"OKEE",0,8,12,1
"13210",2021,"OKEE",0,7,12,1
"13211",2021,"OKEE",0,8,12,1
"13212",2021,"OKEE",0,8,12,1
"13213",2021,"OKEE",1,8,12,1
"13214",2021,"OKEE",1,9,12,1
"13215",2021,"OKEE",0,8,12,1
"13216",2021,"OKEE",0,7,12,1
"13217",2021,"OKEE",0,6,12,1
"13218",2021,"OKEE",0,8,12,1
"13219",2021,"OKEE",0,6,12,1
"13220",2021,"OKEE",0,6,12,1
"13221",2021,"OKEE",0,9,12,1
"13222",2021,"OKEE",0,7,12,1
"13223",2021,"OKEE",1,8,12,1
"13224",2021,"OKEE",1,8,12,1
"13225",2021,"OKEE",1,8,12,1
"13226",2021,"OKEE",0,8,12,1
"13227",2021,"OKEE",0,7,12,1
"13228",2021,"OKEE",1,6,12,1
"13229",2021,"OKEE",0,8,12,1
"13230",2021,"OKEE",0,7,12,1
"13231",2021,"OKEE",0,6,12,1
"13232",2021,"OKEE",0,8,12,1
"13233",2021,"OKEE",0,6,12,1
"13234",2021,"OKEE",0,6,12,1
"13235",2021,"OKEE",0,9,12,1
"13236",2021,"OKEE",1,5,12,1
"13237",2021,"OKEE",1,8,12,1
"13238",2021,"OKEE",0,7,12,1
"13239",2021,"OKEE",0,6,12,1
"13240",2021,"OKEE",0,4,12,1
"13241",2021,"OKEE",0,8,12,1
"13242",2021,"OKEE",0,5,12,1
"13243",2021,"OKEE",0,9,12,1
"13244",2021,"OKEE",0,8,12,1
"13245",2021,"OKEE",1,5,12,1
"13246",2021,"OKEE",0,6,12,1
"13247",2021,"OKEE",0,8,12,1
"13248",2021,"OKEE",0,6,12,1
"13249",2021,"OKEE",0,6,12,1
"13250",2021,"OKEE",1,9,12,1
"13251",2021,"OKEE",0,6,12,1
"13252",2021,"OKEE",0,8,12,1
"13253",2021,"OKEE",0,6,12,1
"13254",2021,"OKEE",0,6,12,1
"13255",2021,"OKEE",1,9,12,1
"13256",2021,"OKEE",0,6,12,1
"13257",2021,"OKEE",0,4,12,1
"13258",2021,"OKEE",0,10,12,1
"13259",2021,"OKEE",0,3,12,1
"13260",2021,"OKEE",1,9,12,1
"13261",2021,"OKEE",0,6,12,1
"13262",2021,"OKEE",0,4,12,1
"13263",2021,"OKEE",0,10,12,1
"13264",2021,"OKEE",0,3,12,1
"13265",2021,"OKEE",0,9,12,1
"13266",2021,"OKEE",1,8,12,1
"13267",2021,"OKEE",1,6,12,1
"13268",2021,"OKEE",0,6,12,1
"13269",2021,"OKEE",0,8,12,1
"13270",2021,"OKEE",0,6,12,1
"13271",2021,"OKEE",0,6,12,1
"13272",2021,"OKEE",1,9,12,1
"13273",2021,"OKEE",0,6,12,1
"13274",2021,"OKEE",0,8,12,1
"13275",2021,"OKEE",0,6,12,1
"13276",2021,"OKEE",0,6,12,1
"13277",2021,"OKEE",1,9,12,1
"13278",2021,"OKEE",0,6,12,1
"13279",2021,"OKEE",0,8,12,1
"13280",2021,"OKEE",0,6,12,1
"13281",2021,"OKEE",0,6,12,1
"13282",2021,"OKEE",1,9,12,1
"13283",2021,"OKEE",0,7,12,1
"13284",2021,"OKEE",0,8,12,1
"13285",2021,"OKEE",0,5,12,1
"13286",2021,"OKEE",1,9,12,1
"13287",2021,"OKEE",0,8,12,1
"13288",2021,"OKEE",0,6,12,1
"13289",2021,"OKEE",0,6,12,1
"13290",2021,"OKEE",0,9,12,1
"13291",2021,"OKEE",1,10,12,1
"13292",2021,"OKEE",0,8,12,1
"13293",2021,"OKEE",0,6,12,1
"13294",2021,"OKEE",0,6,12,1
"13295",2021,"OKEE",1,9,12,1
"13296",2021,"OKEE",0,8,12,1
"13297",2021,"OKEE",0,6,12,1
"13298",2021,"OKEE",0,6,12,1
"13299",2021,"OKEE",1,9,12,1
"13300",2021,"OKEE",0,8,12,1
"13301",2021,"OKEE",1,6,12,1
"13302",2021,"OKEE",1,8,12,1
"13303",2021,"OKEE",0,8,12,1
"13304",2021,"OKEE",0,6,12,1
"13305",2021,"OKEE",0,6,12,1
"13306",2021,"OKEE",0,9,12,1
"13307",2021,"OKEE",1,10,12,1
"13308",2021,"OKEE",1,4,12,1
"13309",2021,"OKEE",0,4,12,1
"13310",2021,"OKEE",0,8,12,1
"13311",2021,"OKEE",0,5,12,1
"13312",2021,"OKEE",1,9,12,1
"13313",2021,"OKEE",0,4,12,1
"13314",2021,"OKEE",0,8,12,1
"13315",2021,"OKEE",0,4,12,1
"13316",2021,"OKEE",0,8,12,1
"13317",2021,"OKEE",0,5,12,1
"13318",2021,"OKEE",1,9,12,1
"13319",2021,"OKEE",0,4,12,1
"13320",2021,"OKEE",0,8,12,1
"13321",2021,"OKEE",0,5,12,1
"13322",2021,"OKEE",0,9,12,1
"13323",2021,"OKEE",1,8,12,1
"13324",2021,"OKEE",0,4,12,1
"13325",2021,"OKEE",0,10,12,1
"13326",2021,"OKEE",0,3,12,1
"13327",2021,"OKEE",0,9,12,1
"13328",2021,"OKEE",1,8,12,1
"13329",2021,"OKEE",0,4,12,1
"13330",2021,"OKEE",0,8,12,1
"13331",2021,"OKEE",0,5,12,1
"13332",2021,"OKEE",0,9,12,1
"13333",2021,"OKEE",1,8,12,1
"13334",2021,"OKEE",0,4,12,1
"13335",2021,"OKEE",0,8,12,1
"13336",2021,"OKEE",0,5,12,1
"13337",2021,"OKEE",0,9,12,1
"13338",2021,"OKEE",0,8,12,1
"13339",2021,"OKEE",1,5,12,1
"13340",2021,"OKEE",0,4,12,1
"13341",2021,"OKEE",0,8,12,1
"13342",2021,"OKEE",0,5,12,1
"13343",2021,"OKEE",0,3,12,1
"13344",2021,"OKEE",0,6,12,1
"13345",2021,"OKEE",0,1,12,1
"13346",2021,"OKEE",0,4,12,1
"13347",2021,"OKEE",0,10,12,1
"13348",2021,"OKEE",0,3,12,1
"13349",2021,"OKEE",0,9,12,1
"13350",2021,"OKEE",1,13,12,1
"13351",2021,"OKEE",0,4,12,1
"13352",2021,"OKEE",0,10,12,1
"13353",2021,"OKEE",0,3,12,1
"13354",2021,"OKEE",0,9,12,1
"13355",2021,"OKEE",1,8,12,1
"13356",2021,"OKEE",0,8,12,1
"13357",2021,"OKEE",0,6,12,1
"13358",2021,"OKEE",1,6,12,1
"13359",2021,"OKEE",0,7,12,1
"13360",2021,"OKEE",0,6,12,1
"13361",2021,"OKEE",0,8,12,1
"13362",2021,"OKEE",0,6,12,1
"13363",2021,"OKEE",0,6,12,1
"13364",2021,"OKEE",1,9,12,1
"13365",2021,"OKEE",0,7,12,1
"13366",2021,"OKEE",0,6,12,1
"13367",2021,"OKEE",0,8,12,1
"13368",2021,"OKEE",0,6,12,1
"13369",2021,"OKEE",0,6,12,1
"13370",2021,"OKEE",1,9,12,1
"13371",2021,"OKEE",0,7,12,1
"13372",2021,"OKEE",0,6,12,1
"13373",2021,"OKEE",0,4,12,1
"13374",2021,"OKEE",0,8,12,1
"13375",2021,"OKEE",0,7,12,1
"13376",2021,"OKEE",0,6,12,1
"13377",2021,"OKEE",0,7,12,1
"13378",2021,"OKEE",0,6,12,1
"13379",2021,"OKEE",0,4,12,1
"13380",2021,"OKEE",0,8,12,1
"13381",2021,"OKEE",0,5,12,1
"13382",2021,"OKEE",0,9,12,1
"13383",2021,"OKEE",0,8,12,1
"13384",2021,"OKEE",1,5,12,1
"13385",2021,"OKEE",0,13,12,1
"13386",2021,"OKEE",0,4,12,1
"13387",2021,"OKEE",0,10,12,1
"13388",2021,"OKEE",0,3,12,1
"13389",2021,"OKEE",0,9,12,1
"13390",2021,"OKEE",0,8,12,1
"13391",2021,"OKEE",0,2,12,1
"13392",2021,"OKEE",1,6,12,1
"13393",2021,"OKEE",0,8,12,1
"13394",2021,"OKEE",0,8,12,1
"13395",2021,"OKEE",0,6,12,1
"13396",2021,"OKEE",0,6,12,1
"13397",2021,"OKEE",0,9,12,1
"13398",2021,"OKEE",1,10,12,1
"13399",2021,"OKEE",0,8,12,1
"13400",2021,"OKEE",1,8,12,1
"13401",2021,"OKEE",0,8,12,1
"13402",2021,"OKEE",0,8,12,1
"13403",2021,"OKEE",0,6,12,1
"13404",2021,"OKEE",0,8,12,1
"13405",2021,"OKEE",0,4,12,1
"13406",2021,"OKEE",0,8,12,1
"13407",2021,"OKEE",0,5,12,1
"13408",2021,"OKEE",0,9,12,1
"13409",2021,"OKEE",1,8,12,1
"13410",2021,"OKEE",0,8,12,1
"13411",2021,"OKEE",0,4,12,1
"13412",2021,"OKEE",0,8,12,1
"13413",2021,"OKEE",0,5,12,1
"13414",2021,"OKEE",0,8,12,1
"13415",2021,"OKEE",0,5,12,1
"13416",2021,"OKEE",0,7,12,1
"13417",2021,"OKEE",0,9,12,1
"13418",2021,"OKEE",0,6,12,1
"13419",2021,"OKEE",0,7,12,1
"13420",2021,"OKEE",0,6,12,1
"13421",2021,"OKEE",0,5,12,1
"13422",2021,"OKEE",0,8,12,1
"13423",2021,"OKEE",0,5,12,1
"13424",2021,"OKEE",0,7,12,1
"13425",2021,"OKEE",0,9,12,1
"13426",2021,"OKEE",1,6,12,1
"13427",2021,"OKEE",0,5,12,1
"13428",2021,"OKEE",0,8,12,1
"13429",2021,"OKEE",0,5,12,1
"13430",2021,"OKEE",1,7,12,1
"13431",2021,"OKEE",1,6,12,1
"13432",2021,"OKEE",0,6,12,1
"13433",2021,"OKEE",0,4,12,1
"13434",2021,"OKEE",0,8,12,1
"13435",2021,"OKEE",0,5,12,1
"13436",2021,"OKEE",0,9,12,1
"13437",2021,"OKEE",1,13,12,1
"13438",2021,"OKEE",0,6,12,1
"13439",2021,"OKEE",0,4,12,1
"13440",2021,"OKEE",0,10,12,1
"13441",2021,"OKEE",0,3,12,1
"13442",2021,"OKEE",0,9,12,1
"13443",2021,"OKEE",1,8,12,1
"13444",2021,"OKEE",0,6,12,1
"13445",2021,"OKEE",0,4,12,1
"13446",2021,"OKEE",0,10,12,1
"13447",2021,"OKEE",0,3,12,1
"13448",2021,"OKEE",0,9,12,1
"13449",2021,"OKEE",1,8,12,1
"13450",2021,"OKEE",0,6,12,1
"13451",2021,"OKEE",0,4,12,1
"13452",2021,"OKEE",0,10,12,1
"13453",2021,"OKEE",0,3,12,1
"13454",2021,"OKEE",0,9,12,1
"13455",2021,"OKEE",1,8,12,1
"13456",2021,"OKEE",0,8,12,1
"13457",2021,"OKEE",0,5,12,1
"13458",2021,"OKEE",0,9,12,1
"13459",2021,"OKEE",1,8,12,1
"13460",2021,"OKEE",0,8,12,1
"13461",2021,"OKEE",0,5,12,1
"13462",2021,"OKEE",0,9,12,1
"13463",2021,"OKEE",0,8,12,1
"13464",2021,"OKEE",1,5,12,1
"13465",2021,"OKEE",1,8,12,1
"13466",2021,"OKEE",0,8,12,1
"13467",2021,"OKEE",0,8,12,1
"13468",2021,"OKEE",0,5,12,1
"13469",2021,"OKEE",0,10,12,1
"13470",2021,"OKEE",0,3,12,1
"13471",2021,"OKEE",0,9,12,1
"13472",2021,"OKEE",1,13,12,1
"13473",2021,"OKEE",0,10,12,1
"13474",2021,"OKEE",0,3,12,1
"13475",2021,"OKEE",0,9,12,1
"13476",2021,"OKEE",1,13,12,1
"13477",2021,"OKEE",1,10,12,1
"13478",2021,"OKEE",0,6,12,1
"13479",2021,"OKEE",1,6,12,1
"13480",2021,"OKEE",0,6,12,1
"13481",2021,"OKEE",0,6,12,1
"13482",2021,"OKEE",0,9,12,1
"13483",2021,"OKEE",1,10,12,1
"13484",2021,"OKEE",0,6,12,1
"13485",2021,"OKEE",0,6,12,1
"13486",2021,"OKEE",1,9,12,1
"13487",2021,"OKEE",0,4,12,1
"13488",2021,"OKEE",0,5,12,1
"13489",2021,"OKEE",0,9,12,1
"13490",2021,"OKEE",1,8,12,1
"13491",2021,"OKEE",0,7,12,1
"13492",2021,"OKEE",0,9,12,1
"13493",2021,"OKEE",0,6,12,1
"13494",2021,"OKEE",1,7,12,1
"13495",2021,"OKEE",0,8,12,1
"13496",2021,"OKEE",0,9,12,1
"13497",2021,"OKEE",1,10,12,1
"13498",2021,"OKEE",0,5,12,1
"13499",2021,"OKEE",0,9,12,1
"13500",2021,"OKEE",0,8,12,1
"13501",2021,"OKEE",1,5,12,1
"13502",2021,"OKEE",0,6,12,1
"13503",2021,"OKEE",0,9,12,1
"13504",2021,"OKEE",1,10,12,1
"13505",2021,"OKEE",0,3,12,1
"13506",2021,"OKEE",0,9,12,1
"13507",2021,"OKEE",1,8,12,1
"13508",2021,"OKEE",1,9,12,1
"13509",2021,"OKEE",0,9,12,1
"13510",2021,"OKEE",1,13,12,1
"13511",2021,"OKEE",0,9,12,1
"13512",2021,"OKEE",1,13,12,1
"13513",2021,"OKEE",1,9,12,1
"13514",2021,"OKEE",0,9,12,1
"13515",2021,"OKEE",0,7,12,1
"13516",2021,"OKEE",0,6,12,1
"13517",2021,"OKEE",0,8,12,1
"13518",2021,"OKEE",1,7,12,1
"13519",2021,"OKEE",1,9,12,1
"13520",2021,"OKEE",1,7,12,1
"13521",2021,"OKEE",0,9,12,1
"13522",2021,"OKEE",1,6,12,1
"13523",2021,"OKEE",0,7,12,1
"13524",2021,"OKEE",0,8,12,1
"13525",2021,"OKEE",0,8,12,1
"13526",2021,"OKEE",0,7,12,1
"13527",2021,"OKEE",1,6,12,1
"13528",2021,"OKEE",0,8,12,1
"13529",2021,"OKEE",0,8,12,1
"13530",2021,"OKEE",0,7,12,1
"13531",2021,"OKEE",0,6,12,1
"13532",2021,"OKEE",0,7,12,1
"13533",2021,"OKEE",1,8,12,1
"13534",2021,"OKEE",0,5,12,1
"13535",2021,"OKEE",0,6,12,1
"13536",2021,"OKEE",0,9,12,1
"13537",2021,"OKEE",0,4,12,1
"13538",2021,"OKEE",1,7,12,1
"13539",2021,"OKEE",0,9,12,1
"13540",2021,"OKEE",0,8,12,1
"13541",2021,"OKEE",0,5,12,1
"13542",2021,"OKEE",0,6,12,1
"13543",2021,"OKEE",0,9,12,1
"13544",2021,"OKEE",0,4,12,1
"13545",2021,"OKEE",0,14,12,1
"13546",2021,"OKEE",0,8,12,1
"13547",2021,"OKEE",0,5,12,1
"13548",2021,"OKEE",1,6,12,1
"13549",2021,"OKEE",0,8,12,1
"13550",2021,"OKEE",1,5,12,1
"13551",2021,"OKEE",0,8,12,1
"13552",2021,"OKEE",0,5,12,1
"13553",2021,"OKEE",1,6,12,1
"13554",2021,"OKEE",0,13,12,1
"13555",2021,"OKEE",0,6,12,1
"13556",2021,"OKEE",1,9,12,1
"13557",2021,"OKEE",0,5,12,1
"13558",2021,"OKEE",0,6,12,1
"13559",2021,"OKEE",0,9,12,1
"13560",2021,"OKEE",0,4,12,1
"13561",2021,"OKEE",0,14,12,1
"13562",2021,"OKEE",0,10,12,1
"13563",2021,"OKEE",0,5,12,1
"13564",2021,"OKEE",0,6,12,1
"13565",2021,"OKEE",0,9,12,1
"13566",2021,"OKEE",0,4,12,1
"13567",2021,"OKEE",0,14,12,1
"13568",2021,"OKEE",0,5,12,1
"13569",2021,"OKEE",0,6,12,1
"13570",2021,"OKEE",0,9,12,1
"13571",2021,"OKEE",0,4,12,1
"13572",2021,"OKEE",0,7,12,1
"13573",2021,"OKEE",0,7,12,1
"13574",2021,"OKEE",0,5,12,1
"13575",2021,"OKEE",0,15,12,1
"13576",2021,"OKEE",0,4,12,1
"13577",2021,"OKEE",0,7,12,1
"13578",2021,"OKEE",0,9,12,1
"13579",2021,"OKEE",0,18,12,1
"13580",2021,"OKEE",1,10,12,1
"13581",2021,"OKEE",1,6,12,1
"13582",2021,"OKEE",0,5,12,1
"13583",2021,"OKEE",0,6,12,1
"13584",2021,"OKEE",0,9,12,1
"13585",2021,"OKEE",0,4,12,1
"13586",2021,"OKEE",1,14,12,1
"13587",2021,"OKEE",0,5,12,1
"13588",2021,"OKEE",0,6,12,1
"13589",2021,"OKEE",0,9,12,1
"13590",2021,"OKEE",0,5,12,1
"13591",2021,"OKEE",0,8,12,1
"13592",2021,"OKEE",0,5,12,1
"13593",2021,"OKEE",0,13,12,1
"13594",2021,"OKEE",0,9,12,1
"13595",2021,"OKEE",0,8,12,1
"13596",2021,"OKEE",0,22,12,1
"13597",2021,"OKEE",0,7,12,1
"13598",2021,"OKEE",0,6,12,1
"13599",2021,"OKEE",0,8,12,1
"13600",2021,"OKEE",0,14,12,1
"13601",2021,"OKEE",1,13,12,1
"13602",2021,"OKEE",0,21,12,1
"13603",2021,"OKEE",0,12,12,1
"13604",2021,"OKEE",0,8,12,1
"13605",2021,"OKEE",0,21,12,1
"13606",2021,"OKEE",0,12,12,1
"13607",2021,"OKEE",0,8,12,1
"13608",2021,"OKEE",0,12,12,1
"13609",2021,"OKEE",0,8,12,1
"13610",2021,"OKEE",1,13,12,1
"13611",2021,"OKEE",0,12,12,1
"13612",2021,"OKEE",0,8,12,1
"13613",2021,"OKEE",0,13,12,1
"13614",2021,"OKEE",1,9,12,1
"13615",2021,"OKEE",0,12,12,1
"13616",2021,"OKEE",0,8,12,1
"13617",2021,"OKEE",0,13,12,1
"13618",2021,"OKEE",0,12,12,1
"13619",2021,"OKEE",0,8,12,1
"13620",2021,"OKEE",0,22,12,1
"13621",2021,"OKEE",1,6,12,1
"13622",2021,"OKEE",0,8,12,1
"13623",2021,"OKEE",0,13,12,1
"13624",2021,"OKEE",0,9,12,1
"13625",2021,"OKEE",0,13,12,1
"13626",2021,"OKEE",1,9,12,1
"13627",2021,"OKEE",0,13,12,1
"13628",2021,"OKEE",0,9,12,1
"13629",2021,"OKEE",0,8,12,1
"13630",2021,"OKEE",0,5,12,1
"13631",2021,"OKEE",0,6,12,1
"13632",2021,"OKEE",1,9,12,1
"13633",2021,"OKEE",0,13,12,1
"13634",2021,"OKEE",0,9,12,1
"13635",2021,"OKEE",0,8,12,1
"13636",2021,"OKEE",0,5,12,1
"13637",2021,"OKEE",0,6,12,1
"13638",2021,"OKEE",0,9,12,1
"13639",2021,"OKEE",0,9,12,1
"13640",2021,"OKEE",0,8,12,1
"13641",2021,"OKEE",0,5,12,1
"13642",2021,"OKEE",0,6,12,1
"13643",2021,"OKEE",0,9,12,1
"13644",2021,"OKEE",0,4,12,1
"13645",2021,"OKEE",0,7,12,1
"13646",2021,"OKEE",0,9,12,1
"13647",2021,"OKEE",0,8,12,1
"13648",2021,"OKEE",0,5,12,1
"13649",2021,"OKEE",0,6,12,1
"13650",2021,"OKEE",0,9,12,1
"13651",2021,"OKEE",0,4,12,1
"13652",2021,"OKEE",0,7,12,1
"13653",2021,"OKEE",0,9,12,1
"13654",2021,"OKEE",0,8,12,1
"13655",2021,"OKEE",0,8,12,1
"13656",2021,"OKEE",0,8,12,1
"13657",2021,"OKEE",0,13,12,1
"13658",2021,"OKEE",1,14,12,1
"13659",2021,"OKEE",1,17,12,1
"13660",2021,"OKEE",1,14,12,1
"13661",2021,"OKEE",0,14,12,1
"13662",2021,"OKEE",1,17,12,1
"13663",2021,"OKEE",0,17,12,1
"13664",2021,"OKEE",0,13,12,1
"13665",2021,"OKEE",0,14,12,1
"13666",2021,"OKEE",0,6,12,1
"13667",2021,"OKEE",1,17,12,1
"13668",2021,"OKEE",0,5,12,1
"13669",2021,"OKEE",0,6,12,1
"13670",2021,"OKEE",0,13,12,1
"13671",2021,"OKEE",0,14,12,1
"13672",2021,"OKEE",0,7,12,1
"13673",2021,"OKEE",0,4,12,1
"13674",2021,"OKEE",0,14,12,1
"13675",2021,"OKEE",0,17,12,1
"13676",2021,"OKEE",0,9,12,1
"13677",2021,"OKEE",0,4,12,1
"13678",2021,"OKEE",0,14,12,1
"13679",2021,"OKEE",1,10,12,1
"13680",2021,"OKEE",1,12,12,1
"13681",2021,"OKEE",0,6,12,1
"13682",2021,"OKEE",0,5,12,1
"13683",2021,"PP",1,18,3,1
"13684",2021,"PP",0,8,3,1
"13685",2021,"PP",0,7,3,1
"13686",2021,"PP",0,15,3,1
"13687",2021,"PP",0,7,3,1
"13688",2021,"PP",0,15,3,1
"13689",2021,"PP",0,15,3,1
"13690",2021,"PP",0,15,3,1
"13691",2021,"PP",0,7,3,1
"13692",2021,"PP",0,18,3,1
"13693",2021,"PP",0,16,3,1
"13694",2021,"PP",1,20,3,1
"13695",2021,"PP",0,15,3,1
"13696",2021,"PP",0,7,3,1
"13697",2021,"PP",0,18,3,1
"13698",2021,"PP",0,7,3,1
"13699",2021,"PP",1,18,3,1
"13700",2021,"PP",0,15,3,1
"13701",2021,"PP",0,7,3,1
"13702",2021,"PP",1,7,3,1
"13703",2021,"PP",0,18,3,1
"13704",2021,"PP",0,4,3,1
"13705",2021,"PP",1,12,3,1
"13706",2021,"PP",0,15,3,1
"13707",2021,"PP",1,7,3,1
"13708",2021,"PP",0,8,3,1
"13709",2021,"PP",0,7,3,1
"13710",2021,"PP",0,8,3,1
"13711",2021,"PP",0,16,3,1
"13712",2021,"PP",0,20,3,1
"13713",2021,"PP",1,23,3,1
"13714",2021,"PP",0,15,3,1
"13715",2021,"PP",0,7,3,1
"13716",2021,"PP",0,15,3,1
"13717",2021,"PP",0,7,3,1
"13718",2021,"PP",1,18,3,1
"13719",2021,"PP",0,15,3,1
"13720",2021,"PP",0,7,3,1
"13721",2021,"PP",1,18,3,1
"13722",2021,"PP",0,7,3,1
"13723",2021,"PP",1,18,3,1
"13724",2021,"PP",0,15,3,1
"13725",2021,"PP",1,7,3,1
"13726",2021,"PP",0,8,3,1
"13727",2021,"PP",1,7,3,1
"13728",2021,"PP",0,8,3,1
"13729",2021,"PP",1,7,3,1
"13730",2021,"PP",0,15,3,1
"13731",2021,"PP",0,7,3,1
"13732",2021,"PP",1,18,3,1
"13733",2021,"PP",1,15,3,1
"13734",2021,"PP",0,15,3,1
"13735",2021,"PP",1,18,3,1
"13736",2021,"PP",1,7,3,1
"13737",2021,"PP",0,15,3,1
"13738",2021,"PP",0,7,3,1
"13739",2021,"SJM",0,11,6,1
"13740",2021,"SJM",0,23,6,1
"13741",2021,"SJM",1,21,6,1
"13742",2021,"SJM",0,21,6,1
"13743",2021,"SJM",1,21,6,1
"13744",2021,"SJM",0,5,6,1
"13745",2021,"SJM",0,5,6,1
"13746",2021,"SJM",1,21,6,1
"13747",2021,"SJM",1,21,6,1
"13748",2021,"SJM",0,5,6,1
"13749",2021,"SJM",0,18,6,1
"13750",2021,"SJM",1,21,6,1
"13751",2021,"SJM",0,11,6,1
"13752",2021,"SJM",0,13,6,1
"13753",2021,"SJM",1,21,6,1
"13754",2021,"SJM",1,21,6,1
"13755",2021,"SJM",0,15,6,1
"13756",2021,"SJM",0,8,6,1
"13757",2021,"SJM",1,11,6,1
"13758",2021,"SJM",0,23,6,1
"13759",2021,"SJM",0,21,6,1
"13760",2021,"SJM",1,22,6,1
"13761",2021,"SJM",1,21,6,1
"13762",2021,"SJM",1,21,6,1
"13763",2021,"SJM",0,21,6,1
"13764",2021,"SJM",1,24,6,1
"13765",2021,"SJM",0,23,6,1
"13766",2021,"SJM",0,5,6,1
"13767",2021,"SJM",1,22,6,1
"13768",2021,"SJM",0,21,6,1
"13769",2021,"SJM",0,5,6,1
"13770",2021,"SJM",1,22,6,1
"13771",2021,"SJM",0,5,6,1
"13772",2021,"SJM",0,8,6,1
"13773",2021,"SJM",0,18,6,1
"13774",2021,"SJM",0,5,6,1
"13775",2022,"EAST",0,21,7,1
"13776",2022,"EAST",0,21,7,1
"13777",2022,"EAST",1,14,7,1
"13778",2022,"EAST",0,21,7,1
"13779",2022,"EAST",0,21,7,1
"13780",2022,"EAST",0,21,7,1
"13781",2022,"EAST",0,14,7,1
"13782",2022,"EAST",1,7,7,1
"13783",2022,"EAST",0,21,7,1
"13784",2022,"EAST",0,21,7,1
"13785",2022,"EAST",0,21,7,1
"13786",2022,"EAST",1,21,7,1
"13787",2022,"EAST",1,21,7,1
"13788",2022,"EAST",0,21,7,1
"13789",2022,"EAST",0,21,7,1
"13790",2022,"EAST",0,21,7,1
"13791",2022,"EAST",0,21,7,1
"13792",2022,"EAST",0,14,7,1
"13793",2022,"EAST",1,21,7,1
"13794",2022,"EAST",0,21,7,1
"13795",2022,"EAST",0,8,7,1
"13796",2022,"EAST",0,13,7,1
"13797",2022,"EAST",0,21,7,1
"13798",2022,"EAST",0,8,7,1
"13799",2022,"EAST",0,13,7,1
"13800",2022,"EAST",0,7,7,1
"13801",2022,"EAST",0,21,7,1
"13802",2022,"EAST",0,14,7,1
"13803",2022,"EAST",1,21,7,1
"13804",2022,"EAST",1,21,7,1
"13805",2022,"EVER",1,19,10,1
"13806",2022,"EVER",0,21,10,1
"13807",2022,"KRV",0,23,18,1
"13808",2022,"KRV",1,20,18,1
"13809",2022,"KRV",1,21,18,1
"13810",2022,"KRV",1,21,18,1
"13811",2022,"KRV",1,21,18,1
"13812",2022,"KRV",1,21,18,1
"13813",2022,"KRV",1,21,18,1
"13814",2022,"KRV",1,21,18,1
"13815",2022,"KRV",1,19,18,1
"13816",2022,"KRV",0,19,18,1
"13817",2022,"KRV",0,23,18,1
"13818",2022,"KRV",1,19,18,1
"13819",2022,"KRV",1,23,18,1
"13820",2022,"KRV",1,20,18,1
"13821",2022,"KRV",0,20,18,1
"13822",2022,"KRV",1,12,18,1
"13823",2022,"KRV",0,19,18,1
"13824",2022,"KRV",0,21,18,1
"13825",2022,"KRV",1,19,18,1
"13826",2022,"KRV",1,19,18,1
"13827",2022,"KRV",1,19,18,1
"13828",2022,"KRV",0,20,18,1
"13829",2022,"KRV",1,21,18,1
"13830",2022,"KRV",0,20,18,1
"13831",2022,"KRV",1,21,18,1
"13832",2022,"KRV",1,20,18,1
"13833",2022,"KRV",0,19,18,1
"13834",2022,"KRV",0,21,18,1
"13835",2022,"KRV",0,21,18,1
"13836",2022,"KRV",0,9,18,1
"13837",2022,"KRV",0,14,18,1
"13838",2022,"KRV",1,21,18,1
"13839",2022,"KRV",0,14,18,1
"13840",2022,"KRV",1,21,18,1
"13841",2022,"KRV",0,14,18,1
"13842",2022,"KRV",1,21,18,1
"13843",2022,"KRV",0,14,18,1
"13844",2022,"KRV",1,21,18,1
"13845",2022,"KRV",0,28,18,1
"13846",2022,"KRV",1,21,18,1
"13847",2022,"KRV",0,14,18,1
"13848",2022,"KRV",1,14,18,1
"13849",2022,"KRV",0,28,18,1
"13850",2022,"KRV",0,15,18,1
"13851",2022,"KRV",1,9,18,1
"13852",2022,"KRV",0,14,18,1
"13853",2022,"KRV",1,21,18,1
"13854",2022,"KRV",0,14,18,1
"13855",2022,"KRV",1,21,18,1
"13856",2022,"KRV",0,14,18,1
"13857",2022,"KRV",1,21,18,1
"13858",2022,"KRV",0,14,18,1
"13859",2022,"KRV",0,14,18,1
"13860",2022,"KRV",0,28,18,1
"13861",2022,"KRV",1,14,18,1
"13862",2022,"KRV",0,14,18,1
"13863",2022,"KRV",0,10,18,1
"13864",2022,"KRV",0,4,18,1
"13865",2022,"KRV",0,14,18,1
"13866",2022,"KRV",0,10,18,1
"13867",2022,"KRV",0,11,18,1
"13868",2022,"KRV",1,14,18,1
"13869",2022,"KRV",0,14,18,1
"13870",2022,"KRV",1,21,18,1
"13871",2022,"KRV",0,14,18,1
"13872",2022,"KRV",0,21,18,1
"13873",2022,"KRV",1,21,18,1
"13874",2022,"KRV",1,17,18,1
"13875",2022,"KRV",1,14,18,1
"13876",2022,"KRV",1,21,18,1
"13877",2022,"KRV",0,14,18,1
"13878",2022,"KRV",0,7,18,1
"13879",2022,"KRV",1,25,18,1
"13880",2022,"KRV",0,11,18,1
"13881",2022,"KRV",1,20,18,1
"13882",2022,"KRV",0,22,18,1
"13883",2022,"KRV",0,21,18,1
"13884",2022,"KRV",0,16,18,1
"13885",2022,"KRV",1,14,18,1
"13886",2022,"KRV",0,14,18,1
"13887",2022,"KRV",0,10,18,1
"13888",2022,"KRV",0,11,18,1
"13889",2022,"KRV",1,14,18,1
"13890",2022,"KRV",0,14,18,1
"13891",2022,"KRV",0,10,18,1
"13892",2022,"KRV",0,11,18,1
"13893",2022,"KRV",0,14,18,1
"13894",2022,"KRV",0,10,18,1
"13895",2022,"KRV",0,4,18,1
"13896",2022,"KRV",0,14,18,1
"13897",2022,"KRV",0,21,18,1
"13898",2022,"KRV",0,9,18,1
"13899",2022,"KRV",0,10,18,1
"13900",2022,"KRV",0,4,18,1
"13901",2022,"KRV",0,21,18,1
"13902",2022,"KRV",1,17,18,1
"13903",2022,"KRV",0,21,18,1
"13904",2022,"KRV",0,17,18,1
"13905",2022,"KRV",0,21,18,1
"13906",2022,"KRV",0,14,18,1
"13907",2022,"KRV",1,17,18,1
"13908",2022,"KRV",1,17,18,1
"13909",2022,"KRV",0,17,18,1
"13910",2022,"KRV",0,21,18,1
"13911",2022,"KRV",1,14,18,1
"13912",2022,"KRV",0,17,18,1
"13913",2022,"KRV",1,17,18,1
"13914",2022,"KRV",0,21,18,1
"13915",2022,"KRV",0,21,18,1
"13916",2022,"KRV",0,22,18,1
"13917",2022,"KRV",1,14,18,1
"13918",2022,"KRV",0,21,18,1
"13919",2022,"KRV",0,9,18,1
"13920",2022,"KRV",0,12,18,1
"13921",2022,"KRV",1,21,18,1
"13922",2022,"KRV",1,21,18,1
"13923",2022,"KRV",0,21,18,1
"13924",2022,"KRV",0,18,18,1
"13925",2022,"KRV",0,21,18,1
"13926",2022,"KRV",0,16,18,1
"13927",2022,"KRV",0,5,18,1
"13928",2022,"KRV",0,16,18,1
"13929",2022,"KRV",1,5,18,1
"13930",2022,"KRV",0,16,18,1
"13931",2022,"KRV",1,5,18,1
"13932",2022,"KRV",1,21,18,1
"13933",2022,"KRV",0,22,18,1
"13934",2022,"KRV",1,18,18,1
"13935",2022,"KRV",1,22,18,1
"13936",2022,"KRV",0,22,18,1
"13937",2022,"KRV",1,18,18,1
"13938",2022,"KRV",0,22,18,1
"13939",2022,"KRV",1,18,18,1
"13940",2022,"KRV",1,22,18,1
"13941",2022,"KRV",1,22,18,1
"13942",2022,"KRV",1,22,18,1
"13943",2022,"KRV",1,22,18,1
"13944",2022,"KRV",1,22,18,1
"13945",2022,"KRV",1,22,18,1
"13946",2022,"KRV",0,22,18,1
"13947",2022,"KRV",1,18,18,1
"13948",2022,"KRV",1,22,18,1
"13949",2022,"KRV",1,22,18,1
"13950",2022,"KRV",1,19,18,1
"13951",2022,"KRV",0,19,18,1
"13952",2022,"KRV",0,12,18,1
"13953",2022,"KRV",1,21,18,1
"13954",2022,"KRV",1,18,18,1
"13955",2022,"KRV",1,18,18,1
"13956",2022,"KRV",0,14,18,1
"13957",2022,"KRV",1,21,18,1
"13958",2022,"KRV",1,14,18,1
"13959",2022,"KRV",0,14,18,1
"13960",2022,"KRV",1,21,18,1
"13961",2022,"KRV",0,10,18,1
"13962",2022,"KRV",0,4,18,1
"13963",2022,"KRV",1,7,18,1
"13964",2022,"KRV",0,21,18,1
"13965",2022,"KRV",0,21,18,1
"13966",2022,"KRV",0,18,18,1
"13967",2022,"KRV",0,2,18,1
"13968",2022,"KRV",0,10,18,1
"13969",2022,"KRV",0,21,18,1
"13970",2022,"KRV",0,21,18,1
"13971",2022,"OKEE",1,21,13,1
"13972",2022,"OKEE",1,11,13,1
"13973",2022,"OKEE",1,21,13,1
"13974",2022,"OKEE",0,21,13,1
"13975",2022,"OKEE",0,21,13,1
"13976",2022,"OKEE",0,10,13,1
"13977",2022,"OKEE",0,10,13,1
"13978",2022,"OKEE",1,21,13,1
"13979",2022,"OKEE",0,20,13,1
"13980",2022,"OKEE",0,21,13,1
"13981",2022,"OKEE",1,21,13,1
"13982",2022,"OKEE",0,11,13,1
"13983",2022,"OKEE",0,21,13,1
"13984",2022,"OKEE",0,21,13,1
"13985",2022,"OKEE",1,11,13,1
"13986",2022,"OKEE",0,13,13,1
"13987",2022,"OKEE",0,17,13,1
"13988",2022,"OKEE",0,21,13,1
"13989",2022,"OKEE",1,14,13,1
"13990",2022,"OKEE",0,10,13,1
"13991",2022,"OKEE",0,20,13,1
"13992",2022,"OKEE",0,11,13,1
"13993",2022,"OKEE",0,20,13,1
"13994",2022,"OKEE",1,21,13,1
"13995",2022,"OKEE",1,20,13,1
"13996",2022,"OKEE",0,21,13,1
"13997",2022,"OKEE",0,10,13,1
"13998",2022,"OKEE",0,14,13,1
"13999",2022,"OKEE",1,22,13,1
"14000",2022,"OKEE",1,21,13,1
"14001",2022,"OKEE",0,22,13,1
"14002",2022,"OKEE",0,14,13,1
"14003",2022,"OKEE",1,11,13,1
"14004",2022,"OKEE",1,11,13,1
"14005",2022,"OKEE",0,13,13,1
"14006",2022,"OKEE",0,17,13,1
"14007",2022,"OKEE",0,11,13,1
"14008",2022,"OKEE",0,13,13,1
"14009",2022,"OKEE",1,20,13,1
"14010",2022,"OKEE",0,20,13,1
"14011",2022,"OKEE",0,21,13,1
"14012",2022,"OKEE",0,8,13,1
"14013",2022,"OKEE",0,7,13,1
"14014",2022,"OKEE",0,6,13,1
"14015",2022,"OKEE",0,7,13,1
"14016",2022,"OKEE",0,22,13,1
"14017",2022,"OKEE",0,22,13,1
"14018",2022,"OKEE",0,14,13,1
"14019",2022,"OKEE",0,13,13,1
"14020",2022,"OKEE",0,17,13,1
"14021",2022,"OKEE",0,11,13,1
"14022",2022,"OKEE",0,22,13,1
"14023",2022,"OKEE",0,14,13,1
"14024",2022,"OKEE",1,14,13,1
"14025",2022,"OKEE",0,21,13,1
"14026",2022,"OKEE",1,21,13,1
"14027",2022,"OKEE",0,21,13,1
"14028",2022,"OKEE",0,21,13,1
"14029",2022,"OKEE",0,8,13,1
"14030",2022,"OKEE",0,7,13,1
"14031",2022,"OKEE",1,10,13,1
"14032",2022,"OKEE",0,9,13,1
"14033",2022,"OKEE",0,4,13,1
"14034",2022,"OKEE",0,9,13,1
"14035",2022,"OKEE",0,6,13,1
"14036",2022,"OKEE",0,21,13,1
"14037",2022,"OKEE",0,21,13,1
"14038",2022,"OKEE",0,20,13,1
"14039",2022,"OKEE",0,9,13,1
"14040",2022,"OKEE",0,4,13,1
"14041",2022,"OKEE",0,9,13,1
"14042",2022,"OKEE",0,7,13,1
"14043",2022,"OKEE",0,8,13,1
"14044",2022,"OKEE",0,5,13,1
"14045",2022,"OKEE",0,3,13,1
"14046",2022,"OKEE",0,8,13,1
"14047",2022,"OKEE",1,9,13,1
"14048",2022,"OKEE",0,8,13,1
"14049",2022,"OKEE",0,5,13,1
"14050",2022,"OKEE",1,9,13,1
"14051",2022,"OKEE",1,9,13,1
"14052",2022,"OKEE",0,9,13,1
"14053",2022,"OKEE",0,4,13,1
"14054",2022,"OKEE",0,9,13,1
"14055",2022,"OKEE",1,7,13,1
"14056",2022,"OKEE",0,5,13,1
"14057",2022,"OKEE",0,9,13,1
"14058",2022,"OKEE",0,6,13,1
"14059",2022,"OKEE",0,7,13,1
"14060",2022,"OKEE",0,8,13,1
"14061",2022,"OKEE",0,7,13,1
"14062",2022,"OKEE",0,6,13,1
"14063",2022,"OKEE",0,9,13,1
"14064",2022,"OKEE",0,6,13,1
"14065",2022,"OKEE",0,7,13,1
"14066",2022,"OKEE",0,8,13,1
"14067",2022,"OKEE",0,7,13,1
"14068",2022,"OKEE",0,6,13,1
"14069",2022,"OKEE",1,21,13,1
"14070",2022,"OKEE",0,21,13,1
"14071",2022,"OKEE",0,10,13,1
"14072",2022,"OKEE",0,21,13,1
"14073",2022,"OKEE",0,21,13,1
"14074",2022,"OKEE",0,22,13,1
"14075",2022,"OKEE",0,21,13,1
"14076",2022,"OKEE",0,10,13,1
"14077",2022,"OKEE",0,11,13,1
"14078",2022,"OKEE",1,6,13,1
"14079",2022,"OKEE",0,6,13,1
"14080",2022,"OKEE",0,7,13,1
"14081",2022,"OKEE",0,8,13,1
"14082",2022,"OKEE",0,7,13,1
"14083",2022,"OKEE",1,14,13,1
"14084",2022,"OKEE",0,6,13,1
"14085",2022,"OKEE",1,7,13,1
"14086",2022,"OKEE",0,7,13,1
"14087",2022,"OKEE",1,8,13,1
"14088",2022,"OKEE",0,7,13,1
"14089",2022,"OKEE",0,5,13,1
"14090",2022,"OKEE",0,7,13,1
"14091",2022,"OKEE",1,8,13,1
"14092",2022,"OKEE",0,7,13,1
"14093",2022,"OKEE",1,8,13,1
"14094",2022,"OKEE",0,7,13,1
"14095",2022,"OKEE",0,8,13,1
"14096",2022,"OKEE",0,7,13,1
"14097",2022,"OKEE",0,6,13,1
"14098",2022,"OKEE",0,8,13,1
"14099",2022,"OKEE",0,7,13,1
"14100",2022,"OKEE",0,6,13,1
"14101",2022,"OKEE",0,7,13,1
"14102",2022,"OKEE",0,4,13,1
"14103",2022,"OKEE",0,2,13,1
"14104",2022,"OKEE",0,2,13,1
"14105",2022,"OKEE",0,10,13,1
"14106",2022,"OKEE",0,4,13,1
"14107",2022,"OKEE",0,8,13,1
"14108",2022,"OKEE",0,7,13,1
"14109",2022,"OKEE",0,9,13,1
"14110",2022,"OKEE",0,6,13,1
"14111",2022,"OKEE",0,7,13,1
"14112",2022,"OKEE",0,8,13,1
"14113",2022,"OKEE",0,7,13,1
"14114",2022,"OKEE",0,6,13,1
"14115",2022,"OKEE",0,8,13,1
"14116",2022,"OKEE",0,5,13,1
"14117",2022,"OKEE",0,7,13,1
"14118",2022,"OKEE",0,6,13,1
"14119",2022,"OKEE",0,7,13,1
"14120",2022,"OKEE",0,4,13,1
"14121",2022,"OKEE",0,4,13,1
"14122",2022,"OKEE",0,3,13,1
"14123",2022,"OKEE",0,10,13,1
"14124",2022,"OKEE",0,4,13,1
"14125",2022,"OKEE",0,8,13,1
"14126",2022,"OKEE",0,7,13,1
"14127",2022,"OKEE",0,6,13,1
"14128",2022,"OKEE",0,7,13,1
"14129",2022,"OKEE",0,4,13,1
"14130",2022,"OKEE",0,4,13,1
"14131",2022,"OKEE",0,3,13,1
"14132",2022,"OKEE",0,10,13,1
"14133",2022,"OKEE",0,4,13,1
"14134",2022,"OKEE",1,3,13,1
"14135",2022,"OKEE",0,8,13,1
"14136",2022,"OKEE",0,6,13,1
"14137",2022,"OKEE",0,10,13,1
"14138",2022,"OKEE",0,4,13,1
"14139",2022,"OKEE",1,8,13,1
"14140",2022,"OKEE",0,8,13,1
"14141",2022,"OKEE",1,6,13,1
"14142",2022,"OKEE",1,8,13,1
"14143",2022,"OKEE",1,7,13,1
"14144",2022,"OKEE",0,6,13,1
"14145",2022,"OKEE",0,7,13,1
"14146",2022,"OKEE",0,6,13,1
"14147",2022,"OKEE",0,5,13,1
"14148",2022,"OKEE",0,8,13,1
"14149",2022,"OKEE",0,6,13,1
"14150",2022,"OKEE",0,7,13,1
"14151",2022,"OKEE",0,4,13,1
"14152",2022,"OKEE",0,2,13,1
"14153",2022,"OKEE",0,2,13,1
"14154",2022,"OKEE",0,10,13,1
"14155",2022,"OKEE",0,4,13,1
"14156",2022,"OKEE",0,8,13,1
"14157",2022,"OKEE",0,7,13,1
"14158",2022,"OKEE",0,5,13,1
"14159",2022,"OKEE",0,8,13,1
"14160",2022,"OKEE",0,21,13,1
"14161",2022,"OKEE",1,8,13,1
"14162",2022,"OKEE",0,8,13,1
"14163",2022,"OKEE",1,6,13,1
"14164",2022,"OKEE",0,8,13,1
"14165",2022,"OKEE",1,6,13,1
"14166",2022,"OKEE",1,8,13,1
"14167",2022,"OKEE",0,8,13,1
"14168",2022,"OKEE",0,6,13,1
"14169",2022,"OKEE",0,10,13,1
"14170",2022,"OKEE",0,4,13,1
"14171",2022,"OKEE",0,8,13,1
"14172",2022,"OKEE",0,7,13,1
"14173",2022,"OKEE",0,6,13,1
"14174",2022,"OKEE",0,5,13,1
"14175",2022,"OKEE",1,9,13,1
"14176",2022,"OKEE",1,9,13,1
"14177",2022,"OKEE",0,10,13,1
"14178",2022,"OKEE",0,4,13,1
"14179",2022,"OKEE",0,9,13,1
"14180",2022,"OKEE",0,4,13,1
"14181",2022,"OKEE",0,8,13,1
"14182",2022,"OKEE",0,5,13,1
"14183",2022,"OKEE",0,9,13,1
"14184",2022,"OKEE",0,6,13,1
"14185",2022,"OKEE",1,10,13,1
"14186",2022,"OKEE",0,6,13,1
"14187",2022,"OKEE",0,10,13,1
"14188",2022,"OKEE",0,4,13,1
"14189",2022,"OKEE",0,8,13,1
"14190",2022,"OKEE",1,7,13,1
"14191",2022,"OKEE",1,6,13,1
"14192",2022,"OKEE",1,9,13,1
"14193",2022,"OKEE",0,9,13,1
"14194",2022,"OKEE",0,4,13,1
"14195",2022,"OKEE",0,8,13,1
"14196",2022,"OKEE",0,5,13,1
"14197",2022,"OKEE",0,6,13,1
"14198",2022,"OKEE",0,7,13,1
"14199",2022,"OKEE",0,5,13,1
"14200",2022,"OKEE",0,3,13,1
"14201",2022,"OKEE",0,9,13,1
"14202",2022,"OKEE",0,4,13,1
"14203",2022,"OKEE",0,8,13,1
"14204",2022,"OKEE",0,5,13,1
"14205",2022,"OKEE",0,4,13,1
"14206",2022,"OKEE",1,9,13,1
"14207",2022,"OKEE",0,8,13,1
"14208",2022,"OKEE",0,9,13,1
"14209",2022,"OKEE",0,4,13,1
"14210",2022,"OKEE",1,9,13,1
"14211",2022,"OKEE",0,9,13,1
"14212",2022,"OKEE",0,4,13,1
"14213",2022,"OKEE",0,8,13,1
"14214",2022,"OKEE",1,20,13,1
"14215",2022,"OKEE",0,5,13,1
"14216",2022,"OKEE",0,7,13,1
"14217",2022,"OKEE",0,9,13,1
"14218",2022,"OKEE",0,21,13,1
"14219",2022,"OKEE",0,9,13,1
"14220",2022,"OKEE",0,8,13,1
"14221",2022,"PP",0,21,4,1
"14222",2022,"PP",0,7,4,1
"14223",2022,"PP",0,7,4,1
"14224",2022,"PP",0,21,4,1
"14225",2022,"PP",0,7,4,1
"14226",2022,"PP",1,7,4,1
"14227",2022,"PP",0,7,4,1
"14228",2022,"PP",1,23,4,1
"14229",2022,"PP",0,6,4,1
"14230",2022,"PP",1,14,4,1
"14231",2022,"PP",0,21,4,1
"14232",2022,"PP",0,6,4,1
"14233",2022,"PP",0,23,4,1
"14234",2022,"PP",0,14,4,1
"14235",2022,"PP",0,7,4,1
"14236",2022,"PP",0,6,4,1
"14237",2022,"PP",0,23,4,1
"14238",2022,"PP",0,14,4,1
"14239",2022,"PP",0,7,4,1
"14240",2022,"PP",0,6,4,1
"14241",2022,"PP",1,23,4,1
"14242",2022,"PP",0,23,4,1
"14243",2022,"PP",0,14,4,1
"14244",2022,"PP",0,7,4,1
"14245",2022,"PP",1,23,4,1
"14246",2022,"PP",0,23,4,1
"14247",2022,"PP",0,14,4,1
"14248",2022,"PP",0,7,4,1
"14249",2022,"PP",0,23,4,1
"14250",2022,"PP",0,21,4,1
"14251",2022,"PP",0,7,4,1
"14252",2022,"PP",0,7,4,1
"14253",2022,"PP",0,23,4,1
"14254",2022,"PP",0,14,4,1
"14255",2022,"PP",0,21,4,1
"14256",2022,"PP",0,13,4,1
"14257",2022,"PP",0,7,4,1
"14258",2022,"PP",0,6,4,1
"14259",2022,"PP",0,21,4,1
"14260",2022,"PP",0,13,4,1
"14261",2022,"PP",0,7,4,1
"14262",2022,"PP",0,21,4,1
"14263",2022,"PP",1,13,4,1
"14264",2022,"PP",0,21,4,1
"14265",2022,"PP",0,13,4,1
"14266",2022,"PP",0,7,4,1
"14267",2022,"PP",0,6,4,1
"14268",2022,"PP",0,21,4,1
"14269",2022,"PP",0,13,4,1
"14270",2022,"PP",0,6,4,1
"14271",2022,"PP",0,23,4,1
"14272",2022,"PP",1,21,4,1
"14273",2022,"PP",1,6,4,1
"14274",2022,"PP",0,6,4,1
"14275",2022,"PP",0,23,4,1
"14276",2022,"PP",0,14,4,1
"14277",2022,"PP",0,6,4,1
"14278",2022,"PP",1,23,4,1
"14279",2022,"PP",0,23,4,1
"14280",2022,"PP",0,7,4,1
"14281",2022,"PP",0,7,4,1
"14282",2022,"PP",0,21,4,1
"14283",2022,"PP",0,14,4,1
"14284",2022,"PP",0,7,4,1
"14285",2022,"PP",0,21,4,1
"14286",2022,"PP",0,21,4,1
"14287",2022,"PP",1,21,4,1
"14288",2022,"PP",0,21,4,1
"14289",2022,"PP",0,21,4,1
"14290",2022,"PP",0,7,4,1
"14291",2022,"PP",0,6,4,1
"14292",2022,"PP",0,21,4,1
"14293",2022,"PP",0,7,4,1
"14294",2022,"PP",0,7,4,1
"14295",2022,"PP",0,21,4,1
"14296",2022,"PP",0,7,4,1
"14297",2022,"PP",1,6,4,1
"14298",2022,"PP",0,1,4,1
"14299",2022,"PP",0,21,4,1
"14300",2022,"PP",1,21,4,1
"14301",2022,"PP",1,21,4,1
"14302",2022,"PP",0,21,4,1
"14303",2022,"PP",0,7,4,1
"14304",2022,"PP",0,6,4,1
"14305",2022,"PP",0,14,4,1
"14306",2022,"PP",0,7,4,1
"14307",2022,"PP",0,21,4,1
"14308",2022,"PP",1,21,4,1
"14309",2022,"PP",0,21,4,1
"14310",2022,"PP",0,21,4,1
"14311",2022,"PP",0,6,4,1
"14312",2022,"PP",0,7,4,1
"14313",2022,"PP",1,21,4,1
"14314",2022,"PP",0,21,4,1
"14315",2022,"PP",1,21,4,1
"14316",2022,"PP",0,21,4,1
"14317",2022,"PP",0,21,4,1
"14318",2022,"PP",1,21,4,1
"14319",2022,"PP",0,21,4,1
"14320",2022,"PP",0,21,4,1
"14321",2022,"PP",0,21,4,1
"14322",2022,"PP",0,21,4,1
"14323",2022,"PP",0,6,4,1
"14324",2022,"PP",0,7,4,1
"14325",2022,"PP",1,21,4,1
"14326",2022,"PP",0,21,4,1
"14327",2022,"PP",0,21,4,1
"14328",2022,"PP",1,21,4,1
"14329",2022,"PP",1,21,4,1
"14330",2022,"PP",1,21,4,1
"14331",2022,"PP",0,21,4,1
"14332",2022,"PP",0,21,4,1
"14333",2022,"PP",1,6,4,1
"14334",2022,"PP",1,21,4,1
"14335",2022,"PP",0,21,4,1
"14336",2022,"PP",0,21,4,1
"14337",2022,"PP",0,6,4,1
"14338",2022,"PP",0,21,4,1
"14339",2022,"PP",0,21,4,1
"14340",2022,"PP",0,6,4,1
"14341",2022,"PP",0,7,4,1
"14342",2022,"PP",0,21,4,1
"14343",2022,"PP",0,21,4,1
"14344",2022,"PP",1,6,4,1
"14345",2022,"PP",0,21,4,1
"14346",2022,"PP",0,21,4,1
"14347",2022,"PP",0,6,4,1
"14348",2022,"PP",0,21,4,1
"14349",2022,"PP",0,21,4,1
"14350",2022,"PP",0,6,4,1
"14351",2022,"PP",0,21,4,1
"14352",2022,"PP",0,21,4,1
"14353",2022,"PP",0,6,4,1
"14354",2022,"PP",0,21,4,1
"14355",2022,"PP",1,21,4,1
"14356",2022,"PP",0,21,4,1
"14357",2022,"PP",0,6,4,1
"14358",2022,"PP",1,7,4,1
"14359",2022,"PP",0,21,4,1
"14360",2022,"PP",0,21,4,1
"14361",2022,"PP",0,6,4,1
"14362",2022,"PP",0,7,4,1
"14363",2022,"PP",1,21,4,1
"14364",2022,"PP",0,21,4,1
"14365",2022,"PP",0,21,4,1
"14366",2022,"PP",0,6,4,1
"14367",2022,"PP",1,21,4,1
"14368",2022,"PP",1,21,4,1
"14369",2022,"PP",0,21,4,1
"14370",2022,"PP",0,21,4,1
"14371",2022,"PP",0,6,4,1
"14372",2022,"PP",0,21,4,1
"14373",2022,"PP",0,21,4,1
"14374",2022,"PP",0,6,4,1
"14375",2022,"PP",0,7,4,1
"14376",2022,"PP",0,7,4,1
"14377",2022,"PP",0,6,4,1
"14378",2022,"PP",0,13,4,1
"14379",2022,"PP",0,13,4,1
"14380",2022,"PP",1,7,4,1
"14381",2022,"PP",0,13,4,1
"14382",2022,"PP",1,13,4,1
"14383",2022,"PP",0,13,4,1
"14384",2022,"PP",0,13,4,1
"14385",2022,"PP",0,7,4,1
"14386",2022,"PP",0,10,4,1
"14387",2022,"PP",0,13,4,1
"14388",2022,"PP",0,7,4,1
"14389",2022,"PP",0,13,4,1
"14390",2022,"PP",0,7,4,1
"14391",2022,"PP",1,21,4,1
"14392",2022,"PP",0,21,4,1
"14393",2022,"PP",0,6,4,1
"14394",2022,"PP",0,10,4,1
"14395",2022,"PP",1,21,4,1
"14396",2022,"PP",0,21,4,1
"14397",2022,"PP",0,6,4,1
"14398",2022,"PP",0,10,4,1
"14399",2022,"PP",0,26,4,1
"14400",2022,"PP",1,21,4,1
"14401",2022,"PP",0,26,4,1
"14402",2022,"PP",1,21,4,1
"14403",2022,"PP",1,26,4,1
"14404",2022,"PP",0,26,4,1
"14405",2022,"PP",0,21,4,1
"14406",2022,"PP",0,6,4,1
"14407",2022,"PP",1,23,4,1
"14408",2022,"PP",1,26,4,1
"14409",2022,"PP",1,26,4,1
"14410",2022,"PP",0,26,4,1
"14411",2022,"PP",1,21,4,1
"14412",2022,"PP",0,7,4,1
"14413",2022,"PP",0,13,4,1
"14414",2022,"PP",0,15,4,1
"14415",2022,"PP",0,7,4,1
"14416",2022,"PP",0,13,4,1
"14417",2022,"PP",1,15,4,1
"14418",2022,"PP",0,13,4,1
"14419",2022,"PP",0,7,4,1
"14420",2022,"PP",0,13,4,1
"14421",2022,"PP",1,15,4,1
"14422",2022,"PP",0,13,4,1
"14423",2022,"PP",0,7,4,1
"14424",2022,"PP",0,8,4,1
"14425",2022,"PP",0,13,4,1
"14426",2022,"PP",0,15,4,1
"14427",2022,"PP",0,7,4,1
"14428",2022,"PP",0,13,4,1
"14429",2022,"PP",0,15,4,1
"14430",2022,"PP",0,13,4,1
"14431",2022,"PP",0,6,4,1
"14432",2022,"PP",0,7,4,1
"14433",2022,"PP",0,13,4,1
"14434",2022,"PP",0,15,4,1
"14435",2022,"PP",0,13,4,1
"14436",2022,"PP",0,6,4,1
"14437",2022,"PP",0,13,4,1
"14438",2022,"PP",0,15,4,1
"14439",2022,"PP",0,7,4,1
"14440",2022,"PP",0,13,4,1
"14441",2022,"PP",0,7,4,1
"14442",2022,"PP",0,10,4,1
"14443",2022,"PP",0,13,4,1
"14444",2022,"PP",0,7,4,1
"14445",2022,"PP",0,13,4,1
"14446",2022,"PP",0,17,4,1
"14447",2022,"PP",0,5,4,1
"14448",2022,"PP",0,6,4,1
"14449",2022,"PP",0,8,4,1
"14450",2022,"PP",0,5,4,1
"14451",2022,"PP",0,5,4,1
"14452",2022,"PP",0,7,4,1
"14453",2022,"PP",0,10,4,1
"14454",2022,"PP",0,17,4,1
"14455",2022,"PP",0,5,4,1
"14456",2022,"PP",1,17,4,1
"14457",2022,"PP",0,17,4,1
"14458",2022,"PP",0,19,4,1
"14459",2022,"PP",0,19,4,1
"14460",2022,"PP",0,7,4,1
"14461",2022,"PP",0,19,4,1
"14462",2022,"PP",0,7,4,1
"14463",2022,"PP",0,23,4,1
"14464",2022,"PP",0,21,4,1
"14465",2022,"PP",0,21,4,1
"14466",2022,"PP",1,21,4,1
"14467",2022,"PP",0,23,4,1
"14468",2022,"PP",1,14,4,1
"14469",2022,"PP",0,23,4,1
"14470",2022,"PP",0,7,4,1
"14471",2022,"PP",1,7,4,1
"14472",2022,"PP",0,23,4,1
"14473",2022,"PP",1,21,4,1
"14474",2022,"PP",0,14,4,1
"14475",2022,"PP",0,9,4,1
"14476",2022,"PP",0,7,4,1
"14477",2022,"PP",0,23,4,1
"14478",2022,"PP",0,14,4,1
"14479",2022,"PP",0,7,4,1
"14480",2022,"PP",0,23,4,1
"14481",2022,"PP",1,14,4,1
"14482",2022,"PP",0,23,4,1
"14483",2022,"PP",0,14,4,1
"14484",2022,"PP",0,7,4,1
"14485",2022,"PP",0,7,4,1
"14486",2022,"PP",0,21,4,1
"14487",2022,"PP",0,14,4,1
"14488",2022,"PP",0,7,4,1
"14489",2022,"PP",1,21,4,1
"14490",2022,"PP",0,21,4,1
"14491",2022,"PP",0,21,4,1
"14492",2022,"PP",1,21,4,1
"14493",2022,"PP",1,21,4,1
"14494",2022,"PP",0,7,4,1
"14495",2022,"PP",0,7,4,1
"14496",2022,"PP",0,21,4,1
"14497",2022,"PP",1,13,4,1
"14498",2022,"PP",0,21,4,1
"14499",2022,"PP",0,7,4,1
"14500",2022,"PP",0,6,4,1
"14501",2022,"PP",0,21,4,1
"14502",2022,"PP",0,21,4,1
"14503",2022,"PP",0,6,4,1
"14504",2022,"PP",0,21,4,1
"14505",2022,"PP",0,13,4,1
"14506",2022,"PP",0,8,4,1
"14507",2022,"PP",1,21,4,1
"14508",2022,"PP",0,21,4,1
"14509",2022,"PP",0,14,4,1
"14510",2022,"PP",0,7,4,1
"14511",2022,"PP",0,21,4,1
"14512",2022,"PP",0,7,4,1
"14513",2022,"PP",0,7,4,1
"14514",2022,"PP",0,21,4,1
"14515",2022,"PP",1,7,4,1
"14516",2022,"PP",0,14,4,1
"14517",2022,"PP",0,7,4,1
"14518",2022,"PP",0,21,4,1
"14519",2022,"PP",0,7,4,1
"14520",2022,"PP",0,7,4,1
"14521",2022,"PP",0,7,4,1
"14522",2022,"PP",0,21,4,1
"14523",2022,"PP",0,14,4,1
"14524",2022,"PP",0,7,4,1
"14525",2022,"PP",0,6,4,1
"14526",2022,"PP",0,5,4,1
"14527",2022,"PP",0,15,4,1
"14528",2022,"PP",0,15,4,1
"14529",2022,"PP",1,11,4,1
"14530",2022,"PP",0,16,4,1
"14531",2022,"PP",1,8,4,1
"14532",2022,"PP",0,16,4,1
"14533",2022,"PP",0,8,4,1
"14534",2022,"PP",0,16,4,1
"14535",2022,"PP",0,14,4,1
"14536",2022,"PP",1,6,4,1
"14537",2022,"PP",0,16,4,1
"14538",2022,"PP",0,20,4,1
"14539",2022,"PP",0,14,4,1
"14540",2022,"PP",0,9,4,1
"14541",2022,"PP",0,16,4,1
"14542",2022,"PP",0,20,4,1
"14543",2022,"PP",1,23,4,1
"14544",2022,"PP",0,16,4,1
"14545",2022,"PP",0,20,4,1
"14546",2022,"PP",0,14,4,1
"14547",2022,"PP",0,9,4,1
"14548",2022,"PP",0,16,4,1
"14549",2022,"PP",1,20,4,1
"14550",2022,"PP",0,16,4,1
"14551",2022,"PP",0,20,4,1
"14552",2022,"PP",0,23,4,1
"14553",2022,"PP",1,21,4,1
"14554",2022,"PP",0,16,4,1
"14555",2022,"PP",1,20,4,1
"14556",2022,"PP",0,16,4,1
"14557",2022,"PP",1,20,4,1
"14558",2022,"PP",1,20,4,1
"14559",2022,"PP",0,20,4,1
"14560",2022,"PP",1,23,4,1
"14561",2022,"PP",0,20,4,1
"14562",2022,"PP",0,14,4,1
"14563",2022,"PP",0,9,4,1
"14564",2022,"PP",1,20,4,1
"14565",2022,"PP",0,20,4,1
"14566",2022,"PP",0,23,4,1
"14567",2022,"PP",0,7,4,1
"14568",2022,"PP",0,7,4,1
"14569",2022,"PP",0,20,4,1
"14570",2022,"PP",0,23,4,1
"14571",2022,"PP",0,7,4,1
"14572",2022,"PP",1,7,4,1
"14573",2022,"PP",0,20,4,1
"14574",2022,"PP",1,23,4,1
"14575",2022,"PP",1,20,4,1
"14576",2022,"PP",0,20,4,1
"14577",2022,"PP",0,23,4,1
"14578",2022,"PP",0,21,4,1
"14579",2022,"PP",0,7,4,1
"14580",2022,"PP",0,7,4,1
"14581",2022,"PP",0,7,4,1
"14582",2022,"PP",0,11,4,1
"14583",2022,"PP",0,7,4,1
"14584",2022,"PP",1,18,4,1
"14585",2022,"PP",0,7,4,1
"14586",2022,"PP",0,18,4,1
"14587",2022,"PP",1,16,4,1
"14588",2022,"PP",0,7,4,1
"14589",2022,"PP",0,18,4,1
"14590",2022,"PP",0,16,4,1
"14591",2022,"PP",0,8,4,1
"14592",2022,"PP",0,7,4,1
"14593",2022,"PP",1,18,4,1
"14594",2022,"PP",0,7,4,1
"14595",2022,"PP",0,18,4,1
"14596",2022,"PP",1,16,4,1
"14597",2022,"PP",0,7,4,1
"14598",2022,"PP",0,18,4,1
"14599",2022,"PP",0,16,4,1
"14600",2022,"PP",0,7,4,1
"14601",2022,"PP",0,22,4,1
"14602",2022,"PP",1,12,4,1
"14603",2022,"PP",0,7,4,1
"14604",2022,"PP",0,18,4,1
"14605",2022,"PP",0,16,4,1
"14606",2022,"PP",0,20,4,1
"14607",2022,"PP",1,23,4,1
"14608",2022,"PP",0,18,4,1
"14609",2022,"PP",0,16,4,1
"14610",2022,"PP",0,20,4,1
"14611",2022,"PP",1,23,4,1
"14612",2022,"PP",0,18,4,1
"14613",2022,"PP",1,16,4,1
"14614",2022,"PP",0,18,4,1
"14615",2022,"PP",0,16,4,1
"14616",2022,"PP",0,8,4,1
"14617",2022,"PP",1,6,4,1
"14618",2022,"PP",0,18,4,1
"14619",2022,"PP",0,16,4,1
"14620",2022,"PP",1,8,4,1
"14621",2022,"PP",0,18,4,1
"14622",2022,"PP",0,16,4,1
"14623",2022,"PP",1,14,4,1
"14624",2022,"PP",0,11,4,1
"14625",2022,"PP",1,14,4,1
"14626",2022,"PP",0,6,4,1
"14627",2022,"PP",0,6,4,1
"14628",2022,"PP",0,5,4,1
"14629",2022,"PP",0,11,4,1
"14630",2022,"PP",0,14,4,1
"14631",2022,"PP",0,8,4,1
"14632",2022,"PP",0,14,4,1
"14633",2022,"PP",0,8,4,1
"14634",2022,"PP",0,7,4,1
"14635",2022,"PP",0,6,4,1
"14636",2022,"PP",0,21,4,1
"14637",2022,"PP",0,6,4,1
"14638",2022,"PP",1,14,4,1
"14639",2022,"PP",0,21,4,1
"14640",2022,"PP",0,13,4,1
"14641",2022,"PP",0,7,4,1
"14642",2022,"PP",1,6,4,1
"14643",2022,"PP",0,21,4,1
"14644",2022,"PP",0,13,4,1
"14645",2022,"PP",0,7,4,1
"14646",2022,"PP",0,21,4,1
"14647",2022,"PP",0,6,4,1
"14648",2022,"PP",0,21,4,1
"14649",2022,"PP",0,13,4,1
"14650",2022,"PP",0,13,4,1
"14651",2022,"PP",0,7,4,1
"14652",2022,"PP",0,21,4,1
"14653",2022,"PP",0,13,4,1
"14654",2022,"PP",0,13,4,1
"14655",2022,"PP",0,7,4,1
"14656",2022,"PP",0,21,4,1
"14657",2022,"PP",0,13,4,1
"14658",2022,"PP",0,7,4,1
"14659",2022,"PP",0,21,4,1
"14660",2022,"PP",0,13,4,1
"14661",2022,"PP",0,7,4,1
"14662",2022,"PP",0,6,4,1
"14663",2022,"PP",0,21,4,1
"14664",2022,"PP",0,13,4,1
"14665",2022,"PP",0,7,4,1
"14666",2022,"PP",0,6,4,1
"14667",2022,"PP",0,21,4,1
"14668",2022,"PP",0,13,4,1
"14669",2022,"PP",1,13,4,1
"14670",2022,"PP",1,21,4,1
"14671",2022,"PP",0,21,4,1
"14672",2022,"PP",1,13,4,1
"14673",2022,"PP",0,21,4,1
"14674",2022,"PP",0,6,4,1
"14675",2022,"PP",0,7,4,1
"14676",2022,"PP",0,21,4,1
"14677",2022,"PP",0,6,4,1
"14678",2022,"PP",0,7,4,1
"14679",2022,"PP",0,7,4,1
"14680",2022,"PP",0,21,4,1
"14681",2022,"PP",0,14,4,1
"14682",2022,"PP",0,12,4,1
"14683",2022,"PP",0,7,4,1
"14684",2022,"PP",0,21,4,1
"14685",2022,"PP",0,13,4,1
"14686",2022,"PP",0,7,4,1
"14687",2022,"PP",0,6,4,1
"14688",2022,"PP",0,21,4,1
"14689",2022,"PP",0,13,4,1
"14690",2022,"PP",0,7,4,1
"14691",2022,"PP",0,6,4,1
"14692",2022,"PP",0,21,4,1
"14693",2022,"PP",0,13,4,1
"14694",2022,"PP",0,7,4,1
"14695",2022,"PP",0,6,4,1
"14696",2022,"PP",0,21,4,1
"14697",2022,"PP",0,13,4,1
"14698",2022,"PP",0,8,4,1
"14699",2022,"PP",0,5,4,1
"14700",2022,"PP",0,21,4,1
"14701",2022,"PP",0,6,4,1
"14702",2022,"PP",0,21,4,1
"14703",2022,"PP",0,13,4,1
"14704",2022,"PP",0,8,4,1
"14705",2022,"PP",0,5,4,1
"14706",2022,"PP",0,6,4,1
"14707",2022,"PP",0,7,4,1
"14708",2022,"PP",0,21,4,1
"14709",2022,"PP",0,13,4,1
"14710",2022,"PP",0,8,4,1
"14711",2022,"PP",0,5,4,1
"14712",2022,"PP",0,21,4,1
"14713",2022,"PP",0,13,4,1
"14714",2022,"PP",0,13,4,1
"14715",2022,"PP",1,17,4,1
"14716",2022,"PP",0,21,4,1
"14717",2022,"PP",0,13,4,1
"14718",2022,"PP",0,8,4,1
"14719",2022,"PP",0,5,4,1
"14720",2022,"PP",0,21,4,1
"14721",2022,"PP",0,13,4,1
"14722",2022,"PP",0,7,4,1
"14723",2022,"PP",0,6,4,1
"14724",2022,"PP",0,13,4,1
"14725",2022,"PP",0,13,4,1
"14726",2022,"PP",0,15,4,1
"14727",2022,"PP",0,7,4,1
"14728",2022,"PP",0,6,4,1
"14729",2022,"PP",1,13,4,1
"14730",2022,"PP",0,13,4,1
"14731",2022,"PP",0,13,4,1
"14732",2022,"PP",0,15,4,1
"14733",2022,"PP",1,13,4,1
"14734",2022,"PP",0,13,4,1
"14735",2022,"PP",0,7,4,1
"14736",2022,"PP",0,6,4,1
"14737",2022,"PP",0,13,4,1
"14738",2022,"PP",0,13,4,1
"14739",2022,"PP",0,15,4,1
"14740",2022,"PP",1,7,4,1
"14741",2022,"PP",0,21,4,1
"14742",2022,"PP",0,21,4,1
"14743",2022,"PP",1,15,4,1
"14744",2022,"PP",1,21,4,1
"14745",2022,"PP",1,21,4,1
"14746",2022,"PP",0,21,4,1
"14747",2022,"PP",1,15,4,1
"14748",2022,"PP",0,21,4,1
"14749",2022,"PP",0,21,4,1
"14750",2022,"PP",0,15,4,1
"14751",2022,"PP",1,21,4,1
"14752",2022,"PP",0,21,4,1
"14753",2022,"PP",1,11,4,1
"14754",2022,"PP",0,15,4,1
"14755",2022,"PP",1,15,4,1
"14756",2022,"PP",0,15,4,1
"14757",2022,"SJM",0,21,7,1
"14758",2022,"SJM",0,10,7,1
"14759",2022,"SJM",0,24,7,1
"14760",2022,"SJM",0,10,7,1
"14761",2022,"SJM",0,11,7,1
"14762",2022,"SJM",0,14,7,1
"14763",2022,"SJM",1,14,7,1
"14764",2022,"SJM",1,20,7,1
"14765",2022,"SJM",0,20,7,1
"14766",2022,"SJM",1,21,7,1
"14767",2022,"SJM",1,21,7,1
"14768",2022,"SJM",0,6,7,1
"14769",2022,"SJM",0,15,7,1
"14770",2022,"SJM",1,21,7,1
"14771",2022,"SJM",0,21,7,1
"14772",2022,"SJM",0,21,7,1
"14773",2022,"SJM",0,13,7,1
"14774",2022,"SJM",1,21,7,1
"14775",2022,"SJM",0,21,7,1
"14776",2022,"SJM",0,21,7,1
"14777",2022,"SJM",0,13,7,1
"14778",2022,"SJM",0,21,7,1
"14779",2022,"SJM",1,21,7,1
"14780",2022,"SJM",0,21,7,1
"14781",2022,"SJM",1,9,7,1
"14782",2022,"SJM",0,21,7,1
"14783",2022,"SJM",0,21,7,1
"14784",2022,"SJM",0,21,7,1
"14785",2022,"SJM",1,24,7,1
"14786",2022,"SJM",0,21,7,1
"14787",2022,"SJM",0,21,7,1
"14788",2022,"SJM",0,13,7,1
"14789",2022,"SJM",0,22,7,1
"14790",2022,"SJM",0,21,7,1
"14791",2022,"SJM",1,21,7,1
"14792",2022,"SJM",0,24,7,1
"14793",2022,"SJM",1,11,7,1
"14794",2023,"KRV",0,21,19,1
"14795",2023,"KRV",0,10,19,1
"14796",2023,"KRV",0,18,19,1
"14797",2023,"KRV",0,18,19,1
"14798",2023,"KRV",0,21,19,1
"14799",2023,"KRV",1,16,19,1
"14800",2023,"KRV",0,18,19,1
"14801",2023,"KRV",1,21,19,1
"14802",2023,"KRV",0,18,19,1
"14803",2023,"KRV",0,18,19,1
"14804",2023,"KRV",0,21,19,1
"14805",2023,"KRV",0,5,19,1
"14806",2023,"KRV",0,9,19,1
"14807",2023,"KRV",0,16,19,1
"14808",2023,"KRV",0,5,19,1
"14809",2023,"KRV",1,21,19,1
"14810",2023,"KRV",1,12,19,1
"14811",2023,"KRV",0,21,19,1
"14812",2023,"KRV",1,23,19,1
"14813",2023,"KRV",0,8,19,1
"14814",2023,"KRV",0,5,19,1
"14815",2023,"KRV",0,9,19,1
"14816",2023,"KRV",0,6,19,1
"14817",2023,"KRV",0,8,19,1
"14818",2023,"KRV",0,8,19,1
"14819",2023,"KRV",0,6,19,1
"14820",2023,"KRV",1,7,19,1
"14821",2023,"KRV",1,7,19,1
"14822",2023,"KRV",0,9,19,1
"14823",2023,"KRV",0,6,19,1
"14824",2023,"KRV",0,8,19,1
"14825",2023,"KRV",0,8,19,1
"14826",2023,"KRV",0,6,19,1
"14827",2023,"KRV",1,7,19,1
"14828",2023,"KRV",0,23,19,1
"14829",2023,"KRV",1,21,19,1
"14830",2023,"KRV",0,23,19,1
"14831",2023,"KRV",1,21,19,1
"14832",2023,"KRV",0,8,19,1
"14833",2023,"KRV",0,8,19,1
"14834",2023,"KRV",0,6,19,1
"14835",2023,"KRV",1,21,19,1
"14836",2023,"KRV",1,21,19,1
"14837",2023,"KRV",1,21,19,1
"14838",2023,"KRV",0,21,19,1
"14839",2023,"KRV",1,24,19,1
"14840",2023,"KRV",1,24,19,1
"14841",2023,"KRV",1,24,19,1
"14842",2023,"KRV",1,21,19,1
"14843",2023,"KRV",0,21,19,1
"14844",2023,"KRV",1,21,19,1
"14845",2023,"KRV",0,21,19,1
"14846",2023,"KRV",1,21,19,1
"14847",2023,"KRV",1,21,19,1
"14848",2023,"KRV",0,21,19,1
"14849",2023,"KRV",1,21,19,1
"14850",2023,"KRV",0,21,19,1
"14851",2023,"KRV",1,21,19,1
"14852",2023,"KRV",0,21,19,1
"14853",2023,"KRV",1,21,19,1
"14854",2023,"KRV",0,21,19,1
"14855",2023,"KRV",1,21,19,1
"14856",2023,"KRV",0,21,19,1
"14857",2023,"KRV",0,22,19,1
"14858",2023,"KRV",0,8,19,1
"14859",2023,"KRV",1,12,19,1
"14860",2023,"KRV",1,21,19,1
"14861",2023,"KRV",0,21,19,1
"14862",2023,"KRV",1,21,19,1
"14863",2023,"KRV",0,21,19,1
"14864",2023,"KRV",1,21,19,1
"14865",2023,"KRV",0,21,19,1
"14866",2023,"KRV",1,21,19,1
"14867",2023,"KRV",0,21,19,1
"14868",2023,"KRV",0,10,19,1
"14869",2023,"KRV",1,11,19,1
"14870",2023,"KRV",0,21,19,1
"14871",2023,"KRV",0,21,19,1
"14872",2023,"KRV",0,20,19,1
"14873",2023,"KRV",1,21,19,1
"14874",2023,"KRV",1,19,19,1
"14875",2023,"KRV",0,21,19,1
"14876",2023,"KRV",0,18,19,1
"14877",2023,"KRV",0,5,19,1
"14878",2023,"KRV",0,19,19,1
"14879",2023,"KRV",0,17,19,1
"14880",2023,"KRV",1,13,19,1
"14881",2023,"KRV",0,21,19,1
"14882",2023,"KRV",0,21,19,1
"14883",2023,"KRV",0,21,19,1
"14884",2023,"KRV",1,21,19,1
"14885",2023,"KRV",1,21,19,1
"14886",2023,"KRV",0,8,19,1
"14887",2023,"KRV",0,7,19,1
"14888",2023,"KRV",1,7,19,1
"14889",2023,"KRV",1,20,19,1
"14890",2023,"KRV",1,19,19,1
"14891",2023,"KRV",0,6,19,1
"14892",2023,"KRV",0,6,19,1
"14893",2023,"KRV",0,10,19,1
"14894",2023,"KRV",0,6,19,1
"14895",2023,"KRV",0,5,19,1
"14896",2023,"KRV",1,9,19,1
"14897",2023,"KRV",0,22,19,1
"14898",2023,"KRV",1,21,19,1
"14899",2023,"KRV",0,20,19,1
"14900",2023,"KRV",0,21,19,1
"14901",2023,"KRV",1,21,19,1
"14902",2023,"KRV",0,20,19,1
"14903",2023,"KRV",0,21,19,1
"14904",2023,"KRV",0,20,19,1
"14905",2023,"KRV",0,6,19,1
"14906",2023,"KRV",0,15,19,1
"14907",2023,"KRV",1,20,19,1
"14908",2023,"KRV",0,20,19,1
"14909",2023,"KRV",0,12,19,1
"14910",2023,"KRV",0,9,19,1
"14911",2023,"KRV",0,8,19,1
"14912",2023,"KRV",1,8,19,1
"14913",2023,"KRV",0,21,19,1
"14914",2023,"KRV",0,21,19,1
"14915",2023,"KRV",0,23,19,1
"14916",2023,"KRV",0,21,19,1
"14917",2023,"KRV",0,18,19,1
"14918",2023,"KRV",0,21,19,1
"14919",2023,"KRV",0,10,19,1
"14920",2023,"KRV",0,11,19,1
"14921",2023,"KRV",0,21,19,1
"14922",2023,"KRV",0,21,19,1
"14923",2023,"KRV",0,21,19,1
"14924",2023,"KRV",1,21,19,1
"14925",2023,"KRV",0,16,19,1
"14926",2023,"KRV",0,6,19,1
"14927",2023,"KRV",0,8,19,1
"14928",2023,"KRV",0,7,19,1
"14929",2023,"KRV",0,7,19,1
"14930",2023,"KRV",0,7,19,1
"14931",2023,"KRV",0,20,19,1
"14932",2023,"KRV",1,21,19,1
"14933",2023,"KRV",1,20,19,1
"14934",2023,"KRV",0,20,19,1
"14935",2023,"KRV",0,6,19,1
"14936",2023,"KRV",1,8,19,1
"14937",2023,"KRV",0,20,19,1
"14938",2023,"KRV",0,20,19,1
"14939",2023,"KRV",0,21,19,1
"14940",2023,"KRV",0,20,19,1
"14941",2023,"KRV",0,14,19,1
"14942",2023,"KRV",0,7,19,1
"14943",2023,"KRV",0,7,19,1
"14944",2023,"KRV",0,7,19,1
"14945",2023,"KRV",0,7,19,1
"14946",2023,"KRV",0,7,19,1
"14947",2023,"KRV",0,21,19,1
"14948",2023,"KRV",1,14,19,1
"14949",2023,"KRV",1,21,19,1
"14950",2023,"KRV",0,20,19,1
"14951",2023,"KRV",1,21,19,1
"14952",2023,"KRV",1,20,19,1
"14953",2023,"KRV",1,20,19,1
"14954",2023,"KRV",0,20,19,1
"14955",2023,"KRV",1,21,19,1
"14956",2023,"KRV",1,20,19,1
"14957",2023,"KRV",0,20,19,1
"14958",2023,"KRV",0,21,19,1
"14959",2023,"KRV",1,20,19,1
"14960",2023,"KRV",0,20,19,1
"14961",2023,"KRV",0,21,19,1
"14962",2023,"KRV",1,21,19,1
"14963",2023,"KRV",0,20,19,1
"14964",2023,"KRV",0,21,19,1
"14965",2023,"KRV",0,20,19,1
"14966",2023,"KRV",0,21,19,1
"14967",2023,"KRV",0,21,19,1
"14968",2023,"KRV",0,20,19,1
"14969",2023,"KRV",0,21,19,1
"14970",2023,"KRV",0,21,19,1
"14971",2023,"KRV",0,20,19,1
"14972",2023,"KRV",0,6,19,1
"14973",2023,"KRV",0,15,19,1
"14974",2023,"KRV",0,20,19,1
"14975",2023,"KRV",1,21,19,1
"14976",2023,"KRV",0,20,19,1
"14977",2023,"KRV",1,21,19,1
"14978",2023,"KRV",0,14,19,1
"14979",2023,"KRV",0,21,19,1
"14980",2023,"KRV",0,7,19,1
"14981",2023,"KRV",0,21,19,1
"14982",2023,"KRV",0,21,19,1
"14983",2023,"KRV",1,21,19,1
"14984",2023,"KRV",1,21,19,1
"14985",2023,"KRV",0,21,19,1
"14986",2023,"KRV",0,7,19,1
"14987",2023,"KRV",0,14,19,1
"14988",2023,"KRV",0,21,19,1
"14989",2023,"KRV",0,21,19,1
"14990",2023,"KRV",0,7,19,1
"14991",2023,"KRV",0,20,19,1
"14992",2023,"KRV",1,21,19,1
"14993",2023,"KRV",0,20,19,1
"14994",2023,"OKEE",0,7,14,1
"14995",2023,"OKEE",0,8,14,1
"14996",2023,"OKEE",1,6,14,1
"14997",2023,"OKEE",0,6,14,1
"14998",2023,"OKEE",1,7,14,1
"14999",2023,"OKEE",0,6,14,1
"15000",2023,"OKEE",0,6,14,1
"15001",2023,"OKEE",0,7,14,1
"15002",2023,"OKEE",0,9,14,1
"15003",2023,"OKEE",0,5,14,1
"15004",2023,"OKEE",0,6,14,1
"15005",2023,"OKEE",0,7,14,1
"15006",2023,"OKEE",0,6,14,1
"15007",2023,"OKEE",0,6,14,1
"15008",2023,"OKEE",0,8,14,1
"15009",2023,"OKEE",0,6,14,1
"15010",2023,"OKEE",0,7,14,1
"15011",2023,"OKEE",0,8,14,1
"15012",2023,"OKEE",0,6,14,1
"15013",2023,"OKEE",0,6,14,1
"15014",2023,"OKEE",0,8,14,1
"15015",2023,"OKEE",0,6,14,1
"15016",2023,"OKEE",0,6,14,1
"15017",2023,"OKEE",0,7,14,1
"15018",2023,"OKEE",1,8,14,1
"15019",2023,"OKEE",0,6,14,1
"15020",2023,"OKEE",0,8,14,1
"15021",2023,"OKEE",0,6,14,1
"15022",2023,"OKEE",0,7,14,1
"15023",2023,"OKEE",0,8,14,1
"15024",2023,"OKEE",1,9,14,1
"15025",2023,"OKEE",0,7,14,1
"15026",2023,"OKEE",0,6,14,1
"15027",2023,"OKEE",0,8,14,1
"15028",2023,"OKEE",1,6,14,1
"15029",2023,"OKEE",0,6,14,1
"15030",2023,"OKEE",0,9,14,1
"15031",2023,"OKEE",0,5,14,1
"15032",2023,"OKEE",0,8,14,1
"15033",2023,"OKEE",0,6,14,1
"15034",2023,"OKEE",0,5,14,1
"15035",2023,"OKEE",0,10,14,1
"15036",2023,"OKEE",0,6,14,1
"15037",2023,"OKEE",0,5,14,1
"15038",2023,"OKEE",0,7,14,1
"15039",2023,"OKEE",0,9,14,1
"15040",2023,"OKEE",0,6,14,1
"15041",2023,"OKEE",1,8,14,1
"15042",2023,"OKEE",0,6,14,1
"15043",2023,"OKEE",0,5,14,1
"15044",2023,"OKEE",0,7,14,1
"15045",2023,"OKEE",1,8,14,1
"15046",2023,"OKEE",0,8,14,1
"15047",2023,"OKEE",0,6,14,1
"15048",2023,"OKEE",0,5,14,1
"15049",2023,"OKEE",0,7,14,1
"15050",2023,"OKEE",0,11,14,1
"15051",2023,"OKEE",0,6,14,1
"15052",2023,"OKEE",0,6,14,1
"15053",2023,"OKEE",0,5,14,1
"15054",2023,"OKEE",0,7,14,1
"15055",2023,"OKEE",0,7,14,1
"15056",2023,"OKEE",0,6,14,1
"15057",2023,"OKEE",0,7,14,1
"15058",2023,"OKEE",1,8,14,1
"15059",2023,"OKEE",0,6,14,1
"15060",2023,"OKEE",1,7,14,1
"15061",2023,"OKEE",0,6,14,1
"15062",2023,"OKEE",0,7,14,1
"15063",2023,"OKEE",1,8,14,1
"15064",2023,"OKEE",0,6,14,1
"15065",2023,"OKEE",0,7,14,1
"15066",2023,"OKEE",1,8,14,1
"15067",2023,"OKEE",0,7,14,1
"15068",2023,"OKEE",0,7,14,1
"15069",2023,"OKEE",0,7,14,1
"15070",2023,"OKEE",0,7,14,1
"15071",2023,"OKEE",1,6,14,1
"15072",2023,"OKEE",0,7,14,1
"15073",2023,"OKEE",0,7,14,1
"15074",2023,"OKEE",0,7,14,1
"15075",2023,"OKEE",0,7,14,1
"15076",2023,"OKEE",0,6,14,1
"15077",2023,"OKEE",0,8,14,1
"15078",2023,"OKEE",0,6,14,1
"15079",2023,"OKEE",1,7,14,1
"15080",2023,"OKEE",0,6,14,1
"15081",2023,"OKEE",0,7,14,1
"15082",2023,"OKEE",0,8,14,1
"15083",2023,"OKEE",0,6,14,1
"15084",2023,"OKEE",0,6,14,1
"15085",2023,"OKEE",0,8,14,1
"15086",2023,"OKEE",0,6,14,1
"15087",2023,"OKEE",0,7,14,1
"15088",2023,"OKEE",0,7,14,1
"15089",2023,"OKEE",0,7,14,1
"15090",2023,"OKEE",0,6,14,1
"15091",2023,"OKEE",0,8,14,1
"15092",2023,"OKEE",0,6,14,1
"15093",2023,"OKEE",0,8,14,1
"15094",2023,"OKEE",0,5,14,1
"15095",2023,"OKEE",0,7,14,1
"15096",2023,"OKEE",1,9,14,1
"15097",2023,"OKEE",0,5,14,1
"15098",2023,"OKEE",0,7,14,1
"15099",2023,"OKEE",1,9,14,1
"15100",2023,"OKEE",1,5,14,1
"15101",2023,"OKEE",0,6,14,1
"15102",2023,"OKEE",1,7,14,1
"15103",2023,"OKEE",0,7,14,1
"15104",2023,"OKEE",0,8,14,1
"15105",2023,"OKEE",0,6,14,1
"15106",2023,"OKEE",0,5,14,1
"15107",2023,"OKEE",0,10,14,1
"15108",2023,"OKEE",0,6,14,1
"15109",2023,"OKEE",0,5,14,1
"15110",2023,"OKEE",0,7,14,1
"15111",2023,"OKEE",0,7,14,1
"15112",2023,"OKEE",0,8,14,1
"15113",2023,"OKEE",1,6,14,1
"15114",2023,"OKEE",1,6,14,1
"15115",2023,"OKEE",0,7,14,1
"15116",2023,"OKEE",1,8,14,1
"15117",2023,"OKEE",0,7,14,1
"15118",2023,"OKEE",0,7,14,1
"15119",2023,"OKEE",1,7,14,1
"15120",2023,"OKEE",0,7,14,1
"15121",2023,"OKEE",0,8,14,1
"15122",2023,"OKEE",0,6,14,1
"15123",2023,"OKEE",0,6,14,1
"15124",2023,"OKEE",0,8,14,1
"15125",2023,"OKEE",0,6,14,1
"15126",2023,"OKEE",0,7,14,1
"15127",2023,"OKEE",0,8,14,1
"15128",2023,"OKEE",0,7,14,1
"15129",2023,"OKEE",0,5,14,1
"15130",2023,"OKEE",0,8,14,1
"15131",2023,"OKEE",1,6,14,1
"15132",2023,"OKEE",0,4,14,1
"15133",2023,"OKEE",1,9,14,1
"15134",2023,"OKEE",0,7,14,1
"15135",2023,"OKEE",0,6,14,1
"15136",2023,"OKEE",0,8,14,1
"15137",2023,"OKEE",0,6,14,1
"15138",2023,"OKEE",0,7,14,1
"15139",2023,"OKEE",0,7,14,1
"15140",2023,"OKEE",0,6,14,1
"15141",2023,"OKEE",0,6,14,1
"15142",2023,"OKEE",0,3,14,1
"15143",2023,"OKEE",0,16,14,1
"15144",2023,"OKEE",0,5,14,1
"15145",2023,"OKEE",0,8,14,1
"15146",2023,"OKEE",0,6,14,1
"15147",2023,"OKEE",0,3,14,1
"15148",2023,"OKEE",1,13,14,1
"15149",2023,"OKEE",0,14,14,1
"15150",2023,"OKEE",0,8,14,1
"15151",2023,"OKEE",0,7,14,1
"15152",2023,"OKEE",0,8,14,1
"15153",2023,"OKEE",0,13,14,1
"15154",2023,"OKEE",0,5,14,1
"15155",2023,"OKEE",0,8,14,1
"15156",2023,"OKEE",0,6,14,1
"15157",2023,"OKEE",0,8,14,1
"15158",2023,"OKEE",0,4,14,1
"15159",2023,"OKEE",0,9,14,1
"15160",2023,"OKEE",0,5,14,1
"15161",2023,"OKEE",0,3,14,1
"15162",2023,"OKEE",0,3,14,1
"15163",2023,"OKEE",0,13,14,1
"15164",2023,"OKEE",0,4,14,1
"15165",2023,"OKEE",0,9,14,1
"15166",2023,"OKEE",0,6,14,1
"15167",2023,"OKEE",0,7,14,1
"15168",2023,"OKEE",0,7,14,1
"15169",2023,"OKEE",0,8,14,1
"15170",2023,"OKEE",1,12,14,1
"15171",2023,"OKEE",0,6,14,1
"15172",2023,"OKEE",0,5,14,1
"15173",2023,"OKEE",0,12,14,1
"15174",2023,"OKEE",0,5,14,1
"15175",2023,"OKEE",0,9,14,1
"15176",2023,"OKEE",0,8,14,1
"15177",2023,"OKEE",0,10,14,1
"15178",2023,"OKEE",0,5,14,1
"15179",2023,"OKEE",0,7,14,1
"15180",2023,"OKEE",0,10,14,1
"15181",2023,"OKEE",0,5,14,1
"15182",2023,"OKEE",0,8,14,1
"15183",2023,"OKEE",0,6,14,1
"15184",2023,"OKEE",0,7,14,1
"15185",2023,"OKEE",0,8,14,1
"15186",2023,"OKEE",0,6,14,1
"15187",2023,"OKEE",0,6,14,1
"15188",2023,"OKEE",0,8,14,1
"15189",2023,"OKEE",0,5,14,1
"15190",2023,"OKEE",0,8,14,1
"15191",2023,"OKEE",0,6,14,1
"15192",2023,"OKEE",0,7,14,1
"15193",2023,"OKEE",0,7,14,1
"15194",2023,"OKEE",0,8,14,1
"15195",2023,"OKEE",0,5,14,1
"15196",2023,"OKEE",0,8,14,1
"15197",2023,"OKEE",0,6,14,1
"15198",2023,"OKEE",0,7,14,1
"15199",2023,"OKEE",0,9,14,1
"15200",2023,"OKEE",0,4,14,1
"15201",2023,"OKEE",0,8,14,1
"15202",2023,"OKEE",0,6,14,1
"15203",2023,"OKEE",0,13,14,1
"15204",2023,"OKEE",0,8,14,1
"15205",2023,"OKEE",0,9,14,1
"15206",2023,"OKEE",0,4,14,1
"15207",2023,"OKEE",0,9,14,1
"15208",2023,"OKEE",0,5,14,1
"15209",2023,"OKEE",0,7,14,1
"15210",2023,"OKEE",1,9,14,1
"15211",2023,"OKEE",0,8,14,1
"15212",2023,"OKEE",0,5,14,1
"15213",2023,"OKEE",0,9,14,1
"15214",2023,"OKEE",0,5,14,1
"15215",2023,"OKEE",0,8,14,1
"15216",2023,"OKEE",0,5,14,1
"15217",2023,"OKEE",0,9,14,1
"15218",2023,"OKEE",0,12,14,1
"15219",2023,"OKEE",0,7,14,1
"15220",2023,"OKEE",0,12,14,1
"15221",2023,"OKEE",0,8,14,1
"15222",2023,"OKEE",0,6,14,1
"15223",2023,"OKEE",0,7,14,1
"15224",2023,"OKEE",0,8,14,1
"15225",2023,"OKEE",0,6,14,1
"15226",2023,"OKEE",0,6,14,1
"15227",2023,"OKEE",1,8,14,1
"15228",2023,"OKEE",0,12,14,1
"15229",2023,"OKEE",0,8,14,1
"15230",2023,"OKEE",0,6,14,1
"15231",2023,"OKEE",0,7,14,1
"15232",2023,"OKEE",0,9,14,1
"15233",2023,"OKEE",1,6,14,1
"15234",2023,"OKEE",1,11,14,1
"15235",2023,"OKEE",0,11,14,1
"15236",2023,"OKEE",0,8,14,1
"15237",2023,"OKEE",0,7,14,1
"15238",2023,"OKEE",0,7,14,1
"15239",2023,"OKEE",0,7,14,1
"15240",2023,"OKEE",0,8,14,1
"15241",2023,"OKEE",1,5,14,1
"15242",2023,"OKEE",0,11,14,1
"15243",2023,"OKEE",0,8,14,1
"15244",2023,"OKEE",0,7,14,1
"15245",2023,"OKEE",0,7,14,1
"15246",2023,"OKEE",0,7,14,1
"15247",2023,"OKEE",0,7,14,1
"15248",2023,"OKEE",0,6,14,1
"15249",2023,"OKEE",0,7,14,1
"15250",2023,"OKEE",0,4,14,1
"15251",2023,"OKEE",0,8,14,1
"15252",2023,"OKEE",0,11,14,1
"15253",2023,"OKEE",1,9,14,1
"15254",2023,"OKEE",0,11,14,1
"15255",2023,"OKEE",1,9,14,1
"15256",2023,"OKEE",0,6,14,1
"15257",2023,"OKEE",0,9,14,1
"15258",2023,"OKEE",0,5,14,1
"15259",2023,"OKEE",0,7,14,1
"15260",2023,"OKEE",0,8,14,1
"15261",2023,"OKEE",1,7,14,1
"15262",2023,"OKEE",0,6,14,1
"15263",2023,"OKEE",0,9,14,1
"15264",2023,"OKEE",0,5,14,1
"15265",2023,"OKEE",0,7,14,1
"15266",2023,"OKEE",0,9,14,1
"15267",2023,"OKEE",0,6,14,1
"15268",2023,"OKEE",0,7,14,1
"15269",2023,"OKEE",0,7,14,1
"15270",2023,"OKEE",0,6,14,1
"15271",2023,"OKEE",0,8,14,1
"15272",2023,"OKEE",0,6,14,1
"15273",2023,"OKEE",0,7,14,1
"15274",2023,"OKEE",0,8,14,1
"15275",2023,"OKEE",0,7,14,1
"15276",2023,"OKEE",1,7,14,1
"15277",2023,"OKEE",0,6,14,1
"15278",2023,"OKEE",0,8,14,1
"15279",2023,"OKEE",0,6,14,1
"15280",2023,"OKEE",0,7,14,1
"15281",2023,"OKEE",1,8,14,1
"15282",2023,"OKEE",0,5,14,1
"15283",2023,"OKEE",0,8,14,1
"15284",2023,"OKEE",0,6,14,1
"15285",2023,"OKEE",0,7,14,1
"15286",2023,"OKEE",0,8,14,1
"15287",2023,"OKEE",1,7,14,1
"15288",2023,"OKEE",0,5,14,1
"15289",2023,"OKEE",0,9,14,1
"15290",2023,"OKEE",0,5,14,1
"15291",2023,"OKEE",1,7,14,1
"15292",2023,"OKEE",0,4,14,1
"15293",2023,"OKEE",0,9,14,1
"15294",2023,"OKEE",0,6,14,1
"15295",2023,"OKEE",0,7,14,1
"15296",2023,"OKEE",1,8,14,1
"15297",2023,"OKEE",0,4,14,1
"15298",2023,"OKEE",0,9,14,1
"15299",2023,"OKEE",0,6,14,1
"15300",2023,"OKEE",0,7,14,1
"15301",2023,"OKEE",0,7,14,1
"15302",2023,"OKEE",0,7,14,1
"15303",2023,"OKEE",0,6,14,1
"15304",2023,"OKEE",0,8,14,1
"15305",2023,"OKEE",0,5,14,1
"15306",2023,"OKEE",0,8,14,1
"15307",2023,"OKEE",0,6,14,1
"15308",2023,"OKEE",0,7,14,1
"15309",2023,"OKEE",0,8,14,1
"15310",2023,"OKEE",0,6,14,1
"15311",2023,"OKEE",0,6,14,1
"15312",2023,"OKEE",0,8,14,1
"15313",2023,"OKEE",0,6,14,1
"15314",2023,"OKEE",0,8,14,1
"15315",2023,"OKEE",0,5,14,1
"15316",2023,"OKEE",1,8,14,1
"15317",2023,"OKEE",0,4,14,1
"15318",2023,"OKEE",0,8,14,1
"15319",2023,"OKEE",0,7,14,1
"15320",2023,"OKEE",0,28,14,1
"15321",2023,"OKEE",0,7,14,1
"15322",2023,"OKEE",0,7,14,1
"15323",2023,"OKEE",0,28,14,1
"15324",2023,"OKEE",0,7,14,1
"15325",2023,"OKEE",1,7,14,1
"15326",2023,"OKEE",0,28,14,1
"15327",2023,"OKEE",0,7,14,1
"15328",2023,"OKEE",1,7,14,1
"15329",2023,"OKEE",0,28,14,1
"15330",2023,"OKEE",1,14,14,1
"15331",2023,"OKEE",0,7,14,1
"15332",2023,"OKEE",0,14,14,1
"15333",2023,"OKEE",0,14,14,1
"15334",2023,"OKEE",1,14,14,1
"15335",2023,"OKEE",0,14,14,1
"15336",2023,"OKEE",0,14,14,1
"15337",2023,"OKEE",0,7,14,1
"15338",2023,"OKEE",0,7,14,1
"15339",2023,"OKEE",0,14,14,1
"15340",2023,"OKEE",0,14,14,1
"15341",2023,"OKEE",0,14,14,1
"15342",2023,"OKEE",0,9,14,1
"15343",2023,"OKEE",0,14,14,1
"15344",2023,"OKEE",0,14,14,1
"15345",2023,"OKEE",0,9,14,1
"15346",2023,"OKEE",0,14,14,1
"15347",2023,"OKEE",0,14,14,1
"15348",2023,"OKEE",0,17,14,1
"15349",2023,"OKEE",0,14,14,1
"15350",2023,"OKEE",0,14,14,1
"15351",2023,"OKEE",0,17,14,1
"15352",2023,"OKEE",0,14,14,1
"15353",2023,"OKEE",0,14,14,1
"15354",2023,"OKEE",0,17,14,1
"15355",2023,"OKEE",0,14,14,1
"15356",2023,"OKEE",0,7,14,1
"15357",2023,"OKEE",0,7,14,1
"15358",2023,"OKEE",0,14,14,1
"15359",2023,"OKEE",0,17,14,1
"15360",2023,"OKEE",0,17,14,1
"15361",2023,"OKEE",0,14,14,1
"15362",2023,"OKEE",0,6,14,1
"15363",2023,"OKEE",0,8,14,1
"15364",2023,"OKEE",0,6,14,1
"15365",2023,"OKEE",1,8,14,1
"15366",2023,"OKEE",0,6,14,1
"15367",2023,"OKEE",0,6,14,1
"15368",2023,"OKEE",0,3,14,1
"15369",2023,"OKEE",1,16,14,1
"15370",2023,"OKEE",0,6,14,1
"15371",2023,"OKEE",0,3,14,1
"15372",2023,"OKEE",0,16,14,1
"15373",2023,"OKEE",0,5,14,1
"15374",2023,"OKEE",0,8,14,1
"15375",2023,"OKEE",0,6,14,1
"15376",2023,"OKEE",0,16,14,1
"15377",2023,"OKEE",0,5,14,1
"15378",2023,"OKEE",0,8,14,1
"15379",2023,"OKEE",0,6,14,1
"15380",2023,"OKEE",0,7,14,1
"15381",2023,"OKEE",0,8,14,1
"15382",2023,"OKEE",0,6,14,1
"15383",2023,"OKEE",0,5,14,1
"15384",2023,"OKEE",0,7,14,1
"15385",2023,"OKEE",0,9,14,1
"15386",2023,"OKEE",0,6,14,1
"15387",2023,"OKEE",1,10,14,1
"15388",2023,"OKEE",0,6,14,1
"15389",2023,"OKEE",0,5,14,1
"15390",2023,"OKEE",1,7,14,1
"15391",2023,"OKEE",1,6,14,1
"15392",2023,"OKEE",0,6,14,1
"15393",2023,"OKEE",0,8,14,1
"15394",2023,"OKEE",0,6,14,1
"15395",2023,"OKEE",0,8,14,1
"15396",2023,"OKEE",0,9,14,1
"15397",2023,"OKEE",0,8,14,1
"15398",2023,"OKEE",0,6,14,1
"15399",2023,"OKEE",0,5,14,1
"15400",2023,"OKEE",0,10,14,1
"15401",2023,"OKEE",0,6,14,1
"15402",2023,"OKEE",0,5,14,1
"15403",2023,"OKEE",0,7,14,1
"15404",2023,"OKEE",0,6,14,1
"15405",2023,"OKEE",0,7,14,1
"15406",2023,"OKEE",0,8,14,1
"15407",2023,"OKEE",0,6,14,1
"15408",2023,"OKEE",0,10,14,1
"15409",2023,"OKEE",0,6,14,1
"15410",2023,"OKEE",0,5,14,1
"15411",2023,"OKEE",0,7,14,1
"15412",2023,"OKEE",0,9,14,1
"15413",2023,"OKEE",0,6,14,1
"15414",2023,"OKEE",0,3,14,1
"15415",2023,"OKEE",0,8,14,1
"15416",2023,"OKEE",0,6,14,1
"15417",2023,"OKEE",1,8,14,1
"15418",2023,"OKEE",0,8,14,1
"15419",2023,"OKEE",1,9,14,1
"15420",2023,"OKEE",1,8,14,1
"15421",2023,"OKEE",1,7,14,1
"15422",2023,"OKEE",0,6,14,1
"15423",2023,"OKEE",0,6,14,1
"15424",2023,"OKEE",1,8,14,1
"15425",2023,"OKEE",0,8,14,1
"15426",2023,"OKEE",0,4,14,1
"15427",2023,"OKEE",0,1,14,1
"15428",2023,"OKEE",0,5,14,1
"15429",2023,"OKEE",0,7,14,1
"15430",2023,"OKEE",0,6,14,1
"15431",2023,"OKEE",0,7,14,1
"15432",2023,"OKEE",1,9,14,1
"15433",2023,"OKEE",1,6,14,1
"15434",2023,"OKEE",0,15,14,1
"15435",2023,"OKEE",0,14,14,1
"15436",2023,"OKEE",1,5,14,1
"15437",2023,"OKEE",0,5,14,1
"15438",2023,"OKEE",0,7,14,1
"15439",2023,"OKEE",0,6,14,1
"15440",2023,"OKEE",0,10,14,1
"15441",2023,"OKEE",0,4,14,1
"15442",2023,"OKEE",1,7,14,1
"15443",2023,"OKEE",0,5,14,1
"15444",2023,"OKEE",0,8,14,1
"15445",2023,"OKEE",0,9,14,1
"15446",2023,"OKEE",0,5,14,1
"15447",2023,"OKEE",0,7,14,1
"15448",2023,"OKEE",1,6,14,1
"15449",2023,"OKEE",0,7,14,1
"15450",2023,"OKEE",0,5,14,1
"15451",2023,"OKEE",0,9,14,1
"15452",2023,"OKEE",0,5,14,1
"15453",2023,"OKEE",0,7,14,1
"15454",2023,"OKEE",0,6,14,1
"15455",2023,"OKEE",0,10,14,1
"15456",2023,"OKEE",0,4,14,1
"15457",2023,"OKEE",0,6,14,1
"15458",2023,"OKEE",0,8,14,1
"15459",2023,"OKEE",0,7,14,1
"15460",2023,"OKEE",0,6,14,1
"15461",2023,"OKEE",0,7,14,1
"15462",2023,"OKEE",0,5,14,1
"15463",2023,"OKEE",0,5,14,1
"15464",2023,"OKEE",0,10,14,1
"15465",2023,"OKEE",0,6,14,1
"15466",2023,"OKEE",0,11,14,1
"15467",2023,"OKEE",0,6,14,1
"15468",2023,"PP",0,14,5,1
"15469",2023,"PP",1,21,5,1
"15470",2023,"PP",0,21,5,1
"15471",2023,"PP",0,7,5,1
"15472",2023,"PP",0,7,5,1
"15473",2023,"PP",0,6,5,1
"15474",2023,"PP",0,10,5,1
"15475",2023,"PP",1,5,5,1
"15476",2023,"PP",0,6,5,1
"15477",2023,"PP",1,10,5,1
"15478",2023,"PP",1,21,5,1
"15479",2023,"PP",0,21,5,1
"15480",2023,"PP",0,21,5,1
"15481",2023,"PP",0,21,5,1
"15482",2023,"PP",1,21,5,1
"15483",2023,"PP",1,21,5,1
"15484",2023,"PP",0,6,5,1
"15485",2023,"PP",1,8,5,1
"15486",2023,"PP",0,21,5,1
"15487",2023,"PP",1,21,5,1
"15488",2023,"PP",0,21,5,1
"15489",2023,"PP",0,21,5,1
"15490",2023,"PP",1,21,5,1
"15491",2023,"PP",0,21,5,1
"15492",2023,"PP",0,21,5,1
"15493",2023,"PP",1,21,5,1
"15494",2023,"PP",0,21,5,1
"15495",2023,"PP",0,8,5,1
"15496",2023,"PP",0,7,5,1
"15497",2023,"PP",0,7,5,1
"15498",2023,"PP",0,7,5,1
"15499",2023,"PP",0,8,5,1
"15500",2023,"PP",0,7,5,1
"15501",2023,"PP",0,7,5,1
"15502",2023,"PP",0,7,5,1
"15503",2023,"PP",0,7,5,1
"15504",2023,"PP",0,21,5,1
"15505",2023,"PP",0,10,5,1
"15506",2023,"PP",0,13,5,1
"15507",2023,"PP",0,24,5,1
"15508",2023,"PP",0,10,5,1
"15509",2023,"PP",0,21,5,1
"15510",2023,"PP",1,21,5,1
"15511",2023,"PP",0,6,5,1
"15512",2023,"PP",1,21,5,1
"15513",2023,"PP",1,21,5,1
"15514",2023,"PP",1,21,5,1
"15515",2023,"PP",0,21,5,1
"15516",2023,"PP",1,14,5,1
"15517",2023,"SJM",1,21,8,1
"15518",2023,"SJM",1,21,8,1
"15519",2023,"SJM",0,19,8,1
"15520",2023,"SJM",1,21,8,1
