"MU","month","year","prcp","tmin","tmid","tmidC","tmax"
"EAST",1,1994,111.831680297852,287.402862548828,292.263046264648,19.1130462646485,297.123229980469
"EAST",2,1994,110.280990600586,289.806121826172,294.642349243164,21.4923492431641,299.478576660156
"EAST",3,1994,79.7167663574219,289.013214111328,294.757034301758,21.6070343017578,300.500854492188
"EAST",4,1994,133.576858520508,293.146423339844,297.530349731445,24.3803497314453,301.914276123047
"EAST",5,1994,99.720458984375,293.619293212891,298.824600219727,25.6746002197266,304.029907226562
"EAST",6,1994,195.42268371582,296.000427246094,300.580688476562,27.4306884765625,305.160949707031
"EAST",7,1994,145.739898681641,296.198944091797,300.774490356445,27.6244903564453,305.350036621094
"EAST",8,1994,225.220642089844,295.80029296875,300.262191772461,27.112191772461,304.724090576172
"EAST",9,1994,296.208282470703,295.660919189453,299.70964050293,26.5596405029297,303.758361816406
"EAST",10,1994,164.615798950195,293.920196533203,298.407287597656,25.2572875976563,302.894378662109
"EAST",11,1994,255.808670043945,292.5361328125,296.826171875,23.676171875,301.1162109375
"EAST",12,1994,184.623672485352,288.736145019531,293.543334960938,20.3933349609375,298.350524902344
"EAST",1,1995,78.1845855712891,284.404235839844,290.347045898438,17.1970458984375,296.289855957031
"EAST",2,1995,55.305046081543,285.279998779297,291.372711181641,18.2227111816406,297.465423583984
"EAST",3,1995,80.2042236328125,289.646209716797,294.827835083008,21.6778350830078,300.009460449219
"EAST",4,1995,80.553092956543,291.656066894531,296.656387329102,23.5063873291016,301.656707763672
"EAST",5,1995,81.4475402832031,294.50244140625,299.758193969727,26.6081939697266,305.013946533203
"EAST",6,1995,261.438934326172,295.244140625,299.911148071289,26.7611480712891,304.578155517578
"EAST",7,1995,253.701736450195,296.150970458984,300.839218139648,27.6892181396485,305.527465820312
"EAST",8,1995,372.362457275391,296.660522460938,301.168212890625,28.018212890625,305.675903320312
"EAST",9,1995,205.767318725586,296.274291992188,300.842819213867,27.6928192138672,305.411346435547
"EAST",10,1995,295.648864746094,295.382934570312,299.488021850586,26.338021850586,303.593109130859
"EAST",11,1995,30.2127285003662,288.482513427734,294.206298828125,21.056298828125,299.930084228516
"EAST",12,1995,23.2757892608643,285.660919189453,291.331848144531,18.1818481445313,297.002777099609
"EAST",1,1996,88.0951690673828,285.278198242188,291.192031860352,18.0420318603516,297.105865478516
"EAST",2,1996,20.4307060241699,283.707244873047,290.734237670898,17.5842376708985,297.76123046875
"EAST",3,1996,168.985046386719,286.758239746094,292.476638793945,19.3266387939453,298.195037841797
"EAST",4,1996,61.1173820495605,290.486602783203,295.500183105469,22.3501831054688,300.513763427734
"EAST",5,1996,194.352844238281,294.525817871094,298.953628540039,25.8036285400391,303.381439208984
"EAST",6,1996,231.922485351562,295.28271484375,299.866455078125,26.716455078125,304.4501953125
"EAST",7,1996,96.8405151367188,297.093811035156,301.50227355957,28.3522735595703,305.910736083984
"EAST",8,1996,107.475410461426,296.190185546875,300.785995483398,27.6359954833985,305.381805419922
"EAST",9,1996,157.497817993164,296.015563964844,300.835922241211,27.685922241211,305.656280517578
"EAST",10,1996,173.695556640625,293.752380371094,297.972671508789,24.8226715087891,302.192962646484
"EAST",11,1996,39.3161392211914,290.390869140625,295.240524291992,22.0905242919922,300.090179443359
"EAST",12,1996,36.3263511657715,287.053253173828,292.811279296875,19.661279296875,298.569305419922
"EAST",1,1997,88.7609786987305,286.242889404297,292.062393188477,18.9123931884766,297.881896972656
"EAST",2,1997,75.3554306030273,290.562683105469,295.495178222656,22.3451782226563,300.427673339844
"EAST",3,1997,77.7437973022461,291.426452636719,296.773513793945,23.6235137939453,302.120574951172
"EAST",4,1997,138.36328125,291.037261962891,296.150375366211,23.000375366211,301.263488769531
"EAST",5,1997,102.127548217773,294.010437011719,298.669174194336,25.519174194336,303.327911376953
"EAST",6,1997,264.229187011719,295.339538574219,300.063842773438,26.9138427734375,304.788146972656
"EAST",7,1997,187.75129699707,296.350860595703,301.051330566406,27.9013305664063,305.751800537109
"EAST",8,1997,199.563018798828,296.004455566406,300.797561645508,27.6475616455078,305.590667724609
"EAST",9,1997,200.634262084961,295.768890380859,299.928894042969,26.7788940429688,304.088897705078
"EAST",10,1997,39.3620414733887,293.046234130859,297.704040527344,24.5540405273438,302.361846923828
"EAST",11,1997,97.4048767089844,289.641632080078,294.510192871094,21.3601928710938,299.378753662109
"EAST",12,1997,140.01008605957,286.933624267578,291.961685180664,18.8116851806641,296.98974609375
"EAST",1,1998,114.474914550781,287.84765625,292.657791137695,19.5077911376953,297.467926025391
"EAST",2,1998,165.179763793945,286.5869140625,291.83122253418,18.6812225341797,297.075531005859
"EAST",3,1998,142.476013183594,287.372650146484,292.331695556641,19.1816955566406,297.290740966797
"EAST",4,1998,42.8206062316895,290.616485595703,295.678527832031,22.5285278320313,300.740570068359
"EAST",5,1998,73.3658218383789,293.424743652344,298.924407958984,25.7744079589844,304.424072265625
"EAST",6,1998,100.230453491211,296.410766601562,301.730606079102,28.5806060791016,307.050445556641
"EAST",7,1998,182.742294311523,296.771820068359,301.544036865234,28.3940368652344,306.316253662109
"EAST",8,1998,198.807846069336,297.15087890625,301.73371887207,28.5837188720703,306.316558837891
"EAST",9,1998,306.066741943359,296.608551025391,300.886291503906,27.7362915039063,305.164031982422
"EAST",10,1998,67.5560302734375,294.866333007812,299.157150268555,26.0071502685547,303.447967529297
"EAST",11,1998,197.866104125977,291.514709472656,296.176254272461,23.026254272461,300.837799072266
"EAST",12,1998,61.1043357849121,289.398468017578,294.24723815918,21.0972381591797,299.096008300781
"EAST",1,1999,106.024436950684,287.450836181641,292.651626586914,19.5016265869141,297.852416992188
"EAST",2,1999,29.5700931549072,285.938598632812,292.031433105469,18.8814331054688,298.124267578125
"EAST",3,1999,16.9482479095459,286.482452392578,292.730651855469,19.5806518554688,298.978851318359
"EAST",4,1999,48.99560546875,290.785217285156,296.793548583984,23.6435485839844,302.801879882812
"EAST",5,1999,93.5870590209961,292.181701660156,297.775497436523,24.6254974365235,303.369293212891
"EAST",6,1999,376.379364013672,295.615936279297,299.614669799805,26.4646697998047,303.613403320312
"EAST",7,1999,111.10977935791,296.841827392578,301.096054077148,27.9460540771485,305.350280761719
"EAST",8,1999,199.372283935547,296.863861083984,301.365798950195,28.2157989501953,305.867736816406
"EAST",9,1999,265.980590820312,295.922424316406,300.324829101562,27.1748291015625,304.727233886719
"EAST",10,1999,314.091613769531,294.585357666016,298.393356323242,25.2433563232422,302.201354980469
"EAST",11,1999,56.2042541503906,290.650756835938,295.095840454102,21.9458404541016,299.540924072266
"EAST",12,1999,36.7451934814453,287.452667236328,292.733779907227,19.5837799072266,298.014892578125
"EAST",1,2000,58.1928329467773,285.634368896484,291.312866210938,18.1628662109375,296.991363525391
"EAST",2,2000,22.7913837432861,286.605804443359,292.121963500977,18.9719635009766,297.638122558594
"EAST",3,2000,72.9530487060547,290.006652832031,295.514129638672,22.3641296386719,301.021606445312
"EAST",4,2000,103.063102722168,289.845703125,295.317535400391,22.1675354003906,300.789367675781
"EAST",5,2000,28.1881084442139,293.824859619141,298.746139526367,25.5961395263672,303.667419433594
"EAST",6,2000,112.710266113281,295.596466064453,300.073333740234,26.9233337402344,304.550201416016
"EAST",7,2000,198.853012084961,296.200622558594,300.863571166992,27.7135711669922,305.526519775391
"EAST",8,2000,90.7332458496094,296.386016845703,300.860000610352,27.7100006103516,305.333984375
"EAST",9,2000,190.815673828125,296.371429443359,300.513107299805,27.3631072998047,304.65478515625
"EAST",10,2000,158.964202880859,292.602294921875,297.141387939453,23.9913879394531,301.680480957031
"EAST",11,2000,49.2651443481445,288.182495117188,293.845962524414,20.6959625244141,299.509429931641
"EAST",12,2000,49.5704040527344,285.973541259766,291.302673339844,18.1526733398438,296.631805419922
"EAST",1,2001,26.5136680603027,281.869201660156,288.528610229492,15.3786102294922,295.188018798828
"EAST",2,2001,4.91869735717773,289.527160644531,294.771865844727,21.6218658447266,300.016571044922
"EAST",3,2001,132.636123657227,288.560241699219,294.336837768555,21.1868377685547,300.113433837891
"EAST",4,2001,20.7234306335449,290.874755859375,295.826126098633,22.6761260986328,300.777496337891
"EAST",5,2001,148.467544555664,292.704833984375,297.649291992188,24.4992919921875,302.59375
"EAST",6,2001,218.368927001953,295.420227050781,300.447814941406,27.2978149414063,305.475402832031
"EAST",7,2001,242.411529541016,296.166839599609,300.800933837891,27.6509338378906,305.435028076172
"EAST",8,2001,205.893218994141,296.783355712891,301.114593505859,27.9645935058594,305.445831298828
"EAST",9,2001,371.005554199219,295.424865722656,299.563919067383,26.4139190673828,303.702972412109
"EAST",10,2001,149.731018066406,294.265411376953,298.09001159668,24.9400115966797,301.914611816406
"EAST",11,2001,53.3152694702148,290.828338623047,295.313598632812,22.1635986328125,299.798858642578
"EAST",12,2001,50.5275421142578,289.750671386719,294.276550292969,21.1265502929688,298.802429199219
"EAST",1,2002,44.3794898986816,286.303314208984,291.943878173828,18.7938781738281,297.584442138672
"EAST",2,2002,131.842391967773,286.674041748047,291.969573974609,18.8195739746094,297.265106201172
"EAST",3,2002,32.911808013916,290.928894042969,295.812286376953,22.6622863769531,300.695678710938
"EAST",4,2002,50.7192649841309,292.725891113281,297.550659179688,24.4006591796875,302.375427246094
"EAST",5,2002,68.9527130126953,293.992401123047,298.98828125,25.83828125,303.984161376953
"EAST",6,2002,400.796600341797,295.762939453125,299.813827514648,26.6638275146485,303.864715576172
"EAST",7,2002,206.605895996094,296.977844238281,301.143218994141,27.9932189941406,305.30859375
"EAST",8,2002,146.154373168945,296.419097900391,301.098358154297,27.9483581542969,305.777618408203
"EAST",9,2002,112.784767150879,297.015899658203,301.164184570312,28.0141845703125,305.312469482422
"EAST",10,2002,80.0259323120117,294.629455566406,299.515396118164,26.3653961181641,304.401336669922
"EAST",11,2002,74.152473449707,287.809753417969,293.786727905273,20.6367279052735,299.763702392578
"EAST",12,2002,92.3281021118164,286.449523925781,291.761108398438,18.6111083984375,297.072692871094
"EAST",1,2003,20.8242645263672,281.054260253906,287.733016967773,14.5830169677735,294.411773681641
"EAST",2,2003,29.7985687255859,287.005401611328,293.258895874023,20.1088958740235,299.512390136719
"EAST",3,2003,134.656219482422,291.666412353516,297.188858032227,24.0388580322266,302.711303710938
"EAST",4,2003,96.0577697753906,290.015594482422,295.450820922852,22.3008209228516,300.886047363281
"EAST",5,2003,233.44465637207,294.677307128906,299.436950683594,26.2869506835938,304.196594238281
"EAST",6,2003,197.51741027832,296.291625976562,300.447113037109,27.2971130371094,304.602600097656
"EAST",7,2003,99.5107879638672,296.858428955078,301.167007446289,28.0170074462891,305.4755859375
"EAST",8,2003,263.523803710938,296.5498046875,300.868179321289,27.7181793212891,305.186553955078
"EAST",9,2003,192.600433349609,296.2119140625,300.368743896484,27.2187438964844,304.525573730469
"EAST",10,2003,42.5338439941406,294.142791748047,298.610473632812,25.4604736328125,303.078155517578
"EAST",11,2003,121.063690185547,291.007598876953,295.908248901367,22.7582489013672,300.808898925781
"EAST",12,2003,63.9118881225586,284.867004394531,290.471755981445,17.3217559814453,296.076507568359
"EAST",1,2004,48.8604469299316,284.136932373047,290.314224243164,17.1642242431641,296.491516113281
"EAST",2,2004,81.6712951660156,286.718597412109,292.421875,19.271875,298.125152587891
"EAST",3,2004,25.7921772003174,288.744445800781,293.999359130859,20.8493591308594,299.254272460938
"EAST",4,2004,53.9673042297363,288.757598876953,294.627624511719,21.4776245117188,300.497650146484
"EAST",5,2004,75.5425643920898,293.054595947266,297.874282836914,24.7242828369141,302.693969726562
"EAST",6,2004,131.832626342773,295.529357910156,300.482223510742,27.3322235107422,305.435089111328
"EAST",7,2004,195.318145751953,295.477722167969,300.664031982422,27.5140319824219,305.850341796875
"EAST",8,2004,248.118927001953,295.986541748047,300.562088012695,27.4120880126953,305.137634277344
"EAST",9,2004,389.611633300781,296.558868408203,300.420776367188,27.2707763671875,304.282684326172
"EAST",10,2004,66.4288787841797,292.723510742188,297.402008056641,24.2520080566406,302.080505371094
"EAST",11,2004,35.4374046325684,289.828887939453,294.819427490234,21.6694274902344,299.809967041016
"EAST",12,2004,42.5485343933105,285.168579101562,290.7353515625,17.5853515625,296.302124023438
"EAST",1,2005,42.3006057739258,285.116485595703,290.838012695312,17.6880126953125,296.559539794922
"EAST",2,2005,42.9624519348145,285.071655273438,291.158569335938,18.0085693359375,297.245483398438
"EAST",3,2005,176.072570800781,286.562164306641,292.250228881836,19.100228881836,297.938293457031
"EAST",4,2005,60.2255973815918,287.353332519531,293.456604003906,20.3066040039063,299.559875488281
"EAST",5,2005,100.666633605957,292.641204833984,297.557678222656,24.4076782226563,302.474151611328
"EAST",6,2005,358.173767089844,295.580810546875,299.440399169922,26.2903991699219,303.299987792969
"EAST",7,2005,166.875518798828,297.319305419922,301.671890258789,28.5218902587891,306.024475097656
"EAST",8,2005,216.070678710938,297.309722900391,301.826171875,28.676171875,306.342620849609
"EAST",9,2005,201.211318969727,296.181579589844,300.442184448242,27.2921844482422,304.702789306641
"EAST",10,2005,196.593002319336,293.872283935547,298.249801635742,25.0998016357422,302.627319335938
"EAST",11,2005,142.534927368164,291.134368896484,295.639526367188,22.4895263671875,300.144683837891
"EAST",12,2005,34.7039985656738,285.542083740234,291.108764648438,17.9587646484375,296.675445556641
"EAST",1,2006,23.3929214477539,285.841552734375,291.499816894531,18.3498168945313,297.158081054688
"EAST",2,2006,83.9784469604492,284.155395507812,290.497451782227,17.3474517822266,296.839508056641
"EAST",3,2006,22.6420001983643,287.388214111328,293.410705566406,20.2607055664063,299.433197021484
"EAST",4,2006,47.8006210327148,290.645660400391,296.6171875,23.4671875,302.588714599609
"EAST",5,2006,64.1135101318359,291.749908447266,297.988037109375,24.838037109375,304.226165771484
"EAST",6,2006,155.558181762695,295.396606445312,300.144714355469,26.9947143554688,304.892822265625
"EAST",7,2006,180.929138183594,296.320190429688,300.689483642578,27.5394836425781,305.058776855469
"EAST",8,2006,212.584548950195,296.361297607422,301.159439086914,28.0094390869141,305.957580566406
"EAST",9,2006,180.031936645508,295.654754638672,300.331848144531,27.1818481445313,305.008941650391
"EAST",10,2006,26.1372776031494,292.360992431641,297.672958374023,24.5229583740235,302.984924316406
"EAST",11,2006,70.666748046875,288.538879394531,293.77490234375,20.62490234375,299.010925292969
"EAST",12,2006,118.963401794434,290.965850830078,294.94319152832,21.7931915283203,298.920532226562
"EAST",1,2007,17.7606639862061,288.216186523438,293.272308349609,20.1223083496094,298.328430175781
"EAST",2,2007,37.1609268188477,285.303253173828,291.297622680664,18.1476226806641,297.2919921875
"EAST",3,2007,23.5341873168945,288.605621337891,294.040267944336,20.890267944336,299.474914550781
"EAST",4,2007,61.6914482116699,288.943359375,295.325653076172,22.1756530761719,301.707946777344
"EAST",5,2007,79.0955810546875,292.899475097656,297.999572753906,24.8495727539063,303.099670410156
"EAST",6,2007,274.121612548828,294.999755859375,299.912750244141,26.7627502441406,304.825744628906
"EAST",7,2007,237.305282592773,296.323486328125,301.173431396484,28.0234313964844,306.023376464844
"EAST",8,2007,143.148284912109,297.004760742188,301.694305419922,28.5443054199219,306.383850097656
"EAST",9,2007,246.206771850586,296.205810546875,300.341339111328,27.1913391113281,304.476867675781
"EAST",10,2007,222.702987670898,296.111846923828,299.671585083008,26.5215850830078,303.231323242188
"EAST",11,2007,46.4118843078613,289.924438476562,294.743942260742,21.5939422607422,299.563446044922
"EAST",12,2007,47.2423439025879,289.682525634766,294.480987548828,21.3309875488281,299.279449462891
"EAST",1,2008,37.2418594360352,286.461517333984,291.690475463867,18.5404754638672,296.91943359375
"EAST",2,2008,89.750114440918,288.963256835938,294.148651123047,20.9986511230469,299.334045410156
"EAST",3,2008,121.054985046387,289.589630126953,294.618881225586,21.468881225586,299.648132324219
"EAST",4,2008,80.3486251831055,289.740875244141,295.34635925293,22.1963592529297,300.951843261719
"EAST",5,2008,73.6366271972656,293.474700927734,299.078964233398,25.9289642333985,304.683227539062
"EAST",6,2008,181.507278442383,295.230560302734,300.072937011719,26.9229370117188,304.915313720703
"EAST",7,2008,196.617263793945,296.053741455078,300.619323730469,27.4693237304688,305.184906005859
"EAST",8,2008,285.474914550781,296.862213134766,301.289764404297,28.1397644042969,305.717315673828
"EAST",9,2008,162.259674072266,296.841369628906,300.480850219727,27.3308502197266,304.120330810547
"EAST",10,2008,134.595428466797,293.211669921875,297.629180908203,24.4791809082031,302.046691894531
"EAST",11,2008,31.3879871368408,286.651214599609,292.569625854492,19.4196258544922,298.488037109375
"EAST",12,2008,46.784107208252,287.576171875,292.744354248047,19.5943542480469,297.912536621094
"EAST",1,2009,5.92763566970825,283.348388671875,289.879013061523,16.7290130615235,296.409637451172
"EAST",2,2009,8.84189128875732,284.287506103516,290.641189575195,17.4911895751953,296.994873046875
"EAST",3,2009,59.1135482788086,287.520538330078,293.217742919922,20.0677429199219,298.914947509766
"EAST",4,2009,39.1626091003418,289.722717285156,295.629425048828,22.4794250488281,301.5361328125
"EAST",5,2009,237.587326049805,293.355163574219,298.505493164062,25.3554931640625,303.655822753906
"EAST",6,2009,176.38557434082,295.556518554688,300.714019775391,27.5640197753906,305.871520996094
"EAST",7,2009,208.987228393555,296.143768310547,301.166900634766,28.0169006347656,306.190032958984
"EAST",8,2009,175.136138916016,297.18994140625,301.736236572266,28.5862365722656,306.282531738281
"EAST",9,2009,179.114273071289,296.060394287109,300.582794189453,27.4327941894531,305.105194091797
"EAST",10,2009,35.8806114196777,294.171203613281,299.198532104492,26.0485321044922,304.225860595703
"EAST",11,2009,69.3579177856445,289.866394042969,294.933364868164,21.7833648681641,300.000335693359
"EAST",12,2009,141.207046508789,288.2998046875,293.223648071289,20.0736480712891,298.147491455078
"EAST",1,2010,51.9546508789062,282.134613037109,287.932037353516,14.7820373535156,293.729461669922
"EAST",2,2010,75.2151412963867,282.381500244141,288.091156005859,14.9411560058594,293.800811767578
"EAST",3,2010,230.016906738281,284.561798095703,290.445007324219,17.2950073242188,296.328216552734
"EAST",4,2010,133.575317382812,291.502471923828,295.867446899414,22.7174468994141,300.232421875
"EAST",5,2010,130.400634765625,295.437774658203,299.573638916016,26.4236389160156,303.709503173828
"EAST",6,2010,187.329696655273,297.618438720703,301.938385009766,28.7883850097656,306.258331298828
"EAST",7,2010,141.766052246094,298.186004638672,302.051010131836,28.901010131836,305.916015625
"EAST",8,2010,275.026977539062,297.693786621094,301.880325317383,28.7303253173828,306.066864013672
"EAST",9,2010,244.445861816406,296.908264160156,300.930526733398,27.7805267333985,304.952789306641
"EAST",10,2010,17.9508228302002,292.571350097656,297.48388671875,24.33388671875,302.396423339844
"EAST",11,2010,27.5473918914795,289.061126708984,294.440032958984,21.2900329589844,299.818939208984
"EAST",12,2010,17.7226123809814,279.529876708984,286.411026000977,13.2610260009766,293.292175292969
"EAST",1,2011,65.6281127929688,283.137786865234,290.156784057617,17.0067840576172,297.17578125
"EAST",2,2011,15.6077346801758,285.99365234375,293.262741088867,20.1127410888672,300.531829833984
"EAST",3,2011,72.3326873779297,287.581665039062,294.562484741211,21.412484741211,301.543304443359
"EAST",4,2011,29.6514835357666,292.155792236328,298.420150756836,25.270150756836,304.684509277344
"EAST",5,2011,65.4575424194336,292.481231689453,298.977432250977,25.8274322509766,305.4736328125
"EAST",6,2011,146.78645324707,294.719360351562,300.784332275391,27.6343322753906,306.849304199219
"EAST",7,2011,168.661331176758,296.122161865234,301.157165527344,28.0071655273438,306.192169189453
"EAST",8,2011,247.613296508789,296.547668457031,301.791809082031,28.6418090820313,307.035949707031
"EAST",9,2011,197.865417480469,295.824523925781,300.580169677734,27.4301696777344,305.335815429688
"EAST",10,2011,252.536209106445,293.076232910156,297.728073120117,24.5780731201172,302.379913330078
"EAST",11,2011,34.9971160888672,290.269378662109,295.241302490234,22.0913024902344,300.213226318359
"EAST",12,2011,55.7901802062988,286.833526611328,292.589767456055,19.4397674560547,298.346008300781
"EAST",1,2012,9.27109050750732,284.286804199219,291.099746704102,17.9497467041016,297.912689208984
"EAST",2,2012,80.7215270996094,288.117279052734,293.995162963867,20.8451629638672,299.873046875
"EAST",3,2012,89.769660949707,289.631011962891,295.216247558594,22.0662475585938,300.801483154297
"EAST",4,2012,59.0376243591309,290.478729248047,296.519012451172,23.3690124511719,302.559295654297
"EAST",5,2012,173.381896972656,293.441101074219,298.714691162109,25.5646911621094,303.98828125
"EAST",6,2012,207.184310913086,295.066741943359,300.268905639648,27.1189056396485,305.471069335938
"EAST",7,2012,145.055435180664,295.517822265625,301.278015136719,28.1280151367188,307.038208007812
"EAST",8,2012,432.464813232422,296.202301025391,301.580169677734,28.4301696777344,306.958038330078
"EAST",9,2012,163.93879699707,295.725738525391,300.198120117188,27.0481201171875,304.670501708984
"EAST",10,2012,176.699920654297,293.706756591797,298.264892578125,25.114892578125,302.823028564453
"EAST",11,2012,31.9868297576904,287.124114990234,292.821350097656,19.6713500976563,298.518585205078
"EAST",12,2012,69.4838638305664,287.261871337891,293.292953491211,20.142953491211,299.324035644531
"EAST",1,2013,38.474781036377,287.654235839844,293.55012512207,20.4001251220703,299.446014404297
"EAST",2,2013,72.1009063720703,286.718048095703,293.239166259766,20.0891662597656,299.760284423828
"EAST",3,2013,30.4040069580078,283.373565673828,291.088653564453,17.9386535644531,298.803741455078
"EAST",4,2013,115.021896362305,292.091064453125,297.741409301758,24.5914093017578,303.391754150391
"EAST",5,2013,258.095336914062,292.645660400391,297.973571777344,24.8235717773438,303.301483154297
"EAST",6,2013,297.867706298828,295.440673828125,300.170639038086,27.020639038086,304.900604248047
"EAST",7,2013,262.935424804688,295.288421630859,300.024154663086,26.874154663086,304.759887695312
"EAST",8,2013,135.3388671875,295.76123046875,300.581512451172,27.4315124511719,305.401794433594
"EAST",9,2013,269.169830322266,295.321990966797,299.66064453125,26.51064453125,303.999298095703
"EAST",10,2013,20.2551136016846,294.158599853516,298.795669555664,25.6456695556641,303.432739257812
"EAST",11,2013,114.39461517334,291.725952148438,296.009506225586,22.859506225586,300.293060302734
"EAST",12,2013,38.9554672241211,290.019836425781,295.139190673828,21.9891906738281,300.258544921875
"EAST",1,2014,232.372222900391,285.363983154297,290.583694458008,17.4336944580078,295.803405761719
"EAST",2,2014,59.2230567932129,288.996490478516,294.252288818359,21.1022888183594,299.508087158203
"EAST",3,2014,67.1179275512695,288.660461425781,293.928726196289,20.7787261962891,299.196990966797
"EAST",4,2014,42.6492385864258,291.760559082031,296.661499023438,23.5114990234375,301.562438964844
"EAST",5,2014,117.435203552246,294.054382324219,298.411987304688,25.2619873046875,302.769592285156
"EAST",6,2014,243.114547729492,295.344909667969,299.734252929688,26.5842529296875,304.123596191406
"EAST",7,2014,254.744827270508,297.029968261719,301.017333984375,27.867333984375,305.004699707031
"EAST",8,2014,171.006881713867,297.227569580078,301.462875366211,28.312875366211,305.698181152344
"EAST",9,2014,258.265075683594,296.168731689453,300.011611938477,26.8616119384766,303.8544921875
"EAST",10,2014,88.9907379150391,292.928253173828,297.594696044922,24.4446960449219,302.261138916016
"EAST",11,2014,57.2931976318359,288.932464599609,293.954528808594,20.8045288085938,298.976593017578
"EAST",12,2014,40.7131423950195,287.806365966797,293.045028686523,19.8950286865235,298.28369140625
"EAST",1,2015,22.5543518066406,287.525543212891,292.613327026367,19.4633270263672,297.701110839844
"EAST",2,2015,139.222198486328,285.225952148438,291.023986816406,17.8739868164063,296.822021484375
"EAST",3,2015,45.5866661071777,291.721771240234,296.412231445312,23.2622314453125,301.102691650391
"EAST",4,2015,94.8226089477539,294.040283203125,298.582138061523,25.4321380615235,303.123992919922
"EAST",5,2015,66.377685546875,294.415466308594,298.736923217773,25.5869232177735,303.058380126953
"EAST",6,2015,119.67561340332,296.019104003906,300.471176147461,27.321176147461,304.923248291016
"EAST",7,2015,185.943710327148,296.937042236328,301.36962890625,28.21962890625,305.802215576172
"EAST",8,2015,170.525253295898,296.839141845703,301.523056030273,28.3730560302735,306.206970214844
"EAST",9,2015,245.340225219727,296.827514648438,300.893280029297,27.7432800292969,304.959045410156
"EAST",10,2015,29.346097946167,295.139465332031,298.998687744141,25.8486877441406,302.85791015625
"EAST",11,2015,81.7516174316406,294.5966796875,298.473159790039,25.3231597900391,302.349639892578
"EAST",12,2015,162.268188476562,293.758178710938,297.355682373047,24.2056823730469,300.953186035156
"EAST",1,2016,229.278472900391,285.616638183594,290.585006713867,17.4350067138672,295.553375244141
"EAST",2,2016,77.3095092773438,285.210327148438,290.824478149414,17.6744781494141,296.438629150391
"EAST",3,2016,101.436164855957,291.334899902344,296.240692138672,23.0906921386719,301.146484375
"EAST",4,2016,25.4399089813232,291.553497314453,296.65217590332,23.5021759033203,301.750854492188
"EAST",5,2016,229.21842956543,293.343292236328,298.418075561523,25.2680755615235,303.492858886719
"EAST",6,2016,203.352783203125,296.758483886719,300.982116699219,27.8321166992188,305.205749511719
"EAST",7,2016,98.3347396850586,297.712585449219,302.093215942383,28.9432159423828,306.473846435547
"EAST",8,2016,264.470458984375,297.662658691406,301.648559570312,28.4985595703125,305.634460449219
"EAST",9,2016,187.298522949219,296.922210693359,300.981475830078,27.8314758300781,305.040740966797
"EAST",10,2016,136.032852172852,295.0322265625,298.625503540039,25.4755035400391,302.218780517578
"EAST",11,2016,6.95449876785278,289.436157226562,294.653991699219,21.5039916992188,299.871826171875
"EAST",12,2016,33.8113670349121,290.773986816406,295.487762451172,22.3377624511719,300.201538085938
"EAST",1,2017,33.1836471557617,286.380554199219,292.42626953125,19.27626953125,298.471984863281
"EAST",2,2017,60.0596580505371,287.683319091797,293.883850097656,20.7338500976563,300.084381103516
"EAST",3,2017,24.6124000549316,288.203033447266,293.849044799805,20.6990447998047,299.495056152344
"EAST",4,2017,92.0629959106445,291.832092285156,296.718902587891,23.5689025878906,301.605712890625
"EAST",5,2017,120.155715942383,293.781036376953,299.046997070312,25.8969970703125,304.312957763672
"EAST",6,2017,370.291412353516,296.935363769531,300.633148193359,27.4831481933594,304.330932617188
"EAST",7,2017,222.936401367188,297.596649169922,301.656448364258,28.5064483642578,305.716247558594
"EAST",8,2017,125.992454528809,297.636993408203,301.750198364258,28.6001983642578,305.863403320312
"EAST",9,2017,289.241516113281,297.135009765625,301.096252441406,27.9462524414063,305.057495117188
"EAST",10,2017,284.478088378906,294.665924072266,298.389770507812,25.2397705078125,302.113616943359
"EAST",11,2017,106.444580078125,292.052581787109,296.381240844727,23.2312408447266,300.709899902344
"EAST",12,2017,35.8689155578613,287.300506591797,292.981704711914,19.8317047119141,298.662902832031
"EAST",1,2018,74.0106048583984,285.494689941406,290.598068237305,17.4480682373047,295.701446533203
"EAST",2,2018,13.3607330322266,291.301849365234,295.959228515625,22.809228515625,300.616607666016
"EAST",3,2018,12.9730701446533,285.673675537109,292.28401184082,19.1340118408203,298.894348144531
"EAST",4,2018,119.647735595703,290.701049804688,296.274444580078,23.1244445800781,301.847839355469
"EAST",5,2018,527.466369628906,294.342590332031,297.994720458984,24.8447204589844,301.646850585938
"EAST",6,2018,292.519439697266,295.912963867188,300.420654296875,27.270654296875,304.928344726562
"EAST",7,2018,223.355453491211,296.682708740234,301.264587402344,28.1145874023438,305.846466064453
"EAST",8,2018,239.917114257812,296.85498046875,301.06706237793,27.9170623779297,305.279144287109
"EAST",9,2018,171.740417480469,296.797210693359,300.899520874023,27.7495208740235,305.001831054688
"EAST",10,2018,39.2345581054688,294.736846923828,299.188873291016,26.0388732910156,303.640899658203
"EAST",11,2018,60.3767013549805,290.61767578125,295.742324829102,22.5923248291016,300.866973876953
"EAST",12,2018,28.6674976348877,287.334533691406,292.926345825195,19.7763458251953,298.518157958984
"EAST",1,2019,162.939910888672,285.246032714844,290.962127685547,17.8121276855469,296.67822265625
"EAST",2,2019,68.3696212768555,290.224884033203,295.234741210938,22.0847412109375,300.244598388672
"EAST",3,2019,59.3514823913574,289.082611083984,294.26872253418,21.1187225341797,299.454833984375
"EAST",4,2019,77.4845809936523,291.666656494141,296.801513671875,23.651513671875,301.936370849609
"EAST",5,2019,209.096145629883,294.312713623047,298.995162963867,25.8451629638672,303.677612304688
"EAST",6,2019,232.789321899414,296.615631103516,301.191787719727,28.0417877197266,305.767944335938
"EAST",7,2019,174.836349487305,297.205139160156,301.621200561523,28.4712005615235,306.037261962891
"EAST",8,2019,373.839630126953,297.458190917969,301.69367980957,28.5436798095703,305.929168701172
"EAST",9,2019,135.765182495117,296.873809814453,300.818313598633,27.6683135986328,304.762817382812
"EAST",10,2019,131.897430419922,296.289978027344,300.195343017578,27.0453430175781,304.100708007812
"EAST",11,2019,70.2155456542969,290.133514404297,295.210388183594,22.0603881835938,300.287261962891
"EAST",12,2019,259.296905517578,289.374908447266,294.204925537109,21.0549255371094,299.034942626953
"EAST",1,2020,51.6505432128906,287.6943359375,293.029754638672,19.8797546386719,298.365173339844
"EAST",2,2020,63.1737327575684,288.030944824219,293.511581420898,20.3615814208985,298.992218017578
"EAST",3,2020,3.16389203071594,290.629730224609,296.327651977539,23.1776519775391,302.025573730469
"EAST",4,2020,111.237739562988,292.746551513672,298.200729370117,25.0507293701172,303.654907226562
"EAST",5,2020,329.701446533203,293.471527099609,298.450775146484,25.3007751464844,303.430023193359
"EAST",6,2020,286.804412841797,296.85205078125,301.051498413086,27.901498413086,305.250946044922
"EAST",7,2020,275.843231201172,297.091461181641,301.672286987305,28.5222869873047,306.253112792969
"EAST",8,2020,224.506927490234,297.94677734375,302.189163208008,29.0391632080078,306.431549072266
"EAST",9,2020,215.752014160156,297.409912109375,301.28108215332,28.1310821533203,305.152252197266
"EAST",10,2020,259.548919677734,296.619476318359,300.0205078125,26.8705078125,303.421539306641
"EAST",11,2020,194.198928833008,293.640808105469,297.415786743164,24.2657867431641,301.190765380859
"EAST",12,2020,75.4023513793945,285.926849365234,291.336532592773,18.1865325927735,296.746215820312
"EAST",1,2021,8.14087104797363,285.376678466797,291.056686401367,17.9066864013672,296.736694335938
"EAST",2,2021,58.7458457946777,289.310699462891,294.593368530273,21.4433685302735,299.876037597656
"EAST",3,2021,19.2565803527832,290.176971435547,295.323867797852,22.1738677978516,300.470764160156
"EAST",4,2021,97.31005859375,290.791656494141,296.21891784668,23.0689178466797,301.646179199219
"EAST",5,2021,29.5081520080566,294.352325439453,299.014251708984,25.8642517089844,303.676177978516
"EAST",6,2021,238.633560180664,296.0712890625,300.183547973633,27.0335479736328,304.295806884766
"EAST",7,2021,245.382110595703,296.911712646484,300.989837646484,27.8398376464844,305.067962646484
"EAST",8,2021,202.659118652344,297.574462890625,301.486892700195,28.3368927001953,305.399322509766
"EAST",9,2021,202.382659912109,296.197113037109,300.549453735352,27.3994537353516,304.901794433594
"EAST",10,2021,121.744140625,294.626190185547,298.828857421875,25.678857421875,303.031524658203
"EAST",11,2021,124.318435668945,289.613525390625,294.153472900391,21.0034729003906,298.693420410156
"EAST",12,2021,47.1512107849121,289.14306640625,294.456344604492,21.3063446044922,299.769622802734
"EAST",1,2022,73.5304794311523,285.431640625,291.060607910156,17.9106079101563,296.689575195312
"EAST",2,2022,39.6790657043457,288.123413085938,293.370941162109,20.2209411621094,298.618469238281
"EAST",3,2022,60.2179565429688,290.481811523438,295.816497802734,22.6664978027344,301.151184082031
"EAST",4,2022,77.2101669311523,292.083404541016,296.863739013672,23.7137390136719,301.644073486328
"EAST",5,2022,98.0239791870117,294.314392089844,299.04704284668,25.8970428466797,303.779693603516
"EAST",6,2022,269.869781494141,296.068115234375,300.441650390625,27.291650390625,304.815185546875
"EAST",7,2022,186.586532592773,297.661560058594,301.613327026367,28.4633270263672,305.565093994141
"EAST",8,2022,92.3013381958008,297.796691894531,302.036163330078,28.8861633300781,306.275634765625
"EAST",9,2022,386.252044677734,296.629577636719,300.838485717773,27.6884857177735,305.047393798828
"EAST",10,2022,80.7043914794922,293.737426757812,297.868759155273,24.7187591552735,302.000091552734
"EAST",11,2022,140.773803710938,293.696350097656,297.597244262695,24.4472442626953,301.498138427734
"EAST",12,2022,76.5750198364258,288.838439941406,293.477935791016,20.3279357910156,298.117431640625
"EAST",1,2023,12.0236005783081,287.345642089844,293.058288574219,19.9082885742188,298.770935058594
"EAST",2,2023,33.7940483093262,290.005920410156,295.387344360352,22.2373443603516,300.768768310547
"EAST",3,2023,14.6390743255615,290.401550292969,296.173965454102,23.0239654541016,301.946380615234
"EAST",4,2023,195.294708251953,293.479522705078,298.034408569336,24.884408569336,302.589294433594
"EAST",5,2023,143.62858581543,294.258239746094,298.77294921875,25.62294921875,303.287658691406
"EAST",6,2023,259.178375244141,296.498840332031,301.012573242188,27.8625732421875,305.526306152344
"EAST",7,2023,165.766448974609,298.142272949219,302.522689819336,29.372689819336,306.903106689453
"EAST",8,2023,190.851318359375,298.559173583984,302.640335083008,29.4903350830078,306.721496582031
"EAST",9,2023,189.256210327148,296.929107666016,301.021759033203,27.8717590332031,305.114410400391
"EAST",10,2023,109.40315246582,294.580169677734,298.567474365234,25.4174743652344,302.554779052734
"EAST",11,2023,85.8893966674805,291.75927734375,296.070877075195,22.9208770751953,300.382476806641
"EAST",12,2023,133.78987121582,288.916259765625,293.114440917969,19.9644409179688,297.312622070312
"EAST",1,2024,56.5162239074707,288.041290283203,292.611923217773,19.4619232177735,297.182556152344
"EAST",2,2024,83.2527389526367,286.346923828125,291.910140991211,18.760140991211,297.473358154297
"EAST",3,2024,46.2122650146484,290.820373535156,295.893737792969,22.7437377929688,300.967102050781
"EAST",4,2024,49.9395751953125,290.894134521484,296.306396484375,23.156396484375,301.718658447266
"EAST",5,2024,63.5474472045898,295.791839599609,300.888519287109,27.7385192871094,305.985198974609
"EAST",6,2024,380.608062744141,297.272003173828,301.205047607422,28.0550476074219,305.138092041016
"EAST",7,2024,140.106658935547,298.139862060547,302.262786865234,29.1127868652344,306.385711669922
"EAST",8,2024,215.942047119141,298.026489257812,301.977890014648,28.8278900146485,305.929290771484
"EAST",9,2024,250.89990234375,298.046600341797,301.921142578125,28.771142578125,305.795684814453
"EAST",10,2024,166.513534545898,295.571594238281,298.768753051758,25.6187530517578,301.965911865234
"EAST",11,2024,21.6469230651855,291.960876464844,296.226318359375,23.076318359375,300.491760253906
"EAST",12,2024,57.9739227294922,288.088500976562,293.208786010742,20.0587860107422,298.329071044922
"EAST",1,2025,12.7902421951294,284.473083496094,290.88395690918,17.7339569091797,297.294830322266
"EAST",2,2025,22.1233749389648,282.699829101562,290.264953613281,17.1149536132813,297.830078125
"EAST",3,2025,63.5488128662109,287.572845458984,294.032135009766,20.8821350097656,300.491424560547
"EAST",4,2025,9.22424602508545,291.367492675781,296.733261108398,23.5832611083985,302.099029541016
"EAST",5,2025,171.27180480957,295.308227539062,300.34716796875,27.19716796875,305.386108398438
"EAST",6,2025,193.260879516602,296.533416748047,300.988464355469,27.8384643554688,305.443511962891
"EAST",7,2025,193.694320678711,297.506011962891,301.85627746582,28.7062774658203,306.20654296875
"EAST",8,2025,128.575302124023,297.636932373047,302.321914672852,29.1719146728516,307.006896972656
"EAST",9,2025,245.471633911133,296.918182373047,300.857681274414,27.7076812744141,304.797180175781
"EAST",10,2025,190.005386352539,294.818206787109,298.702575683594,25.5525756835938,302.586944580078
"EAST",11,2025,16.1832752227783,288.853912353516,294.614501953125,21.464501953125,300.375091552734
"EAST",12,2025,28.5043869018555,288.582122802734,294.176635742188,21.0266357421875,299.771148681641
"EVER",1,1994,78.1364364624023,287.638336181641,292.704391479492,19.5543914794922,297.770446777344
"EVER",2,1994,92.5330657958984,289.946502685547,295.083984375,21.933984375,300.221466064453
"EVER",3,1994,55.3895454406738,288.944030761719,295.01985168457,21.8698516845703,301.095672607422
"EVER",4,1994,117.249389648438,292.484161376953,298.022491455078,24.8724914550781,303.560821533203
"EVER",5,1994,96.4967803955078,293.588653564453,299.313781738281,26.1637817382813,305.038909912109
"EVER",6,1994,184.600570678711,296.597259521484,301.439010620117,28.2890106201172,306.28076171875
"EVER",7,1994,129.458740234375,296.478942871094,301.306686401367,28.1566864013672,306.134429931641
"EVER",8,1994,208.711166381836,296.615783691406,301.254302978516,28.1043029785156,305.892822265625
"EVER",9,1994,285.921478271484,296.563201904297,300.593246459961,27.443246459961,304.623291015625
"EVER",10,1994,170.95556640625,294.942047119141,299.402435302734,26.2524353027344,303.862823486328
"EVER",11,1994,168.33918762207,293.281677246094,297.453109741211,24.303109741211,301.624542236328
"EVER",12,1994,125.595634460449,290.474945068359,294.704620361328,21.5546203613281,298.934295654297
"EVER",1,1995,78.6698913574219,285.586517333984,291.310592651367,18.1605926513672,297.03466796875
"EVER",2,1995,34.4622840881348,286.384490966797,292.198059082031,19.0480590820313,298.011627197266
"EVER",3,1995,56.9301948547363,290.01171875,295.13542175293,21.9854217529297,300.259124755859
"EVER",4,1995,71.6513366699219,291.849639892578,297.259140014648,24.1091400146485,302.668640136719
"EVER",5,1995,121.133628845215,294.832366943359,300.248184204102,27.0981842041016,305.664001464844
"EVER",6,1995,357.587493896484,295.643981933594,300.412841796875,27.262841796875,305.181701660156
"EVER",7,1995,229.519119262695,296.944061279297,301.550262451172,28.4002624511719,306.156463623047
"EVER",8,1995,330.987731933594,297.620574951172,301.836715698242,28.6867156982422,306.052856445312
"EVER",9,1995,216.776443481445,296.999145507812,301.29118347168,28.1411834716797,305.583221435547
"EVER",10,1995,284.729217529297,296.315521240234,300.120407104492,26.9704071044922,303.92529296875
"EVER",11,1995,19.9231662750244,289.683197021484,294.914810180664,21.7648101806641,300.146423339844
"EVER",12,1995,19.6006145477295,286.485900878906,291.733535766602,18.5835357666016,296.981170654297
"EVER",1,1996,50.2831230163574,285.743133544922,291.570037841797,18.4200378417969,297.396942138672
"EVER",2,1996,16.604642868042,284.227844238281,291.183349609375,18.033349609375,298.138854980469
"EVER",3,1996,81.8004608154297,286.736541748047,292.624130249023,19.4741302490235,298.51171875
"EVER",4,1996,50.8853492736816,289.970794677734,295.874816894531,22.7248168945313,301.778839111328
"EVER",5,1996,198.360061645508,293.945068359375,299.021667480469,25.8716674804688,304.098266601562
"EVER",6,1996,269.760986328125,295.454772949219,300.15251159668,27.0025115966797,304.850250244141
"EVER",7,1996,93.3949661254883,297.333038330078,301.889129638672,28.7391296386719,306.445220947266
"EVER",8,1996,170.048873901367,296.414886474609,301.306289672852,28.1562896728516,306.197692871094
"EVER",9,1996,161.008850097656,296.411987304688,301.261779785156,28.1117797851563,306.111572265625
"EVER",10,1996,201.866226196289,294.263458251953,298.603424072266,25.4534240722656,302.943389892578
"EVER",11,1996,17.5010852813721,290.357879638672,295.548812866211,22.398812866211,300.73974609375
"EVER",12,1996,17.3958969116211,287.277191162109,293.287963867188,20.1379638671875,299.298736572266
"EVER",1,1997,55.4173278808594,286.051391601562,292.285308837891,19.1353088378906,298.519226074219
"EVER",2,1997,45.3319816589355,289.930877685547,295.672515869141,22.5225158691406,301.414154052734
"EVER",3,1997,68.6701583862305,290.927429199219,296.785949707031,23.6359497070313,302.644470214844
"EVER",4,1997,127.493919372559,291.084442138672,296.514343261719,23.3643432617188,301.944244384766
"EVER",5,1997,119.215393066406,293.692291259766,299.064254760742,25.9142547607422,304.436218261719
"EVER",6,1997,281.117279052734,295.776763916016,300.582458496094,27.4324584960938,305.388153076172
"EVER",7,1997,204.052886962891,296.912384033203,301.877014160156,28.7270141601563,306.841644287109
"EVER",8,1997,195.700836181641,297.305603027344,302.074249267578,28.9242492675781,306.842895507812
"EVER",9,1997,203.16650390625,296.586700439453,300.952911376953,27.8029113769531,305.319122314453
"EVER",10,1997,32.5671463012695,293.6337890625,298.669540405273,25.5195404052735,303.705291748047
"EVER",11,1997,82.9144439697266,290.712005615234,295.503494262695,22.3534942626953,300.294982910156
"EVER",12,1997,164.661849975586,288.512664794922,293.110992431641,19.9609924316406,297.709320068359
"EVER",1,1998,53.9195213317871,288.869964599609,293.51594543457,20.3659454345703,298.161926269531
"EVER",2,1998,151.441589355469,287.72607421875,293.006637573242,19.8566375732422,298.287200927734
"EVER",3,1998,134.730224609375,288.067474365234,293.32585144043,20.1758514404297,298.584228515625
"EVER",4,1998,17.7149906158447,290.616760253906,296.315460205078,23.1654602050781,302.01416015625
"EVER",5,1998,82.0975112915039,293.174224853516,299.251647949219,26.1016479492188,305.329071044922
"EVER",6,1998,112.122093200684,296.593109130859,302.17951965332,29.0295196533203,307.765930175781
"EVER",7,1998,172.924468994141,297.049621582031,302.077438354492,28.9274383544922,307.105255126953
"EVER",8,1998,210.930877685547,297.620178222656,302.336715698242,29.1867156982422,307.053253173828
"EVER",9,1998,271.283111572266,297.286590576172,301.465469360352,28.3154693603516,305.644348144531
"EVER",10,1998,83.9730453491211,295.3251953125,299.78630065918,26.6363006591797,304.247406005859
"EVER",11,1998,180.528747558594,292.647674560547,297.235809326172,24.0858093261719,301.823944091797
"EVER",12,1998,33.2250823974609,290.096740722656,295.07975769043,21.9297576904297,300.062774658203
"EVER",1,1999,78.6826477050781,288.080596923828,293.453994750977,20.3039947509766,298.827392578125
"EVER",2,1999,12.9376087188721,286.516510009766,292.905715942383,19.7557159423828,299.294921875
"EVER",3,1999,15.5857048034668,286.023406982422,293.017974853516,19.8679748535156,300.012542724609
"EVER",4,1999,43.1259536743164,290.473175048828,297.234603881836,24.084603881836,303.996032714844
"EVER",5,1999,124.437171936035,291.613555908203,298.040023803711,24.890023803711,304.466491699219
"EVER",6,1999,352.821960449219,295.679046630859,300.112380981445,26.9623809814453,304.545715332031
"EVER",7,1999,156.35823059082,296.987365722656,301.575820922852,28.4258209228516,306.164276123047
"EVER",8,1999,233.540130615234,297.4345703125,301.879806518555,28.7298065185547,306.325042724609
"EVER",9,1999,273.837982177734,296.5458984375,300.882705688477,27.7327056884766,305.219512939453
"EVER",10,1999,304.446502685547,294.872131347656,298.917388916016,25.7673889160156,302.962646484375
"EVER",11,1999,53.6075057983398,290.769744873047,295.511413574219,22.3614135742188,300.253082275391
"EVER",12,1999,26.8498306274414,288.471801757812,293.444900512695,20.2949005126953,298.417999267578
"EVER",1,2000,24.7037334442139,286.28125,292.224044799805,19.0740447998047,298.166839599609
"EVER",2,2000,28.1499900817871,286.917755126953,292.816345214844,19.6663452148438,298.714935302734
"EVER",3,2000,39.4020347595215,290.170074462891,295.863525390625,22.713525390625,301.556976318359
"EVER",4,2000,100.820602416992,289.447296142578,295.567687988281,22.4176879882813,301.688079833984
"EVER",5,2000,40.3854789733887,292.962738037109,298.780349731445,25.6303497314453,304.597961425781
"EVER",6,2000,170.299789428711,295.668792724609,300.553268432617,27.4032684326172,305.437744140625
"EVER",7,2000,191.151168823242,296.755981445312,301.247192382812,28.0971923828125,305.738403320312
"EVER",8,2000,168.073287963867,296.728820800781,301.399642944336,28.249642944336,306.070465087891
"EVER",9,2000,193.056427001953,297.060272216797,301.454895019531,28.3048950195313,305.849517822266
"EVER",10,2000,160.538360595703,293.147247314453,297.856948852539,24.7069488525391,302.566650390625
"EVER",11,2000,15.133469581604,289.332061767578,294.948013305664,21.7980133056641,300.56396484375
"EVER",12,2000,42.291820526123,286.751983642578,292.228759765625,19.078759765625,297.705535888672
"EVER",1,2001,13.8595733642578,282.549224853516,289.346588134766,16.1965881347656,296.143951416016
"EVER",2,2001,1.67267191410065,289.386688232422,295.292251586914,22.1422515869141,301.197814941406
"EVER",3,2001,94.9379425048828,288.483520507812,294.732360839844,21.5823608398438,300.981201171875
"EVER",4,2001,39.6566543579102,289.795928955078,296.145141601562,22.9951416015625,302.494354248047
"EVER",5,2001,128.304122924805,291.588104248047,297.562683105469,24.4126831054688,303.537261962891
"EVER",6,2001,216.578475952148,295.413543701172,300.563385009766,27.4133850097656,305.713226318359
"EVER",7,2001,261.619537353516,296.204040527344,300.760116577148,27.6101165771485,305.316192626953
"EVER",8,2001,221.735137939453,297.49169921875,301.900588989258,28.7505889892578,306.309478759766
"EVER",9,2001,352.175231933594,296.265075683594,300.344360351562,27.1943603515625,304.423645019531
"EVER",10,2001,181.157684326172,294.908203125,298.893188476562,25.7431884765625,302.878173828125
"EVER",11,2001,36.6572723388672,291.25439453125,296.041732788086,22.891732788086,300.829071044922
"EVER",12,2001,44.1888580322266,290.181579589844,295.074920654297,21.9249206542969,299.96826171875
"EVER",1,2002,33.7901992797852,287.278381347656,292.952102661133,19.8021026611328,298.625823974609
"EVER",2,2002,90.8681030273438,287.120910644531,292.876342773438,19.7263427734375,298.631774902344
"EVER",3,2002,28.608528137207,290.622833251953,296.144744873047,22.9947448730469,301.666656494141
"EVER",4,2002,36.443286895752,291.959350585938,297.851455688477,24.7014556884766,303.743560791016
"EVER",5,2002,106.177314758301,293.600433349609,299.144622802734,25.9946228027344,304.688812255859
"EVER",6,2002,392.971649169922,295.924530029297,300.142044067383,26.9920440673828,304.359558105469
"EVER",7,2002,223.367309570312,297.194610595703,301.478530883789,28.3285308837891,305.762451171875
"EVER",8,2002,173.085037231445,297.213897705078,301.695358276367,28.5453582763672,306.176818847656
"EVER",9,2002,175.113433837891,297.603179931641,301.539138793945,28.3891387939453,305.47509765625
"EVER",10,2002,73.1604156494141,295.709808349609,300.319778442383,27.1697784423828,304.929748535156
"EVER",11,2002,66.5803756713867,289.238128662109,294.839431762695,21.6894317626953,300.440734863281
"EVER",12,2002,81.3770141601562,287.793060302734,292.974716186523,19.8247161865235,298.156372070312
"EVER",1,2003,24.8142032623291,282.750732421875,289.028991699219,15.8789916992188,295.307250976562
"EVER",2,2003,29.8058738708496,288.247253417969,294.376602172852,21.2266021728516,300.505950927734
"EVER",3,2003,123.198547363281,292.263519287109,297.595901489258,24.4459014892578,302.928283691406
"EVER",4,2003,85.0921401977539,290.658447265625,296.214492797852,23.0644927978516,301.770538330078
"EVER",5,2003,229.259155273438,294.852020263672,299.904098510742,26.7540985107422,304.956176757812
"EVER",6,2003,258.749847412109,296.870849609375,300.910736083984,27.7607360839844,304.950622558594
"EVER",7,2003,148.25749206543,297.222808837891,301.651000976562,28.5010009765625,306.079193115234
"EVER",8,2003,233.354019165039,297.223083496094,301.460067749023,28.3100677490235,305.697052001953
"EVER",9,2003,271.465515136719,297.166595458984,301.234359741211,28.084359741211,305.302124023438
"EVER",10,2003,40.7111473083496,295.1376953125,299.622924804688,26.4729248046875,304.108154296875
"EVER",11,2003,84.1998977661133,291.84375,296.544906616211,23.394906616211,301.246063232422
"EVER",12,2003,42.6477432250977,285.623413085938,291.11572265625,17.96572265625,296.608032226562
"EVER",1,2004,65.1902236938477,284.713165283203,290.981033325195,17.8310333251953,297.248901367188
"EVER",2,2004,84.2160873413086,287.751251220703,293.36003112793,20.2100311279297,298.968811035156
"EVER",3,2004,11.9569892883301,288.920562744141,294.502944946289,21.3529449462891,300.085327148438
"EVER",4,2004,67.2206802368164,289.190246582031,295.197448730469,22.0474487304688,301.204650878906
"EVER",5,2004,40.9760475158691,293.065856933594,298.367706298828,25.2177062988281,303.669555664062
"EVER",6,2004,143.135162353516,296.130340576172,301.320266723633,28.1702667236328,306.510192871094
"EVER",7,2004,203.103881835938,296.151763916016,301.249069213867,28.0990692138672,306.346374511719
"EVER",8,2004,287.451782226562,297.238220214844,301.70378112793,28.5537811279297,306.169342041016
"EVER",9,2004,216.976364135742,297.374114990234,301.125137329102,27.9751373291016,304.876159667969
"EVER",10,2004,84.9000549316406,294.125305175781,298.611312866211,25.461312866211,303.097320556641
"EVER",11,2004,25.4276371002197,290.907043457031,295.818542480469,22.6685424804688,300.730041503906
"EVER",12,2004,19.0361042022705,286.969451904297,292.146453857422,18.9964538574219,297.323455810547
"EVER",1,2005,29.4639892578125,286.015655517578,291.726135253906,18.5761352539063,297.436614990234
"EVER",2,2005,15.847149848938,286.384368896484,292.288619995117,19.1386199951172,298.19287109375
"EVER",3,2005,108.785980224609,287.894195556641,293.60417175293,20.4541717529297,299.314147949219
"EVER",4,2005,58.2110443115234,288.040679931641,294.536849975586,21.386849975586,301.033020019531
"EVER",5,2005,76.5955200195312,292.560516357422,298.106964111328,24.9569641113281,303.653411865234
"EVER",6,2005,425.548126220703,296.304016113281,300.242752075195,27.0927520751953,304.181488037109
"EVER",7,2005,183.411682128906,298.242889404297,302.294311523438,29.1443115234375,306.345733642578
"EVER",8,2005,261.071624755859,298.047271728516,302.286880493164,29.1368804931641,306.526489257812
"EVER",9,2005,223.73486328125,297.234680175781,301.431045532227,28.2810455322266,305.627410888672
"EVER",10,2005,142.587829589844,295.002838134766,299.116790771484,25.9667907714844,303.230743408203
"EVER",11,2005,55.6230506896973,291.621673583984,296.43408203125,23.28408203125,301.246490478516
"EVER",12,2005,20.7720146179199,286.639282226562,292.304275512695,19.1542755126953,297.969268798828
"EVER",1,2006,10.5264139175415,286.476196289062,292.376129150391,19.2261291503906,298.276062011719
"EVER",2,2006,75.2271881103516,285.251983642578,291.580017089844,18.4300170898438,297.908050537109
"EVER",3,2006,15.0823917388916,287.665283203125,294.105895996094,20.9558959960938,300.546508789062
"EVER",4,2006,27.1865234375,290.133697509766,296.653869628906,23.5038696289063,303.174041748047
"EVER",5,2006,99.0828552246094,291.761871337891,298.182723999023,25.0327239990235,304.603576660156
"EVER",6,2006,160.981781005859,295.646636962891,300.685119628906,27.5351196289063,305.723602294922
"EVER",7,2006,289.065582275391,296.6396484375,301.044052124023,27.8940521240235,305.448455810547
"EVER",8,2006,240.782257080078,297.148376464844,301.764617919922,28.6146179199219,306.380859375
"EVER",9,2006,208.596939086914,296.747619628906,301.213806152344,28.0638061523438,305.679992675781
"EVER",10,2006,30.2686977386475,293.468902587891,298.578659057617,25.4286590576172,303.688415527344
"EVER",11,2006,35.9789390563965,289.378570556641,294.524520874023,21.3745208740235,299.670471191406
"EVER",12,2006,61.9588165283203,291.104614257812,295.437942504883,22.2879425048828,299.771270751953
"EVER",1,2007,19.989839553833,288.406707763672,293.851699829102,20.7016998291016,299.296691894531
"EVER",2,2007,39.7808952331543,286.140716552734,292.209976196289,19.0599761962891,298.279235839844
"EVER",3,2007,29.7591857910156,288.658264160156,294.777786254883,21.6277862548828,300.897308349609
"EVER",4,2007,85.2181396484375,289.113983154297,295.707977294922,22.5579772949219,302.301971435547
"EVER",5,2007,85.9444198608398,292.032073974609,297.794036865234,24.6440368652344,303.555999755859
"EVER",6,2007,256.335693359375,295.421173095703,300.349838256836,27.199838256836,305.278503417969
"EVER",7,2007,216.764602661133,296.898071289062,301.705108642578,28.5551086425781,306.512145996094
"EVER",8,2007,126.783981323242,297.373474121094,302.243072509766,29.0930725097656,307.112670898438
"EVER",9,2007,192.912155151367,296.508026123047,301.129837036133,27.9798370361328,305.751647949219
"EVER",10,2007,157.742156982422,296.411865234375,300.353149414062,27.2031494140625,304.29443359375
"EVER",11,2007,19.1299915313721,290.017456054688,295.467971801758,22.3179718017578,300.918487548828
"EVER",12,2007,34.4547920227051,289.752899169922,295.166152954102,22.0161529541016,300.579406738281
"EVER",1,2008,20.4813613891602,286.169952392578,292.144638061523,18.9946380615235,298.119323730469
"EVER",2,2008,83.8115386962891,289.209655761719,294.735229492188,21.5852294921875,300.260803222656
"EVER",3,2008,79.8588485717773,289.255920410156,294.965515136719,21.8155151367188,300.675109863281
"EVER",4,2008,98.5691986083984,289.929382324219,295.897064208984,22.7470642089844,301.86474609375
"EVER",5,2008,32.3529434204102,292.841003417969,298.861770629883,25.7117706298828,304.882537841797
"EVER",6,2008,250.839218139648,295.703857421875,300.762649536133,27.6126495361328,305.821441650391
"EVER",7,2008,223.157577514648,296.417572021484,301.070510864258,27.9205108642578,305.723449707031
"EVER",8,2008,333.749755859375,297.303863525391,301.626495361328,28.4764953613281,305.949127197266
"EVER",9,2008,203.068572998047,297.329437255859,301.176666259766,28.0266662597656,305.023895263672
"EVER",10,2008,108.456703186035,293.779205322266,298.11589050293,24.9658905029297,302.452575683594
"EVER",11,2008,12.6148719787598,287.710083007812,293.40950012207,20.2595001220703,299.108917236328
"EVER",12,2008,23.8426666259766,288.318542480469,293.464340209961,20.314340209961,298.610137939453
"EVER",1,2009,8.2467155456543,284.054962158203,290.613815307617,17.4638153076172,297.172668457031
"EVER",2,2009,13.1054315567017,284.605712890625,291.450012207031,18.3000122070313,298.294311523438
"EVER",3,2009,42.8082389831543,287.530456542969,293.790420532227,20.6404205322266,300.050384521484
"EVER",4,2009,10.2795400619507,289.789733886719,296.121520996094,22.9715209960938,302.453308105469
"EVER",5,2009,181.521179199219,293.082427978516,298.785614013672,25.6356140136719,304.488800048828
"EVER",6,2009,257.953369140625,295.930297851562,301.031829833984,27.8818298339844,306.133361816406
"EVER",7,2009,190.214370727539,297.074066162109,301.959533691406,28.8095336914063,306.845001220703
"EVER",8,2009,179.551635742188,297.720642089844,302.394180297852,29.2441802978516,307.067718505859
"EVER",9,2009,211.963653564453,297.236663818359,301.575469970703,28.4254699707031,305.914276123047
"EVER",10,2009,37.9530754089355,295.053283691406,300.075286865234,26.9252868652344,305.097290039062
"EVER",11,2009,69.3985137939453,290.809265136719,295.89909362793,22.7490936279297,300.988922119141
"EVER",12,2009,87.5275268554688,289.249725341797,294.04638671875,20.89638671875,298.843048095703
"EVER",1,2010,46.8472442626953,282.711975097656,288.729400634766,15.5794006347656,294.746826171875
"EVER",2,2010,80.8255233764648,282.943267822266,289.218505859375,16.068505859375,295.493743896484
"EVER",3,2010,99.9441375732422,284.714141845703,291.056076049805,17.9060760498047,297.398010253906
"EVER",4,2010,112.234535217285,290.788421630859,296.028030395508,22.8780303955078,301.267639160156
"EVER",5,2010,74.3774566650391,294.647827148438,299.880798339844,26.7307983398438,305.11376953125
"EVER",6,2010,162.421249389648,297.512817382812,302.472839355469,29.3228393554688,307.432861328125
"EVER",7,2010,159.804840087891,297.562377929688,302.167175292969,29.0171752929688,306.77197265625
"EVER",8,2010,270.989166259766,297.681701660156,302.381881713867,29.2318817138672,307.082061767578
"EVER",9,2010,218.217742919922,297.142242431641,301.543380737305,28.3933807373047,305.944519042969
"EVER",10,2010,36.6146049499512,293.467407226562,298.655548095703,25.5055480957031,303.843688964844
"EVER",11,2010,48.5755310058594,289.404235839844,295.184371948242,22.0343719482422,300.964508056641
"EVER",12,2010,19.5344219207764,280.447723388672,287.612335205078,14.4623352050781,294.776947021484
"EVER",1,2011,55.8393707275391,283.787322998047,290.646026611328,17.4960266113281,297.504730224609
"EVER",2,2011,5.9330940246582,286.299987792969,293.539367675781,20.3893676757813,300.778747558594
"EVER",3,2011,48.4956359863281,287.500152587891,294.70002746582,21.5500274658203,301.89990234375
"EVER",4,2011,41.4795112609863,291.533905029297,298.477844238281,25.3278442382813,305.421783447266
"EVER",5,2011,59.3676719665527,292.659606933594,299.311508178711,26.161508178711,305.963409423828
"EVER",6,2011,185.884094238281,294.993255615234,301.080459594727,27.9304595947266,307.167663574219
"EVER",7,2011,203.507751464844,296.688720703125,301.555725097656,28.4057250976563,306.422729492188
"EVER",8,2011,271.9931640625,297.257598876953,302.08088684082,28.9308868408203,306.904174804688
"EVER",9,2011,191.497924804688,296.65869140625,301.240020751953,28.0900207519531,305.821350097656
"EVER",10,2011,297.389739990234,293.724060058594,298.336364746094,25.1863647460938,302.948669433594
"EVER",11,2011,17.4716567993164,290.730773925781,295.884094238281,22.7340942382813,301.037414550781
"EVER",12,2011,19.6177005767822,287.949005126953,293.446746826172,20.2967468261719,298.944488525391
"EVER",1,2012,3.8976137638092,284.975280761719,291.722915649414,18.5729156494141,298.470550537109
"EVER",2,2012,60.545783996582,288.684173583984,294.494842529297,21.3448425292969,300.305511474609
"EVER",3,2012,42.8017616271973,289.639892578125,295.611389160156,22.4613891601563,301.582885742188
"EVER",4,2012,192.656387329102,290.103637695312,296.393096923828,23.2430969238281,302.682556152344
"EVER",5,2012,206.079025268555,293.223968505859,298.627700805664,25.4777008056641,304.031433105469
"EVER",6,2012,205.009567260742,295.410980224609,300.503128051758,27.3531280517578,305.595275878906
"EVER",7,2012,181.942367553711,295.824279785156,300.983306884766,27.8333068847656,306.142333984375
"EVER",8,2012,287.037994384766,296.653198242188,301.663482666016,28.5134826660156,306.673767089844
"EVER",9,2012,176.58659362793,296.169250488281,300.691421508789,27.5414215087891,305.213592529297
"EVER",10,2012,181.669525146484,294.721221923828,299.150894165039,26.0008941650391,303.58056640625
"EVER",11,2012,7.76572895050049,287.709106445312,293.393676757812,20.2436767578125,299.078247070312
"EVER",12,2012,33.443000793457,288.339965820312,293.952087402344,20.8020874023438,299.564208984375
"EVER",1,2013,10.0205307006836,288.254058837891,294.062240600586,20.912240600586,299.870422363281
"EVER",2,2013,44.526309967041,287.342987060547,293.695404052734,20.5454040527344,300.047821044922
"EVER",3,2013,27.5096607208252,283.863739013672,291.503448486328,18.3534484863281,299.143157958984
"EVER",4,2013,155.955780029297,292.049865722656,297.830978393555,24.6809783935547,303.612091064453
"EVER",5,2013,207.623718261719,292.327270507812,298.250701904297,25.1007019042969,304.174133300781
"EVER",6,2013,235.099212646484,295.477783203125,300.348861694336,27.198861694336,305.219940185547
"EVER",7,2013,282.421844482422,295.513244628906,300.326034545898,27.1760345458985,305.138824462891
"EVER",8,2013,142.658813476562,296.126586914062,300.973785400391,27.8237854003906,305.820983886719
"EVER",9,2013,200.306411743164,295.832550048828,300.261764526367,27.1117645263672,304.690979003906
"EVER",10,2013,28.018835067749,295.036651611328,299.573913574219,26.4239135742188,304.111175537109
"EVER",11,2013,74.7327117919922,292.414184570312,296.588623046875,23.438623046875,300.763061523438
"EVER",12,2013,27.3437442779541,290.884948730469,295.791030883789,22.6410308837891,300.697113037109
"EVER",1,2014,70.262825012207,285.423400878906,291.323165893555,18.1731658935547,297.222930908203
"EVER",2,2014,40.4335136413574,288.937286376953,295.107482910156,21.9574829101563,301.277679443359
"EVER",3,2014,49.1729965209961,288.35107421875,294.602828979492,21.4528289794922,300.854583740234
"EVER",4,2014,41.7470703125,290.851226806641,296.967437744141,23.8174377441406,303.083648681641
"EVER",5,2014,73.618278503418,292.734985351562,298.673919677734,25.5239196777344,304.612854003906
"EVER",6,2014,226.620407104492,294.747192382812,300.221786499023,27.0717864990235,305.696380615234
"EVER",7,2014,227.941284179688,296.993469238281,301.733764648438,28.5837646484375,306.474060058594
"EVER",8,2014,187.406814575195,297.6064453125,302.362518310547,29.2125183105469,307.118591308594
"EVER",9,2014,216.012954711914,296.562377929688,300.882934570312,27.7329345703125,305.203491210938
"EVER",10,2014,56.0653190612793,293.769805908203,298.857971191406,25.7079711914063,303.946136474609
"EVER",11,2014,66.6311798095703,289.067077636719,294.363098144531,21.2130981445313,299.659118652344
"EVER",12,2014,23.2748889923096,288.039978027344,293.581695556641,20.4316955566406,299.123413085938
"EVER",1,2015,15.1777696609497,287.7998046875,293.324783325195,20.1747833251953,298.849761962891
"EVER",2,2015,53.9061126708984,284.792999267578,291.345321655273,18.1953216552735,297.897644042969
"EVER",3,2015,29.1777858734131,290.490692138672,296.531845092773,23.3818450927735,302.572998046875
"EVER",4,2015,116.150131225586,292.886108398438,298.612915039062,25.4629150390625,304.339721679688
"EVER",5,2015,49.8220748901367,293.229125976562,299.014923095703,25.8649230957031,304.800720214844
"EVER",6,2015,125.026641845703,295.950256347656,300.961502075195,27.8115020751953,305.972747802734
"EVER",7,2015,164.577087402344,296.428527832031,301.514465332031,28.3644653320313,306.600402832031
"EVER",8,2015,192.276245117188,297.060028076172,301.934188842773,28.7841888427735,306.808349609375
"EVER",9,2015,233.622375488281,297.019195556641,301.381408691406,28.2314086914063,305.743621826172
"EVER",10,2015,88.8776702880859,295.521728515625,299.651077270508,26.5010772705078,303.780426025391
"EVER",11,2015,96.4312515258789,294.338745117188,298.58073425293,25.4307342529297,302.822723388672
"EVER",12,2015,160.367416381836,293.923767089844,297.484680175781,24.3346801757813,301.045593261719
"EVER",1,2016,261.578826904297,286.983551025391,291.505325317383,18.3553253173828,296.027099609375
"EVER",2,2016,56.6865539550781,286.695098876953,291.87092590332,18.7209259033203,297.046752929688
"EVER",3,2016,34.3284034729004,291.723297119141,296.579315185547,23.4293151855469,301.435333251953
"EVER",4,2016,26.3254013061523,291.3818359375,296.937805175781,23.7878051757813,302.493774414062
"EVER",5,2016,184.054351806641,293.988555908203,299.207534790039,26.0575347900391,304.426513671875
"EVER",6,2016,245.512161254883,297.148315429688,301.510879516602,28.3608795166016,305.873443603516
"EVER",7,2016,165.910629272461,298.006011962891,302.436141967773,29.2861419677735,306.866271972656
"EVER",8,2016,293.314331054688,297.768035888672,302.01823425293,28.8682342529297,306.268432617188
"EVER",9,2016,225.260025024414,297.308166503906,301.533966064453,28.3839660644531,305.759765625
"EVER",10,2016,112.030136108398,294.932739257812,298.945556640625,25.795556640625,302.958374023438
"EVER",11,2016,5.76659107208252,290.077026367188,295.353240966797,22.2032409667969,300.629455566406
"EVER",12,2016,33.8380966186523,291.412200927734,296.09342956543,22.9434295654297,300.774658203125
"EVER",1,2017,55.3097457885742,286.956939697266,292.89128112793,19.7412811279297,298.825622558594
"EVER",2,2017,25.5134811401367,288.0908203125,294.45671081543,21.3067108154297,300.822601318359
"EVER",3,2017,48.3019714355469,287.909637451172,294.285491943359,21.1354919433594,300.661346435547
"EVER",4,2017,62.8915939331055,291.294830322266,296.936233520508,23.7862335205078,302.57763671875
"EVER",5,2017,94.4230041503906,293.218811035156,299.247604370117,26.0976043701172,305.276397705078
"EVER",6,2017,455.294250488281,297.078552246094,300.948150634766,27.7981506347656,304.817749023438
"EVER",7,2017,262.833160400391,297.909271240234,301.939971923828,28.7899719238281,305.970672607422
"EVER",8,2017,200.543334960938,298.199523925781,302.251235961914,29.1012359619141,306.302947998047
"EVER",9,2017,424.881896972656,297.744476318359,301.64306640625,28.49306640625,305.541656494141
"EVER",10,2017,205.56787109375,295.300537109375,298.939376831055,25.7893768310547,302.578216552734
"EVER",11,2017,39.3266868591309,292.511199951172,296.793975830078,23.6439758300781,301.076751708984
"EVER",12,2017,30.3552513122559,288.23779296875,293.67903137207,20.5290313720703,299.120269775391
"EVER",1,2018,24.9496154785156,285.94970703125,291.084533691406,17.9345336914063,296.219360351562
"EVER",2,2018,14.5669193267822,291.247650146484,296.29866027832,23.1486602783203,301.349670410156
"EVER",3,2018,15.9557981491089,286.123229980469,293.077835083008,19.9278350830078,300.032440185547
"EVER",4,2018,64.4982299804688,290.365356445312,297.00227355957,23.8522735595703,303.639190673828
"EVER",5,2018,315.705780029297,294.25732421875,298.436553955078,25.2865539550781,302.615783691406
"EVER",6,2018,201.429626464844,296.518798828125,301.129165649414,27.9791656494141,305.739532470703
"EVER",7,2018,239.342300415039,297.520477294922,301.920288085938,28.7702880859375,306.320098876953
"EVER",8,2018,199.839462280273,297.434631347656,301.68049621582,28.5304962158203,305.926361083984
"EVER",9,2018,216.281005859375,297.572875976562,301.635711669922,28.4857116699219,305.698547363281
"EVER",10,2018,47.3339385986328,295.494201660156,299.927917480469,26.7779174804688,304.361633300781
"EVER",11,2018,50.9729385375977,291.691528320312,296.716003417969,23.5660034179688,301.740478515625
"EVER",12,2018,28.2845726013184,288.47607421875,293.857986450195,20.7079864501953,299.239898681641
"EVER",1,2019,120.127937316895,285.435180664062,291.441986083984,18.2919860839844,297.448791503906
"EVER",2,2019,68.3038024902344,290.714508056641,295.863220214844,22.7132202148438,301.011932373047
"EVER",3,2019,54.2781791687012,289.097778320312,294.983779907227,21.8337799072266,300.869781494141
"EVER",4,2019,66.0564270019531,291.850280761719,297.488586425781,24.3385864257813,303.126892089844
"EVER",5,2019,134.345245361328,294.354187011719,299.670455932617,26.5204559326172,304.986724853516
"EVER",6,2019,300.49365234375,296.614379882812,301.55744934082,28.4074493408203,306.500518798828
"EVER",7,2019,228.076095581055,297.528015136719,301.950729370117,28.8007293701172,306.373443603516
"EVER",8,2019,256.892700195312,297.952178955078,301.963333129883,28.8133331298828,305.974487304688
"EVER",9,2019,94.6161117553711,297.318176269531,301.505416870117,28.3554168701172,305.692657470703
"EVER",10,2019,130.495834350586,296.827392578125,300.855606079102,27.7056060791016,304.883819580078
"EVER",11,2019,33.4434967041016,290.630523681641,295.890670776367,22.7406707763672,301.150817871094
"EVER",12,2019,93.9597091674805,289.780059814453,294.633514404297,21.4835144042969,299.486968994141
"EVER",1,2020,38.4438247680664,287.300811767578,293.018096923828,19.8680969238281,298.735382080078
"EVER",2,2020,45.027214050293,288.306274414062,293.977905273438,20.8279052734375,299.649536132812
"EVER",3,2020,9.08708572387695,290.031311035156,296.165069580078,23.0150695800781,302.298828125
"EVER",4,2020,59.096508026123,293.071350097656,299.035934448242,25.8859344482422,305.000518798828
"EVER",5,2020,269.123138427734,293.491607666016,298.766677856445,25.6166778564453,304.041748046875
"EVER",6,2020,188.724166870117,297.214111328125,301.532958984375,28.382958984375,305.851806640625
"EVER",7,2020,279.915863037109,297.423522949219,301.758834838867,28.6088348388672,306.094146728516
"EVER",8,2020,186.812850952148,298.519622802734,302.613037109375,29.463037109375,306.706451416016
"EVER",9,2020,294.089019775391,297.734069824219,301.530319213867,28.3803192138672,305.326568603516
"EVER",10,2020,289.767333984375,296.890197753906,300.406005859375,27.256005859375,303.921813964844
"EVER",11,2020,280.131011962891,293.791900634766,297.486831665039,24.3368316650391,301.181762695312
"EVER",12,2020,54.7779426574707,287.226135253906,292.224487304688,19.0744873046875,297.222839355469
"EVER",1,2021,11.9164142608643,286.761810302734,292.091201782227,18.9412017822266,297.420593261719
"EVER",2,2021,33.5121002197266,290.430480957031,295.415390014648,22.2653900146485,300.400299072266
"EVER",3,2021,11.9969291687012,289.978240966797,295.527465820312,22.3774658203125,301.076690673828
"EVER",4,2021,76.8714752197266,291.041687011719,296.873611450195,23.7236114501953,302.705535888672
"EVER",5,2021,39.8236083984375,293.487396240234,299.104644775391,25.9546447753906,304.721893310547
"EVER",6,2021,237.766891479492,296.250823974609,300.589477539062,27.4394775390625,304.928131103516
"EVER",7,2021,232.93017578125,297.160064697266,301.404754638672,28.2547546386719,305.649444580078
"EVER",8,2021,218.35319519043,297.973175048828,302.013977050781,28.8639770507813,306.054779052734
"EVER",9,2021,248.526824951172,296.802917480469,301.160461425781,28.0104614257813,305.518005371094
"EVER",10,2021,134.397308349609,295.446441650391,299.747833251953,26.5978332519531,304.049224853516
"EVER",11,2021,108.369621276855,290.634704589844,295.03092956543,21.8809295654297,299.427154541016
"EVER",12,2021,18.0840587615967,290.537322998047,295.66389465332,22.5138946533203,300.790466308594
"EVER",1,2022,51.9598236083984,286.945190429688,292.305999755859,19.1559997558594,297.666809082031
"EVER",2,2022,55.5462684631348,289.1015625,294.403671264648,21.2536712646485,299.705780029297
"EVER",3,2022,42.7251396179199,290.831970214844,296.327651977539,23.1776519775391,301.823333740234
"EVER",4,2022,100.131233215332,291.862548828125,297.40380859375,24.25380859375,302.945068359375
"EVER",5,2022,146.765762329102,293.640197753906,299.273574829102,26.1235748291016,304.906951904297
"EVER",6,2022,368.925018310547,296.4267578125,300.846786499023,27.6967864990235,305.266815185547
"EVER",7,2022,173.685928344727,297.864562988281,302.041687011719,28.8916870117188,306.218811035156
"EVER",8,2022,159.227249145508,297.951141357422,302.318466186523,29.1684661865235,306.685791015625
"EVER",9,2022,376.384124755859,297.036499023438,301.428100585938,28.2781005859375,305.819702148438
"EVER",10,2022,78.0378952026367,294.352111816406,298.661193847656,25.5111938476563,302.970275878906
"EVER",11,2022,82.1313400268555,293.828369140625,298.164535522461,25.014535522461,302.500701904297
"EVER",12,2022,67.080940246582,289.203948974609,294.028884887695,20.8788848876953,298.853820800781
"EVER",1,2023,4.94951820373535,287.419982910156,293.403701782227,20.2537017822266,299.387420654297
"EVER",2,2023,32.1753578186035,289.430725097656,295.373168945312,22.2231689453125,301.315612792969
"EVER",3,2023,34.2087211608887,289.509368896484,296.001327514648,22.8513275146485,302.493286132812
"EVER",4,2023,167.229461669922,292.560668945312,298.1162109375,24.9662109375,303.671752929688
"EVER",5,2023,144.762191772461,293.085662841797,298.966674804688,25.8166748046875,304.847686767578
"EVER",6,2023,248.200454711914,296.506622314453,301.229797363281,28.0797973632813,305.952972412109
"EVER",7,2023,171.875411987305,298.327301025391,302.853500366211,29.703500366211,307.379699707031
"EVER",8,2023,212.211212158203,298.516845703125,302.879119873047,29.7291198730469,307.241394042969
"EVER",9,2023,221.355514526367,297.145080566406,301.676940917969,28.5269409179688,306.208801269531
"EVER",10,2023,60.9414482116699,294.726196289062,299.206512451172,26.0565124511719,303.686828613281
"EVER",11,2023,212.368148803711,292.327941894531,296.692962646484,23.5429626464844,301.057983398438
"EVER",12,2023,107.104034423828,289.482543945312,293.612884521484,20.4628845214844,297.743225097656
"EVER",1,2024,62.4159812927246,288.677581787109,293.208770751953,20.0587707519531,297.739959716797
"EVER",2,2024,98.5323028564453,286.189971923828,291.981140136719,18.8311401367188,297.772308349609
"EVER",3,2024,171.678070068359,291.627380371094,296.505340576172,23.3553405761719,301.38330078125
"EVER",4,2024,37.153450012207,290.950500488281,296.465316772461,23.315316772461,301.980133056641
"EVER",5,2024,45.2802047729492,295.340057373047,300.877700805664,27.7277008056641,306.415344238281
"EVER",6,2024,444.322296142578,297.337921142578,301.282516479492,28.1325164794922,305.227111816406
"EVER",7,2024,183.308502197266,298.601623535156,302.669555664062,29.5195556640625,306.737487792969
"EVER",8,2024,225.431396484375,298.417602539062,302.312683105469,29.1626831054688,306.207763671875
"EVER",9,2024,240.372817993164,298.265411376953,302.257720947266,29.1077209472656,306.250030517578
"EVER",10,2024,172.72785949707,295.733764648438,299.274551391602,26.1245513916016,302.815338134766
"EVER",11,2024,16.4470310211182,292.070739746094,296.671142578125,23.521142578125,301.271545410156
"EVER",12,2024,62.0027503967285,288.215026855469,293.441390991211,20.291390991211,298.667755126953
"EVER",1,2025,18.1533908843994,284.859405517578,291.213851928711,18.063851928711,297.568298339844
"EVER",2,2025,7.35857582092285,282.967254638672,290.618927001953,17.4689270019531,298.270599365234
"EVER",3,2025,41.7300338745117,287.309600830078,294.13037109375,20.98037109375,300.951141357422
"EVER",4,2025,15.1908559799194,290.408630371094,296.751159667969,23.6011596679688,303.093688964844
"EVER",5,2025,133.98698425293,294.097015380859,300.071563720703,26.9215637207031,306.046112060547
"EVER",6,2025,202.88883972168,296.029235839844,300.890960693359,27.7409606933594,305.752685546875
"EVER",7,2025,186.746658325195,297.2802734375,301.926025390625,28.776025390625,306.57177734375
"EVER",8,2025,249.042449951172,297.598052978516,302.397659301758,29.2476593017578,307.197265625
"EVER",9,2025,242.924606323242,297.273406982422,301.401153564453,28.2511535644531,305.528900146484
"EVER",10,2025,111.719612121582,295.418609619141,299.500564575195,26.3505645751953,303.58251953125
"EVER",11,2025,32.5119438171387,289.417846679688,295.082397460938,21.9323974609375,300.746948242188
"EVER",12,2025,14.8172435760498,288.883239746094,294.46565246582,21.3156524658203,300.048065185547
"KRV",1,1994,100.402008056641,283.692535400391,289.684555053711,16.534555053711,295.676574707031
"KRV",2,1994,61.9136810302734,286.949981689453,292.749694824219,19.5996948242188,298.549407958984
"KRV",3,1994,56.1757698059082,286.433349609375,293.317260742188,20.1672607421875,300.201171875
"KRV",4,1994,86.8856430053711,290.626220703125,296.813140869141,23.6631408691406,303.000061035156
"KRV",5,1994,70.5635070800781,291.819610595703,298.305618286133,25.1556182861328,304.791625976562
"KRV",6,1994,281.763000488281,294.988128662109,300.289581298828,27.1395812988281,305.591033935547
"KRV",7,1994,176.410949707031,295.028930664062,300.516845703125,27.366845703125,306.004760742188
"KRV",8,1994,199.502044677734,294.972595214844,300.311325073242,27.1613250732422,305.650054931641
"KRV",9,1994,252.864730834961,294.577117919922,299.321685791016,26.1716857910156,304.066253662109
"KRV",10,1994,95.4547348022461,292.468536376953,297.482086181641,24.3320861816406,302.495635986328
"KRV",11,1994,132.08039855957,290.175811767578,295.447204589844,22.2972045898438,300.718597412109
"KRV",12,1994,87.7662124633789,286.466125488281,291.539855957031,18.3898559570313,296.613586425781
"KRV",1,1995,58.5734329223633,281.515899658203,288.074996948242,14.9249969482422,294.634094238281
"KRV",2,1995,51.5479316711426,282.989685058594,289.817596435547,16.6675964355469,296.6455078125
"KRV",3,1995,61.3368759155273,287.342224121094,293.473937988281,20.3239379882813,299.605651855469
"KRV",4,1995,89.2822570800781,289.797637939453,295.840789794922,22.6907897949219,301.883941650391
"KRV",5,1995,61.9335746765137,293.579772949219,299.874954223633,26.7249542236328,306.170135498047
"KRV",6,1995,231.880722045898,294.471435546875,299.853988647461,26.703988647461,305.236541748047
"KRV",7,1995,240.347473144531,295.560455322266,301.135391235352,27.9853912353516,306.710327148438
"KRV",8,1995,247.468826293945,296.701599121094,301.461181640625,28.311181640625,306.220764160156
"KRV",9,1995,160.115768432617,295.513916015625,300.662887573242,27.5128875732422,305.811859130859
"KRV",10,1995,191.603485107422,293.799835205078,298.462707519531,25.3127075195313,303.125579833984
"KRV",11,1995,40.4403343200684,285.340026855469,291.878082275391,18.7280822753906,298.416137695312
"KRV",12,1995,19.4017810821533,282.755523681641,289.038345336914,15.8883453369141,295.321166992188
"KRV",1,1996,116.535758972168,281.439636230469,288.530715942383,15.3807159423828,295.621795654297
"KRV",2,1996,46.9773101806641,281.947601318359,289.301147460938,16.1511474609375,296.654693603516
"KRV",3,1996,163.360702514648,283.549560546875,290.259841918945,17.1098419189453,296.970123291016
"KRV",4,1996,44.5606384277344,287.630981445312,294.36540222168,21.2154022216797,301.099822998047
"KRV",5,1996,113.162857055664,292.658203125,298.644058227539,25.4940582275391,304.629913330078
"KRV",6,1996,210.827102661133,294.006744384766,299.440673828125,26.290673828125,304.874603271484
"KRV",7,1996,105.048286437988,295.472808837891,301.080474853516,27.9304748535156,306.688140869141
"KRV",8,1996,159.012832641602,295.117858886719,300.516967773438,27.3669677734375,305.916076660156
"KRV",9,1996,135.106506347656,294.298736572266,299.876983642578,26.7269836425781,305.455230712891
"KRV",10,1996,96.8101119995117,291.415252685547,296.666122436523,23.5161224365235,301.9169921875
"KRV",11,1996,17.7993602752686,286.648040771484,292.867370605469,19.7173706054688,299.086700439453
"KRV",12,1996,53.0253067016602,283.585601806641,290.224685668945,17.0746856689453,296.86376953125
"KRV",1,1997,39.9756698608398,282.534912109375,289.670272827148,16.5202728271485,296.805633544922
"KRV",2,1997,33.1137733459473,286.650421142578,293.278411865234,20.1284118652344,299.906402587891
"KRV",3,1997,55.3905181884766,289.035583496094,295.344757080078,22.1947570800781,301.653930664062
"KRV",4,1997,137.550994873047,287.903076171875,294.292877197266,21.1428771972656,300.682678222656
"KRV",5,1997,70.0020370483398,291.714874267578,297.760528564453,24.6105285644531,303.806182861328
"KRV",6,1997,179.346038818359,294.219879150391,299.740829467773,26.5908294677735,305.261779785156
"KRV",7,1997,235.241653442383,295.222686767578,300.99577331543,27.8457733154297,306.768859863281
"KRV",8,1997,176.609069824219,295.548645019531,301.005279541016,27.8552795410156,306.4619140625
"KRV",9,1997,156.685424804688,294.398345947266,299.861541748047,26.7115417480469,305.324737548828
"KRV",10,1997,82.2242660522461,290.478363037109,296.320983886719,23.1709838867188,302.163604736328
"KRV",11,1997,138.653060913086,286.758819580078,292.490997314453,19.3409973144531,298.223175048828
"KRV",12,1997,235.606872558594,284.466705322266,289.698913574219,16.5489135742188,294.931121826172
"KRV",1,1998,93.9241333007812,285.102264404297,290.624420166016,17.4744201660156,296.146575927734
"KRV",2,1998,201.950622558594,284.310363769531,290.297485351562,17.1474853515625,296.284606933594
"KRV",3,1998,175.164993286133,284.846374511719,291.061660766602,17.9116607666016,297.276947021484
"KRV",4,1998,30.0523338317871,288.462280273438,294.911193847656,21.7611938476563,301.360107421875
"KRV",5,1998,51.0115432739258,291.913482666016,298.554107666016,25.4041076660156,305.194732666016
"KRV",6,1998,55.0953941345215,295.546630859375,302.333114624023,29.1831146240235,309.119598388672
"KRV",7,1998,214.268112182617,296.203582763672,301.778350830078,28.6283508300781,307.353118896484
"KRV",8,1998,155.442199707031,296.023803710938,301.564147949219,28.4141479492188,307.1044921875
"KRV",9,1998,252.545516967773,295.719390869141,300.217590332031,27.0675903320313,304.715789794922
"KRV",10,1998,44.2555084228516,292.70751953125,298.196090698242,25.0460906982422,303.684661865234
"KRV",11,1998,79.7581329345703,289.365844726562,295.164245605469,22.0142456054688,300.962646484375
"KRV",12,1998,26.1544971466064,286.619812011719,292.6669921875,19.5169921875,298.714172363281
"KRV",1,1999,75.2754745483398,284.409027099609,291.203689575195,18.0536895751953,297.998352050781
"KRV",2,1999,13.2800598144531,283.501159667969,290.782379150391,17.6323791503906,298.063598632812
"KRV",3,1999,21.2759685516357,283.465667724609,291.329971313477,18.1799713134766,299.194274902344
"KRV",4,1999,55.5123710632324,289.179168701172,296.568634033203,23.4186340332031,303.958099365234
"KRV",5,1999,119.55867767334,290.686218261719,297.360473632812,24.2104736328125,304.034729003906
"KRV",6,1999,289.237457275391,294.571166992188,299.682052612305,26.5320526123047,304.792938232422
"KRV",7,1999,123.616111755371,295.452819824219,301.089065551758,27.9390655517578,306.725311279297
"KRV",8,1999,185.000823974609,295.841613769531,301.211578369141,28.0615783691406,306.58154296875
"KRV",9,1999,158.485305786133,294.719390869141,299.774429321289,26.6244293212891,304.829467773438
"KRV",10,1999,148.805313110352,292.097351074219,297.016235351562,23.8662353515625,301.935119628906
"KRV",11,1999,47.523193359375,286.878997802734,292.977752685547,19.8277526855469,299.076507568359
"KRV",12,1999,51.0994644165039,283.856170654297,290.003433227539,16.8534332275391,296.150695800781
"KRV",1,2000,37.0633430480957,282.369140625,289.308990478516,16.1589904785156,296.248840332031
"KRV",2,2000,13.4462738037109,282.920623779297,290.252548217773,17.1025482177735,297.58447265625
"KRV",3,2000,24.6122722625732,287.414428710938,294.283569335938,21.1335693359375,301.152709960938
"KRV",4,2000,51.5161819458008,286.611755371094,294.1650390625,21.0150390625,301.718322753906
"KRV",5,2000,13.8628044128418,291.433685302734,298.636825561523,25.4868255615235,305.839965820312
"KRV",6,2000,160.757888793945,294.040435791016,300.284530639648,27.1345306396485,306.528625488281
"KRV",7,2000,181.406875610352,295.2392578125,300.816360473633,27.6663604736328,306.393463134766
"KRV",8,2000,135.11555480957,295.137451171875,300.667007446289,27.5170074462891,306.196563720703
"KRV",9,2000,185.640426635742,295.109558105469,300.173599243164,27.0235992431641,305.237640380859
"KRV",10,2000,34.5405502319336,289.307189941406,295.623168945312,22.4731689453125,301.939147949219
"KRV",11,2000,23.9054946899414,284.381011962891,291.556213378906,18.4062133789063,298.731414794922
"KRV",12,2000,21.7304344177246,281.937683105469,288.618286132812,15.4682861328125,295.298889160156
"KRV",1,2001,18.013355255127,278.57080078125,286.496780395508,13.3467803955078,294.422760009766
"KRV",2,2001,5.02408313751221,286.343872070312,293.268203735352,20.1182037353516,300.192535400391
"KRV",3,2001,138.107040405273,285.945404052734,292.431335449219,19.2813354492188,298.917266845703
"KRV",4,2001,23.804780960083,288.016510009766,295.050598144531,21.9005981445313,302.084686279297
"KRV",5,2001,68.46875,290.417846679688,297.467239379883,24.3172393798828,304.516632080078
"KRV",6,2001,182.751052856445,294.345733642578,300.016998291016,26.8669982910156,305.688262939453
"KRV",7,2001,254.792251586914,295.599517822266,300.378799438477,27.2287994384766,305.158081054688
"KRV",8,2001,184.514038085938,295.413696289062,300.743423461914,27.5934234619141,306.073150634766
"KRV",9,2001,363.080718994141,294.322387695312,298.831878662109,25.6818786621094,303.341369628906
"KRV",10,2001,76.0740661621094,291.344360351562,296.389083862305,23.2390838623047,301.433807373047
"KRV",11,2001,25.3688659667969,288.243713378906,293.852951049805,20.7029510498047,299.462188720703
"KRV",12,2001,17.928638458252,286.730743408203,292.312591552734,19.1625915527344,297.894439697266
"KRV",1,2002,45.2188720703125,283.522491455078,290.087188720703,16.9371887207031,296.651885986328
"KRV",2,2002,93.6194458007812,283.197845458984,289.641098022461,16.491098022461,296.084350585938
"KRV",3,2002,18.1630516052246,287.501068115234,294.394546508789,21.2445465087891,301.288024902344
"KRV",4,2002,46.4213523864746,290.450714111328,296.878128051758,23.7281280517578,303.305541992188
"KRV",5,2002,64.3879852294922,292.308776855469,298.786437988281,25.6364379882813,305.264099121094
"KRV",6,2002,388.245452880859,294.803924560547,299.671264648438,26.5212646484375,304.538604736328
"KRV",7,2002,222.916275024414,295.766296386719,300.803863525391,27.6538635253906,305.841430664062
"KRV",8,2002,238.961380004883,295.53857421875,300.567306518555,27.4173065185547,305.596038818359
"KRV",9,2002,162.784698486328,296.344970703125,300.922454833984,27.7724548339844,305.499938964844
"KRV",10,2002,90.0988311767578,293.313201904297,298.695495605469,25.5454956054688,304.077789306641
"KRV",11,2002,93.8031997680664,285.270629882812,291.724975585938,18.5749755859375,298.179321289062
"KRV",12,2002,207.968673706055,282.985595703125,289.066024780273,15.9160247802735,295.146453857422
"KRV",1,2003,65.5665130615234,278.624114990234,285.796478271484,12.6464782714844,292.968841552734
"KRV",2,2003,45.8992195129395,284.556365966797,291.313415527344,18.1634155273438,298.070465087891
"KRV",3,2003,124.943199157715,289.872863769531,295.488571166992,22.3385711669922,301.104278564453
"KRV",4,2003,72.4213638305664,288.940307617188,295.362197875977,22.2121978759766,301.784088134766
"KRV",5,2003,96.7861251831055,293.556121826172,299.496078491211,26.346078491211,305.43603515625
"KRV",6,2003,308.289855957031,295.525543212891,300.193405151367,27.0434051513672,304.861267089844
"KRV",7,2003,175.003143310547,295.751922607422,301.027648925781,27.8776489257813,306.303375244141
"KRV",8,2003,246.247634887695,295.8232421875,300.576354980469,27.4263549804688,305.329467773438
"KRV",9,2003,156.242736816406,295.295043945312,300.024826049805,26.8748260498047,304.754608154297
"KRV",10,2003,31.1605014801025,292.129058837891,297.512100219727,24.3621002197266,302.895141601562
"KRV",11,2003,41.2877540588379,288.563415527344,294.556167602539,21.4061676025391,300.548919677734
"KRV",12,2003,66.1705627441406,281.963165283203,288.546829223633,15.3968292236328,295.130493164062
"KRV",1,2004,59.4955368041992,281.182434082031,288.380462646484,15.2304626464844,295.578491210938
"KRV",2,2004,100.541664123535,284.221313476562,290.484756469727,17.3347564697266,296.748199462891
"KRV",3,2004,27.9025115966797,286.145080566406,292.761016845703,19.6110168457031,299.376953125
"KRV",4,2004,55.4243927001953,286.575500488281,293.699523925781,20.5495239257813,300.823547363281
"KRV",5,2004,43.1651611328125,291.174438476562,297.937042236328,24.7870422363281,304.699645996094
"KRV",6,2004,225.711410522461,294.993774414062,300.909332275391,27.7593322753906,306.824890136719
"KRV",7,2004,190.185470581055,295.713897705078,301.10237121582,27.9523712158203,306.490844726562
"KRV",8,2004,330.105041503906,296.157379150391,300.925277709961,27.775277709961,305.693176269531
"KRV",9,2004,365.801055908203,296.012268066406,300.135696411133,26.9856964111328,304.259124755859
"KRV",10,2004,38.3479919433594,292.012115478516,297.439254760742,24.2892547607422,302.866394042969
"KRV",11,2004,31.5117893218994,287.827056884766,293.887832641602,20.7378326416016,299.948608398438
"KRV",12,2004,55.4690742492676,283.073852539062,289.094635009766,15.9446350097656,295.115417480469
"KRV",1,2005,51.6931190490723,283.462829589844,289.739135742188,16.5891357421875,296.015441894531
"KRV",2,2005,61.5476455688477,283.942810058594,290.547378540039,17.3973785400391,297.151947021484
"KRV",3,2005,133.243362426758,285.570953369141,291.592147827148,18.4421478271485,297.613342285156
"KRV",4,2005,76.7848358154297,286.195495605469,293.353851318359,20.2038513183594,300.51220703125
"KRV",5,2005,111.008522033691,291.433746337891,297.355712890625,24.205712890625,303.277679443359
"KRV",6,2005,383.357452392578,295.416381835938,299.729904174805,26.5799041748047,304.043426513672
"KRV",7,2005,184.470977783203,296.834381103516,301.859252929688,28.7092529296875,306.884124755859
"KRV",8,2005,176.288192749023,296.844696044922,302.02165222168,28.8716522216797,307.198608398438
"KRV",9,2005,106.847503662109,295.373718261719,300.335052490234,27.1850524902344,305.29638671875
"KRV",10,2005,220.467742919922,292.104400634766,296.95246887207,23.8024688720703,301.800537109375
"KRV",11,2005,57.4046401977539,288.104034423828,293.770736694336,20.620736694336,299.437438964844
"KRV",12,2005,37.5304756164551,282.394744873047,288.563629150391,15.4136291503906,294.732513427734
"KRV",1,2006,11.7202968597412,283.026184082031,289.969985961914,16.8199859619141,296.913787841797
"KRV",2,2006,84.5322494506836,281.772064208984,289.06396484375,15.91396484375,296.355865478516
"KRV",3,2006,9.39032936096191,285.041290283203,292.378677368164,19.2286773681641,299.716064453125
"KRV",4,2006,27.1150016784668,288.703491210938,296.043045043945,22.8930450439453,303.382598876953
"KRV",5,2006,56.9245109558105,290.707122802734,297.975387573242,24.8253875732422,305.24365234375
"KRV",6,2006,166.704788208008,294.571929931641,300.199768066406,27.0497680664063,305.827606201172
"KRV",7,2006,198.122787475586,295.426239013672,300.743087768555,27.5930877685547,306.059936523438
"KRV",8,2006,210.278457641602,295.499755859375,301.063568115234,27.9135681152344,306.627380371094
"KRV",9,2006,142.101715087891,294.35595703125,299.87776184082,26.7277618408203,305.399566650391
"KRV",10,2006,28.5204257965088,289.732421875,296.298950195312,23.1489501953125,302.865478515625
"KRV",11,2006,39.7138175964355,285.807769775391,291.843658447266,18.6936584472656,297.879547119141
"KRV",12,2006,74.1795883178711,287.636566162109,292.819076538086,19.669076538086,298.001586914062
"KRV",1,2007,39.0682373046875,284.951599121094,290.762405395508,17.6124053955078,296.573211669922
"KRV",2,2007,40.7710075378418,282.472015380859,289.164123535156,16.0141235351563,295.856231689453
"KRV",3,2007,15.5243501663208,285.937591552734,292.93244934082,19.7824493408203,299.927307128906
"KRV",4,2007,55.5917205810547,286.952087402344,294.35270690918,21.2027069091797,301.753326416016
"KRV",5,2007,42.3174858093262,290.8037109375,297.255630493164,24.1056304931641,303.707550048828
"KRV",6,2007,148.147201538086,294.209411621094,299.833786010742,26.6837860107422,305.458160400391
"KRV",7,2007,213.654891967773,295.604522705078,301.157135009766,28.0071350097656,306.709747314453
"KRV",8,2007,133.598388671875,296.230987548828,301.838150024414,28.6881500244141,307.4453125
"KRV",9,2007,138.673034667969,295.271697998047,300.399627685547,27.2496276855469,305.527557373047
"KRV",10,2007,115.832542419434,294.450561523438,299.062042236328,25.9120422363281,303.673522949219
"KRV",11,2007,12.2187604904175,286.475769042969,292.981842041016,19.8318420410156,299.487915039062
"KRV",12,2007,28.8192367553711,286.824371337891,293.088150024414,19.9381500244141,299.351928710938
"KRV",1,2008,64.5304794311523,283.021423339844,289.668594360352,16.5185943603516,296.315765380859
"KRV",2,2008,52.7715911865234,285.081726074219,291.913482666016,18.7634826660156,298.745239257812
"KRV",3,2008,92.3302841186523,286.329833984375,292.924789428711,19.774789428711,299.519744873047
"KRV",4,2008,95.8505935668945,287.979278564453,294.843948364258,21.6939483642578,301.708618164062
"KRV",5,2008,35.3069114685059,292.148986816406,298.834609985352,25.6846099853516,305.520233154297
"KRV",6,2008,216.072402954102,294.316467285156,300.428619384766,27.2786193847656,306.540771484375
"KRV",7,2008,271.372314453125,295.320281982422,300.508331298828,27.3583312988281,305.696380615234
"KRV",8,2008,354.538604736328,296.162689208984,300.861968994141,27.7119689941406,305.561248779297
"KRV",9,2008,75.7999038696289,295.488250732422,300.361862182617,27.2118621826172,305.235473632812
"KRV",10,2008,77.7385864257812,290.563323974609,296.144104003906,22.9941040039063,301.724884033203
"KRV",11,2008,18.3787994384766,283.709930419922,290.544586181641,17.3945861816406,297.379241943359
"KRV",12,2008,30.8524112701416,284.472473144531,290.936676025391,17.7866760253906,297.40087890625
"KRV",1,2009,36.2015609741211,280.604156494141,288.066421508789,14.9164215087891,295.528686523438
"KRV",2,2009,14.2706413269043,281.633361816406,289.21955871582,16.0695587158203,296.805755615234
"KRV",3,2009,22.1103076934814,285.175048828125,292.577941894531,19.4279418945313,299.980834960938
"KRV",4,2009,28.6398372650146,287.244720458984,294.813949584961,21.663949584961,302.383178710938
"KRV",5,2009,276.818359375,292.386505126953,298.66423034668,25.5142303466797,304.941955566406
"KRV",6,2009,216.513641357422,295.148254394531,300.785491943359,27.6354919433594,306.422729492188
"KRV",7,2009,196.492324829102,295.823333740234,301.130905151367,27.9809051513672,306.4384765625
"KRV",8,2009,154.648620605469,296.477752685547,301.682403564453,28.5324035644531,306.887054443359
"KRV",9,2009,162.300109863281,295.159545898438,300.409042358398,27.2590423583985,305.658538818359
"KRV",10,2009,26.7269897460938,292.741333007812,298.642562866211,25.492562866211,304.543792724609
"KRV",11,2009,25.6217670440674,287.618560791016,293.469924926758,20.3199249267578,299.3212890625
"KRV",12,2009,107.301544189453,285.576995849609,291.055526733398,17.9055267333985,296.534057617188
"KRV",1,2010,48.7399139404297,278.761962890625,285.729187011719,12.5791870117188,292.696411132812
"KRV",2,2010,89.1847076416016,279.196685791016,285.642456054688,12.4924560546875,292.088226318359
"KRV",3,2010,212.59391784668,282.106842041016,288.909973144531,15.7599731445313,295.713104248047
"KRV",4,2010,99.4112548828125,288.487060546875,294.900817871094,21.7508178710938,301.314575195312
"KRV",5,2010,101.110694885254,293.248687744141,299.237182617188,26.0871826171875,305.225677490234
"KRV",6,2010,133.180786132812,295.797790527344,301.699676513672,28.5496765136719,307.6015625
"KRV",7,2010,156.122344970703,296.573974609375,301.793075561523,28.6430755615235,307.012176513672
"KRV",8,2010,217.854644775391,296.710754394531,301.669799804688,28.5197998046875,306.628845214844
"KRV",9,2010,124.449310302734,294.994720458984,300.384918212891,27.2349182128906,305.775115966797
"KRV",10,2010,3.30626654624939,289.337615966797,296.298095703125,23.148095703125,303.258575439453
"KRV",11,2010,48.0963821411133,285.941650390625,292.646545410156,19.4965454101563,299.351440429688
"KRV",12,2010,21.1156120300293,276.038970947266,283.886291503906,10.7362915039063,291.733612060547
"KRV",1,2011,103.77368927002,279.404052734375,287.181213378906,14.0312133789063,294.958374023438
"KRV",2,2011,10.7136211395264,283.459808349609,291.675003051758,18.5250030517578,299.890197753906
"KRV",3,2011,175.772979736328,284.935424804688,293.21565246582,20.0656524658203,301.495880126953
"KRV",4,2011,26.8480415344238,290.132202148438,297.408432006836,24.258432006836,304.684661865234
"KRV",5,2011,45.2465896606445,290.095458984375,298.307723999023,25.1577239990235,306.519989013672
"KRV",6,2011,211.463256835938,293.477905273438,301.062484741211,27.912484741211,308.647064208984
"KRV",7,2011,190.094680786133,295.206176757812,301.367568969727,28.2175689697266,307.528961181641
"KRV",8,2011,210.095977783203,296.008850097656,301.869354248047,28.7193542480469,307.729858398438
"KRV",9,2011,167.266693115234,294.773468017578,300.511367797852,27.3613677978516,306.249267578125
"KRV",10,2011,296.190887451172,288.820678710938,294.951080322266,21.8010803222656,301.081481933594
"KRV",11,2011,6.47779273986816,286.997436523438,293.310165405273,20.1601654052735,299.622894287109
"KRV",12,2011,17.1645984649658,284.278076171875,291.270812988281,18.1208129882813,298.263549804688
"KRV",1,2012,5.53449773788452,279.716125488281,288.740936279297,15.5909362792969,297.765747070312
"KRV",2,2012,47.7013168334961,285.434509277344,292.585479736328,19.4354797363281,299.736450195312
"KRV",3,2012,45.9893760681152,287.403564453125,294.765884399414,21.6158843994141,302.128204345703
"KRV",4,2012,33.6132545471191,287.696380615234,295.96923828125,22.81923828125,304.242095947266
"KRV",5,2012,96.9914779663086,291.618438720703,299.006393432617,25.8563934326172,306.394348144531
"KRV",6,2012,310.733032226562,293.307403564453,299.299789428711,26.149789428711,305.292175292969
"KRV",7,2012,148.797546386719,295.039428710938,301.200393676758,28.0503936767578,307.361358642578
"KRV",8,2012,285.776000976562,295.378326416016,301.25910949707,28.1091094970703,307.139892578125
"KRV",9,2012,171.409103393555,294.445526123047,299.861282348633,26.7112823486328,305.277038574219
"KRV",10,2012,105.223564147949,291.605621337891,297.267303466797,24.1173034667969,302.928985595703
"KRV",11,2012,3.89163732528687,283.385772705078,290.607772827148,17.4577728271485,297.829772949219
"KRV",12,2012,72.1946105957031,284.257263183594,291.345169067383,18.1951690673828,298.433074951172
"KRV",1,2013,16.1148223876953,284.904479980469,291.881195068359,18.7311950683594,298.85791015625
"KRV",2,2013,27.5387287139893,283.125,291.321578979492,18.1715789794922,299.518157958984
"KRV",3,2013,30.9505977630615,278.717193603516,288.585296630859,15.4352966308594,298.453399658203
"KRV",4,2013,101.645080566406,290.135284423828,297.285247802734,24.1352478027344,304.435211181641
"KRV",5,2013,121.843574523926,290.265441894531,297.230728149414,24.0807281494141,304.196014404297
"KRV",6,2013,306.529754638672,294.922790527344,300.458251953125,27.308251953125,305.993713378906
"KRV",7,2013,282.647766113281,294.170623779297,299.909133911133,26.7591339111328,305.647644042969
"KRV",8,2013,166.931564331055,294.945831298828,300.656890869141,27.5068908691406,306.367950439453
"KRV",9,2013,153.447372436523,294.040924072266,299.377990722656,26.2279907226563,304.715057373047
"KRV",10,2013,30.2787418365479,291.139953613281,297.490600585938,24.3406005859375,303.841247558594
"KRV",11,2013,50.4839706420898,288.691558837891,294.275634765625,21.125634765625,299.859710693359
"KRV",12,2013,12.8475713729858,285.689117431641,293.0458984375,19.8958984375,300.402679443359
"KRV",1,2014,96.3089599609375,281.128723144531,287.652404785156,14.5024047851563,294.176086425781
"KRV",2,2014,35.6717491149902,285.404144287109,292.144943237305,18.9949432373047,298.8857421875
"KRV",3,2014,88.8210525512695,285.725067138672,292.260055541992,19.1100555419922,298.795043945312
"KRV",4,2014,82.2204971313477,289.341674804688,295.840682983398,22.6906829833985,302.339691162109
"KRV",5,2014,120.102180480957,291.825469970703,298.053146362305,24.9031463623047,304.280822753906
"KRV",6,2014,251.353271484375,294.439666748047,300.177230834961,27.027230834961,305.914794921875
"KRV",7,2014,203.873245239258,295.827575683594,301.143630981445,27.9936309814453,306.459686279297
"KRV",8,2014,150.527923583984,296.210083007812,301.722259521484,28.5722595214844,307.234436035156
"KRV",9,2014,282.327362060547,295.156280517578,300.013977050781,26.8639770507813,304.871673583984
"KRV",10,2014,26.6436653137207,290.674041748047,296.81803894043,23.6680389404297,302.962036132812
"KRV",11,2014,130.946868896484,285.227294921875,291.330261230469,18.1802612304688,297.433227539062
"KRV",12,2014,29.3655586242676,285.064147949219,291.164962768555,18.0149627685547,297.265777587891
"KRV",1,2015,74.0588226318359,283.538970947266,289.691833496094,16.5418334960938,295.844696044922
"KRV",2,2015,139.828887939453,281.794769287109,288.400390625,15.250390625,295.006011962891
"KRV",3,2015,30.4888916015625,289.180938720703,295.431076049805,22.2810760498047,301.681213378906
"KRV",4,2015,146.62060546875,292.318023681641,298.14453125,24.99453125,303.971038818359
"KRV",5,2015,41.2880706787109,292.574890136719,298.833724975586,25.683724975586,305.092559814453
"KRV",6,2015,232.432983398438,294.823425292969,300.797088623047,27.6470886230469,306.770751953125
"KRV",7,2015,233.342010498047,296.171081542969,301.297775268555,28.1477752685547,306.424468994141
"KRV",8,2015,273.593597412109,296.239196777344,301.332916259766,28.1829162597656,306.426635742188
"KRV",9,2015,149.346817016602,296.016723632812,300.792633056641,27.6426330566406,305.568542480469
"KRV",10,2015,37.1604957580566,292.690277099609,297.864013671875,24.714013671875,303.037750244141
"KRV",11,2015,69.2238388061523,291.985778808594,297.158828735352,24.0088287353516,302.331878662109
"KRV",12,2015,49.645378112793,290.628112792969,295.724761962891,22.5747619628906,300.821411132812
"KRV",1,2016,218.708679199219,283.078704833984,288.594787597656,15.4447875976563,294.110870361328
"KRV",2,2016,61.9776954650879,282.381652832031,289.272476196289,16.1224761962891,296.163299560547
"KRV",3,2016,71.0191040039062,288.763977050781,294.998458862305,21.8484588623047,301.232940673828
"KRV",4,2016,57.2993202209473,289.806671142578,296.079208374023,22.9292083740235,302.351745605469
"KRV",5,2016,232.30046081543,292.457672119141,298.470703125,25.320703125,304.483734130859
"KRV",6,2016,244.835479736328,296.2587890625,301.290374755859,28.1403747558594,306.321960449219
"KRV",7,2016,165.837448120117,296.673004150391,302.250411987305,29.1004119873047,307.827819824219
"KRV",8,2016,234.376693725586,296.847381591797,301.627639770508,28.4776397705078,306.407897949219
"KRV",9,2016,213.974014282227,295.859527587891,300.840759277344,27.6907592773438,305.821990966797
"KRV",10,2016,70.8571548461914,292.353088378906,297.486663818359,24.3366638183594,302.620239257812
"KRV",11,2016,6.72385168075562,286.483856201172,293.044281005859,19.8942810058594,299.604705810547
"KRV",12,2016,24.3567981719971,287.609252929688,293.65055847168,20.5005584716797,299.691864013672
"KRV",1,2017,48.2837867736816,284.408843994141,291.038909912109,17.8889099121094,297.668975830078
"KRV",2,2017,34.0539703369141,285.23876953125,292.651123046875,19.501123046875,300.0634765625
"KRV",3,2017,19.9552917480469,285.672332763672,292.953979492188,19.8039794921875,300.235626220703
"KRV",4,2017,23.3414211273193,289.176055908203,296.470901489258,23.3209014892578,303.765747070312
"KRV",5,2017,59.6440505981445,292.511566162109,299.406021118164,26.2560211181641,306.300476074219
"KRV",6,2017,367.996826171875,295.898468017578,300.69660949707,27.5466094970703,305.494750976562
"KRV",7,2017,209.414733886719,296.333435058594,301.540191650391,28.3901916503906,306.746948242188
"KRV",8,2017,157.305221557617,296.835662841797,301.835464477539,28.6854644775391,306.835266113281
"KRV",9,2017,368.432037353516,295.980529785156,300.744735717773,27.5947357177735,305.508941650391
"KRV",10,2017,107.71949005127,293.082855224609,297.660797119141,24.5107971191406,302.238739013672
"KRV",11,2017,23.9666996002197,288.802520751953,294.329071044922,21.1790710449219,299.855621337891
"KRV",12,2017,22.4011554718018,284.838745117188,291.448623657227,18.2986236572266,298.058502197266
"KRV",1,2018,46.1041221618652,281.553131103516,287.93864440918,14.7886444091797,294.324157714844
"KRV",2,2018,17.2634449005127,288.610412597656,295.137145996094,21.9871459960938,301.663879394531
"KRV",3,2018,18.071756362915,283.165771484375,290.955184936523,17.8051849365235,298.744598388672
"KRV",4,2018,69.9916152954102,289.431793212891,296.187118530273,23.0371185302735,302.942443847656
"KRV",5,2018,239.312408447266,293.298248291016,298.144195556641,24.9941955566406,302.990142822266
"KRV",6,2018,278.940216064453,295.653472900391,301.024200439453,27.8742004394531,306.394927978516
"KRV",7,2018,271.067626953125,296.356872558594,301.406188964844,28.2561889648438,306.455505371094
"KRV",8,2018,174.582534790039,296.157409667969,301.298217773438,28.1482177734375,306.439025878906
"KRV",9,2018,120.955764770508,296.340209960938,301.24690246582,28.0969024658203,306.153594970703
"KRV",10,2018,40.942497253418,293.151062011719,298.700653076172,25.5506530761719,304.250244140625
"KRV",11,2018,45.5268135070801,288.212158203125,294.297760009766,21.1477600097656,300.383361816406
"KRV",12,2018,99.2335662841797,284.876159667969,291.014877319336,17.864877319336,297.153594970703
"KRV",1,2019,115.325531005859,282.517517089844,288.969650268555,15.8196502685547,295.421783447266
"KRV",2,2019,69.6770095825195,287.806610107422,294.129608154297,20.9796081542969,300.452606201172
"KRV",3,2019,41.4270057678223,286.467102050781,292.892044067383,19.7420440673828,299.316986083984
"KRV",4,2019,65.3240661621094,290.172546386719,296.577911376953,23.4279113769531,302.983276367188
"KRV",5,2019,93.0293884277344,293.508819580078,299.61799621582,26.4679962158203,305.727172851562
"KRV",6,2019,253.553680419922,295.988311767578,301.432647705078,28.2826477050781,306.876983642578
"KRV",7,2019,230.282669067383,296.446655273438,301.63525390625,28.48525390625,306.823852539062
"KRV",8,2019,269.011505126953,297.225646972656,301.689331054688,28.5393310546875,306.153015136719
"KRV",9,2019,61.1962051391602,295.446899414062,300.755081176758,27.6050811767578,306.063262939453
"KRV",10,2019,129.822235107422,294.900451660156,299.810363769531,26.6603637695313,304.720275878906
"KRV",11,2019,44.868335723877,287.218078613281,293.269622802734,20.1196228027344,299.321166992188
"KRV",12,2019,114.935333251953,286.801513671875,292.319442749023,19.1694427490235,297.837371826172
"KRV",1,2020,28.6738681793213,284.7470703125,291.054763793945,17.9047637939453,297.362457275391
"KRV",2,2020,45.9347534179688,285.300659179688,291.997177124023,18.8471771240235,298.693695068359
"KRV",3,2020,4.08103322982788,288.894378662109,295.777038574219,22.6270385742188,302.659698486328
"KRV",4,2020,121.623336791992,291.170318603516,297.165222167969,24.0152221679688,303.160125732422
"KRV",5,2020,177.347671508789,292.2177734375,298.336090087891,25.1860900878906,304.454406738281
"KRV",6,2020,208.12109375,295.957336425781,300.91716003418,27.7671600341797,305.876983642578
"KRV",7,2020,252.459869384766,296.797058105469,301.731719970703,28.5817199707031,306.666381835938
"KRV",8,2020,267.326904296875,296.954193115234,301.99153137207,28.8415313720703,307.028869628906
"KRV",9,2020,255.545318603516,296.023132324219,300.731552124023,27.5815521240235,305.439971923828
"KRV",10,2020,116.332328796387,295.015930175781,299.464630126953,26.3146301269531,303.913330078125
"KRV",11,2020,94.4454116821289,290.746002197266,295.519912719727,22.3699127197266,300.293823242188
"KRV",12,2020,32.0570373535156,282.282104492188,288.714233398438,15.5642333984375,295.146362304688
"KRV",1,2021,4.65474128723145,282.625427246094,289.332809448242,16.1828094482422,296.040191650391
"KRV",2,2021,108.218040466309,286.460784912109,292.875549316406,19.7255493164063,299.290313720703
"KRV",3,2021,15.8199634552002,287.392547607422,293.812133789062,20.6621337890625,300.231719970703
"KRV",4,2021,124.488883972168,289.13330078125,295.554412841797,22.4044128417969,301.975524902344
"KRV",5,2021,28.5629978179932,291.854187011719,298.446655273438,25.2966552734375,305.039123535156
"KRV",6,2021,238.546112060547,295.423126220703,300.629287719727,27.4792877197266,305.83544921875
"KRV",7,2021,255.243850708008,296.134246826172,301.162704467773,28.0127044677735,306.191162109375
"KRV",8,2021,173.516540527344,296.689910888672,301.661331176758,28.5113311767578,306.632751464844
"KRV",9,2021,219.775314331055,295.161743164062,300.340362548828,27.1903625488281,305.518981933594
"KRV",10,2021,63.0440635681152,292.960296630859,298.543838500977,25.3938385009766,304.127380371094
"KRV",11,2021,89.6199951171875,286.536834716797,292.111557006836,18.961557006836,297.686279296875
"KRV",12,2021,32.1106109619141,286.830871582031,293.36311340332,20.2131134033203,299.895355224609
"KRV",1,2022,38.9044342041016,282.715606689453,289.099853515625,15.949853515625,295.484100341797
"KRV",2,2022,15.9463472366333,284.809875488281,291.766082763672,18.6160827636719,298.722290039062
"KRV",3,2022,104.940010070801,287.96337890625,294.78759765625,21.63759765625,301.61181640625
"KRV",4,2022,89.8428573608398,290.062469482422,296.268020629883,23.1180206298828,302.473571777344
"KRV",5,2022,82.1878204345703,292.661834716797,299.144287109375,25.994287109375,305.626739501953
"KRV",6,2022,197.332550048828,294.988647460938,300.765991210938,27.6159912109375,306.543334960938
"KRV",7,2022,177.123519897461,296.505950927734,301.94026184082,28.7902618408203,307.374572753906
"KRV",8,2022,206.214126586914,296.103179931641,301.616500854492,28.4665008544922,307.129821777344
"KRV",9,2022,493.908630371094,295.351715087891,300.451934814453,27.3019348144531,305.552154541016
"KRV",10,2022,28.86159324646,291.221923828125,296.716903686523,23.5669036865235,302.211883544922
"KRV",11,2022,104.449279785156,290.890411376953,295.61067199707,22.4606719970703,300.330932617188
"KRV",12,2022,36.0835037231445,285.340728759766,290.966110229492,17.8161102294922,296.591491699219
"KRV",1,2023,29.4744930267334,283.644500732422,290.730361938477,17.5803619384766,297.816223144531
"KRV",2,2023,14.034646987915,286.338409423828,293.577713012695,20.4277130126953,300.817016601562
"KRV",3,2023,24.8177757263184,287.477935791016,294.620498657227,21.4704986572266,301.763061523438
"KRV",4,2023,129.017654418945,291.513610839844,297.575729370117,24.4257293701172,303.637847900391
"KRV",5,2023,101.90348815918,291.895874023438,298.276962280273,25.1269622802735,304.658050537109
"KRV",6,2023,213.832824707031,295.198791503906,300.631713867188,27.4817138671875,306.064636230469
"KRV",7,2023,172.348251342773,296.959289550781,302.2578125,29.1078125,307.556335449219
"KRV",8,2023,180.845275878906,297.374603271484,302.440063476562,29.2900634765625,307.505523681641
"KRV",9,2023,220.3232421875,295.148620605469,300.395446777344,27.2454467773438,305.642272949219
"KRV",10,2023,55.847297668457,292.376251220703,297.359664916992,24.2096649169922,302.343078613281
"KRV",11,2023,96.5436782836914,288.908874511719,294.103973388672,20.9539733886719,299.299072265625
"KRV",12,2023,82.2103652954102,286.367279052734,291.341644287109,18.1916442871094,296.316009521484
"KRV",1,2024,103.228507995605,283.994934082031,289.633529663086,16.483529663086,295.272125244141
"KRV",2,2024,61.3967208862305,283.366088867188,289.959884643555,16.8098846435547,296.553680419922
"KRV",3,2024,67.1819229125977,288.662933349609,294.747406005859,21.5974060058594,300.831878662109
"KRV",4,2024,36.7275543212891,288.132843017578,295.224914550781,22.0749145507813,302.316986083984
"KRV",5,2024,50.8070259094238,294.106536865234,300.467666625977,27.3176666259766,306.828796386719
"KRV",6,2024,217.356353759766,295.990600585938,301.300094604492,28.1500946044922,306.609588623047
"KRV",7,2024,201.334854125977,297.017547607422,302.282089233398,29.1320892333985,307.546630859375
"KRV",8,2024,199.316589355469,297.002105712891,301.704376220703,28.5543762207031,306.406646728516
"KRV",9,2024,226.922149658203,296.749755859375,301.367935180664,28.2179351806641,305.986114501953
"KRV",10,2024,160.118911743164,293.056488037109,297.585998535156,24.4359985351563,302.115509033203
"KRV",11,2024,36.1920738220215,288.749969482422,294.455718994141,21.3057189941406,300.161468505859
"KRV",12,2024,37.3556175231934,284.877624511719,290.876937866211,17.726937866211,296.876251220703
"KRV",1,2025,21.5928440093994,280.870880126953,288.58659362793,15.4365936279297,296.302307128906
"KRV",2,2025,64.1965408325195,280.309722900391,288.524932861328,15.3749328613281,296.740142822266
"KRV",3,2025,52.885612487793,284.651519775391,292.493347167969,19.3433471679688,300.335174560547
"KRV",4,2025,8.81744575500488,289.587951660156,296.487564086914,23.3375640869141,303.387176513672
"KRV",5,2025,237.731552124023,293.816986083984,300.093276977539,26.9432769775391,306.369567871094
"KRV",6,2025,188.511291503906,295.440979003906,300.948165893555,27.7981658935547,306.455352783203
"KRV",7,2025,196.401519775391,296.624176025391,301.948532104492,28.7985321044922,307.272888183594
"KRV",8,2025,322.957672119141,296.819030761719,301.804992675781,28.6549926757813,306.790954589844
"KRV",9,2025,144.015884399414,295.744018554688,300.442687988281,27.2926879882813,305.141357421875
"KRV",10,2025,141.291580200195,292.389373779297,297.310623168945,24.1606231689453,302.231872558594
"KRV",11,2025,7.48996448516846,285.573638916016,292.434295654297,19.2842956542969,299.294952392578
"KRV",12,2025,40.4225654602051,284.904724121094,291.597412109375,18.447412109375,298.290100097656
"OKEE",1,1994,91.7831039428711,285.575012207031,291.089965820312,17.9399658203125,296.604919433594
"OKEE",2,1994,79.4129943847656,288.614532470703,294.023666381836,20.873666381836,299.432800292969
"OKEE",3,1994,68.9702224731445,287.784057617188,294.109893798828,20.9598937988281,300.435729980469
"OKEE",4,1994,112.769798278809,291.839416503906,297.413024902344,24.2630249023438,302.986633300781
"OKEE",5,1994,72.5419158935547,292.944854736328,298.870269775391,25.7202697753906,304.795684814453
"OKEE",6,1994,200.915191650391,295.311065673828,300.534957885742,27.3849578857422,305.758850097656
"OKEE",7,1994,147.072570800781,295.296600341797,300.599044799805,27.4490447998047,305.901489257812
"OKEE",8,1994,157.113739013672,295.291748046875,300.436248779297,27.2862487792969,305.580749511719
"OKEE",9,1994,241.653106689453,295.139739990234,299.740325927734,26.5903259277344,304.340911865234
"OKEE",10,1994,103.813529968262,293.241851806641,298.211196899414,25.0611968994141,303.180541992188
"OKEE",11,1994,125.755752563477,291.587188720703,296.318710327148,23.1687103271485,301.050231933594
"OKEE",12,1994,127.37670135498,288.191253662109,292.89404296875,19.74404296875,297.596832275391
"OKEE",1,1995,70.2720489501953,283.285400390625,289.454177856445,16.3041778564453,295.622955322266
"OKEE",2,1995,62.9588165283203,284.197875976562,290.429534912109,17.2795349121094,296.661193847656
"OKEE",3,1995,74.5948715209961,288.833343505859,294.459228515625,21.309228515625,300.085113525391
"OKEE",4,1995,79.9087066650391,290.9873046875,296.431411743164,23.2814117431641,301.875518798828
"OKEE",5,1995,55.874698638916,293.919555664062,299.837799072266,26.6877990722656,305.756042480469
"OKEE",6,1995,225.049987792969,294.920715332031,300.033279418945,26.8832794189453,305.145843505859
"OKEE",7,1995,279.243591308594,295.531951904297,300.960586547852,27.8105865478516,306.389221191406
"OKEE",8,1995,234.895721435547,296.424987792969,301.308364868164,28.1583648681641,306.191741943359
"OKEE",9,1995,169.455154418945,295.617980957031,300.766387939453,27.6163879394531,305.914794921875
"OKEE",10,1995,276.000885009766,294.47900390625,298.858276367188,25.7082763671875,303.237548828125
"OKEE",11,1995,27.1465969085693,287.167602539062,293.125762939453,19.9757629394531,299.083923339844
"OKEE",12,1995,13.8388509750366,283.819671630859,289.918960571289,16.7689605712891,296.018249511719
"OKEE",1,1996,71.8122253417969,282.489105224609,289.344573974609,16.1945739746094,296.200042724609
"OKEE",2,1996,18.7763061523438,282.107818603516,289.698822021484,16.5488220214844,297.289825439453
"OKEE",3,1996,119.874443054199,284.594421386719,291.103652954102,17.9536529541016,297.612884521484
"OKEE",4,1996,35.4712409973145,288.513458251953,294.834823608398,21.6848236083985,301.156188964844
"OKEE",5,1996,188.501388549805,293.151275634766,298.634628295898,25.4846282958985,304.117980957031
"OKEE",6,1996,184.033218383789,294.208618164062,299.305694580078,26.1556945800781,304.402770996094
"OKEE",7,1996,91.3821105957031,295.967956542969,301.257873535156,28.1078735351563,306.547790527344
"OKEE",8,1996,124.198875427246,295.483917236328,300.686676025391,27.5366760253906,305.889434814453
"OKEE",9,1996,109.294067382812,294.671417236328,300.224884033203,27.0748840332031,305.778350830078
"OKEE",10,1996,108.850891113281,292.515747070312,297.404479980469,24.2544799804688,302.293212890625
"OKEE",11,1996,18.4281215667725,288.230377197266,293.987106323242,20.8371063232422,299.743835449219
"OKEE",12,1996,21.8262119293213,285.035614013672,291.481155395508,18.3311553955078,297.926696777344
"OKEE",1,1997,34.4241905212402,283.991333007812,290.802597045898,17.6525970458985,297.613861083984
"OKEE",2,1997,38.0566673278809,287.793395996094,294.104766845703,20.9547668457031,300.416137695312
"OKEE",3,1997,61.0343627929688,289.964935302734,296.126251220703,22.9762512207031,302.287567138672
"OKEE",4,1997,132.572402954102,289.765045166016,295.414688110352,22.2646881103516,301.064331054688
"OKEE",5,1997,99.6564559936523,292.506286621094,298.228897094727,25.0788970947266,303.951507568359
"OKEE",6,1997,193.365173339844,294.538909912109,299.950103759766,26.8001037597656,305.361297607422
"OKEE",7,1997,171.467315673828,295.529174804688,301.274627685547,28.1246276855469,307.020080566406
"OKEE",8,1997,170.308334350586,295.738189697266,301.057571411133,27.9075714111328,306.376953125
"OKEE",9,1997,164.671371459961,295.049011230469,300.142318725586,26.992318725586,305.235626220703
"OKEE",10,1997,32.9486122131348,291.759063720703,297.268493652344,24.1184936523438,302.777923583984
"OKEE",11,1997,102.878997802734,288.340454101562,293.628921508789,20.4789215087891,298.917388916016
"OKEE",12,1997,153.094177246094,286.148529052734,291.218551635742,18.0685516357422,296.28857421875
"OKEE",1,1998,72.3474655151367,286.655181884766,291.812271118164,18.6622711181641,296.969360351562
"OKEE",2,1998,163.635192871094,285.718688964844,291.23420715332,18.0842071533203,296.749725341797
"OKEE",3,1998,144.567993164062,286.277160644531,291.90885925293,18.7588592529297,297.540557861328
"OKEE",4,1998,34.0834655761719,289.350006103516,295.368667602539,22.2186676025391,301.387329101562
"OKEE",5,1998,56.2097473144531,292.615142822266,298.872680664062,25.7226806640625,305.130218505859
"OKEE",6,1998,78.7339630126953,295.924346923828,302.049255371094,28.8992553710938,308.174163818359
"OKEE",7,1998,167.124938964844,296.243103027344,301.611053466797,28.4610534667969,306.97900390625
"OKEE",8,1998,220.690322875977,296.376617431641,301.679885864258,28.5298858642578,306.983154296875
"OKEE",9,1998,224.708786010742,295.980529785156,300.599685668945,27.4496856689453,305.218841552734
"OKEE",10,1998,50.2255172729492,293.768249511719,298.77180480957,25.6218048095703,303.775360107422
"OKEE",11,1998,160.600982666016,290.686767578125,295.911376953125,22.761376953125,301.135986328125
"OKEE",12,1998,23.5253028869629,288.430358886719,293.856323242188,20.7063232421875,299.282287597656
"OKEE",1,1999,64.8311386108398,286.089569091797,292.133743286133,18.9837432861328,298.177917480469
"OKEE",2,1999,13.3648738861084,284.895568847656,291.541854858398,18.3918548583985,298.188140869141
"OKEE",3,1999,19.358470916748,284.85400390625,292.090286254883,18.9402862548828,299.326568603516
"OKEE",4,1999,65.4329223632812,289.82470703125,296.771011352539,23.6210113525391,303.717315673828
"OKEE",5,1999,105.81810760498,291.196258544922,297.611907958984,24.4619079589844,304.027557373047
"OKEE",6,1999,305.739837646484,295.020355224609,299.592834472656,26.4428344726563,304.165313720703
"OKEE",7,1999,119.497253417969,295.855865478516,300.931701660156,27.7817016601563,306.007537841797
"OKEE",8,1999,203.079788208008,296.365325927734,301.215835571289,28.0658355712891,306.066345214844
"OKEE",9,1999,177.622085571289,295.451171875,300.030822753906,26.8808227539063,304.610473632812
"OKEE",10,1999,151.811782836914,293.334136962891,297.755996704102,24.6059967041016,302.177856445312
"OKEE",11,1999,37.4674758911133,288.889343261719,294.193359375,21.043359375,299.497375488281
"OKEE",12,1999,32.3472671508789,286.000396728516,291.472259521484,18.3222595214844,296.944122314453
"OKEE",1,2000,27.8943576812744,284.122436523438,290.471588134766,17.3215881347656,296.820739746094
"OKEE",2,2000,12.7439079284668,284.555114746094,291.174774169922,18.0247741699219,297.79443359375
"OKEE",3,2000,40.3515281677246,288.424621582031,294.844589233398,21.6945892333985,301.264556884766
"OKEE",4,2000,93.6210250854492,287.799896240234,294.554748535156,21.4047485351563,301.309600830078
"OKEE",5,2000,24.7904624938965,292.208190917969,298.589920043945,25.4399200439453,304.971649169922
"OKEE",6,2000,114.421913146973,294.493225097656,300.149261474609,26.9992614746094,305.805297851562
"OKEE",7,2000,174.813583374023,295.53662109375,300.675567626953,27.5255676269531,305.814514160156
"OKEE",8,2000,91.1430206298828,295.438537597656,300.638412475586,27.488412475586,305.838287353516
"OKEE",9,2000,217.228256225586,295.528045654297,300.431640625,27.281640625,305.335235595703
"OKEE",10,2000,58.6676216125488,290.825012207031,296.321578979492,23.1715789794922,301.818145751953
"OKEE",11,2000,12.5152893066406,286.718841552734,293.03840637207,19.8884063720703,299.357971191406
"OKEE",12,2000,15.2196950912476,284.291748046875,290.375061035156,17.2250610351563,296.458374023438
"OKEE",1,2001,21.2531337738037,280.29931640625,287.452758789062,14.3027587890625,294.606201171875
"OKEE",2,2001,0.979526877403259,287.768890380859,294.2685546875,21.1185546875,300.768218994141
"OKEE",3,2001,124.21915435791,287.434265136719,293.646682739258,20.4966827392578,299.859100341797
"OKEE",4,2001,11.4140043258667,289.031524658203,295.578338623047,22.4283386230469,302.125152587891
"OKEE",5,2001,121.432273864746,291.123260498047,297.374725341797,24.2247253417969,303.626190185547
"OKEE",6,2001,199.837829589844,294.652587890625,299.93620300293,26.7862030029297,305.219818115234
"OKEE",7,2001,216.688690185547,295.656280517578,300.228164672852,27.0781646728516,304.800048828125
"OKEE",8,2001,165.360687255859,295.982360839844,300.949890136719,27.7998901367188,305.917419433594
"OKEE",9,2001,312.294067382812,294.961944580078,299.220764160156,26.0707641601563,303.479583740234
"OKEE",10,2001,119.830703735352,292.763732910156,297.238845825195,24.0888458251953,301.713958740234
"OKEE",11,2001,25.0082931518555,289.662231445312,294.652130126953,21.5021301269531,299.642028808594
"OKEE",12,2001,18.4939041137695,288.265106201172,293.394897460938,20.2448974609375,298.524688720703
"OKEE",1,2002,40.7252235412598,285.363433837891,291.186126708984,18.0361267089844,297.008819580078
"OKEE",2,2002,96.2726669311523,285.156127929688,291.095672607422,17.9456726074219,297.035217285156
"OKEE",3,2002,18.6084461212158,288.833190917969,295.081039428711,21.931039428711,301.328887939453
"OKEE",4,2002,35.3315582275391,291.109832763672,297.145370483398,23.9953704833985,303.180908203125
"OKEE",5,2002,68.6834869384766,292.982330322266,298.888244628906,25.7382446289063,304.794158935547
"OKEE",6,2002,372.487091064453,295.311309814453,299.802886962891,26.6528869628906,304.294464111328
"OKEE",7,2002,196.250427246094,296.360015869141,300.872573852539,27.7225738525391,305.385131835938
"OKEE",8,2002,174.977874755859,296.100341796875,300.830932617188,27.6809326171875,305.5615234375
"OKEE",9,2002,155.187149047852,296.803955078125,301.055160522461,27.905160522461,305.306365966797
"OKEE",10,2002,62.5985221862793,294.179626464844,299.094146728516,25.9441467285156,304.008666992188
"OKEE",11,2002,89.3315658569336,287.115234375,292.989273071289,19.8392730712891,298.863311767578
"OKEE",12,2002,117.498931884766,285.133056640625,290.57014465332,17.4201446533203,296.007232666016
"OKEE",1,2003,36.9880218505859,280.602233886719,287.068588256836,13.918588256836,293.534942626953
"OKEE",2,2003,22.8274822235107,286.116882324219,292.637268066406,19.4872680664063,299.157653808594
"OKEE",3,2003,100.947143554688,291.109283447266,296.630325317383,23.4803253173828,302.1513671875
"OKEE",4,2003,76.3745498657227,289.756042480469,295.519775390625,22.369775390625,301.283508300781
"OKEE",5,2003,147.315536499023,294.025482177734,299.515884399414,26.3658843994141,305.006286621094
"OKEE",6,2003,213.466949462891,295.833404541016,300.317169189453,27.1671691894531,304.800933837891
"OKEE",7,2003,153.425445556641,295.936248779297,301.100067138672,27.9500671386719,306.263885498047
"OKEE",8,2003,184.565338134766,296.101806640625,300.713928222656,27.5639282226563,305.326049804688
"OKEE",9,2003,204.613983154297,295.862182617188,300.307678222656,27.1576782226563,304.753173828125
"OKEE",10,2003,14.5215835571289,293.092193603516,298.125961303711,24.975961303711,303.159729003906
"OKEE",11,2003,53.4340019226074,290.061798095703,295.448013305664,22.2980133056641,300.834228515625
"OKEE",12,2003,67.9717483520508,283.384307861328,289.503784179688,16.3537841796875,295.623260498047
"OKEE",1,2004,49.246940612793,282.824066162109,289.398193359375,16.248193359375,295.972320556641
"OKEE",2,2004,70.541748046875,285.691528320312,291.600616455078,18.4506164550781,297.509704589844
"OKEE",3,2004,9.05117225646973,286.953216552734,293.327026367188,20.1770263671875,299.700836181641
"OKEE",4,2004,61.2269439697266,287.850677490234,294.361968994141,21.2119689941406,300.873260498047
"OKEE",5,2004,27.8085594177246,292.125732421875,298.215896606445,25.0658966064453,304.306060791016
"OKEE",6,2004,201.415939331055,295.216979980469,300.760726928711,27.610726928711,306.304473876953
"OKEE",7,2004,169.374572753906,295.481536865234,300.932571411133,27.7825714111328,306.383605957031
"OKEE",8,2004,298.093017578125,296.221832275391,300.917465209961,27.767465209961,305.613098144531
"OKEE",9,2004,319.105682373047,296.455047607422,300.194152832031,27.0441528320313,303.933258056641
"OKEE",10,2004,54.3535270690918,292.496337890625,297.518463134766,24.3684631347656,302.540588378906
"OKEE",11,2004,24.9053192138672,288.863677978516,294.425277709961,21.275277709961,299.986877441406
"OKEE",12,2004,41.6723556518555,284.573883056641,290.106826782227,16.9568267822266,295.639770507812
"OKEE",1,2005,26.9271240234375,284.503692626953,290.470977783203,17.3209777832031,296.438262939453
"OKEE",2,2005,55.0108451843262,284.858306884766,291.175918579102,18.0259185791016,297.493530273438
"OKEE",3,2005,161.472518920898,286.752044677734,292.415740966797,19.2657409667969,298.079437255859
"OKEE",4,2005,66.7453994750977,287.035125732422,293.694946289062,20.5449462890625,300.354766845703
"OKEE",5,2005,92.9297485351562,292.170288085938,297.713989257812,24.5639892578125,303.257690429688
"OKEE",6,2005,318.022003173828,295.754089355469,299.893539428711,26.743539428711,304.032989501953
"OKEE",7,2005,158.411010742188,297.032257080078,301.815948486328,28.6659484863281,306.599639892578
"OKEE",8,2005,145.471801757812,296.888946533203,301.810852050781,28.6608520507813,306.732757568359
"OKEE",9,2005,117.127418518066,295.832397460938,300.515151977539,27.3651519775391,305.197906494141
"OKEE",10,2005,157.369171142578,293.370697021484,297.715393066406,24.5653930664063,302.060089111328
"OKEE",11,2005,107.993103027344,289.752349853516,294.773361206055,21.6233612060547,299.794372558594
"OKEE",12,2005,11.3442106246948,284.201904296875,290.024047851562,16.8740478515625,295.84619140625
"OKEE",1,2006,7.52594661712646,284.265686035156,290.743026733398,17.5930267333985,297.220367431641
"OKEE",2,2006,91.0483093261719,283.314270019531,290.025039672852,16.8750396728516,296.735809326172
"OKEE",3,2006,24.866979598999,286.031158447266,292.916656494141,19.7666564941406,299.802154541016
"OKEE",4,2006,27.1027126312256,289.672210693359,296.427139282227,23.2771392822266,303.182067871094
"OKEE",5,2006,46.5717620849609,291.115234375,298.015274047852,24.8652740478516,304.915313720703
"OKEE",6,2006,125.821113586426,294.797729492188,300.377502441406,27.2275024414063,305.957275390625
"OKEE",7,2006,173.467086791992,295.542907714844,300.59912109375,27.44912109375,305.655334472656
"OKEE",8,2006,223.788619995117,295.628723144531,301.047760009766,27.8977600097656,306.466796875
"OKEE",9,2006,134.671310424805,295.036651611328,300.212280273438,27.0622802734375,305.387908935547
"OKEE",10,2006,18.2519454956055,290.671722412109,296.810256958008,23.6602569580078,302.948791503906
"OKEE",11,2006,20.9920501708984,287.093719482422,292.736618041992,19.5866180419922,298.379516601562
"OKEE",12,2006,49.0022125244141,288.921630859375,293.832244873047,20.6822448730469,298.742858886719
"OKEE",1,2007,17.5425987243652,286.109802246094,291.946762084961,18.796762084961,297.783721923828
"OKEE",2,2007,24.457052230835,283.665222167969,290.31950378418,17.1695037841797,296.973785400391
"OKEE",3,2007,10.6070394515991,286.99658203125,293.745742797852,20.5957427978516,300.494903564453
"OKEE",4,2007,49.5942115783691,288.035247802734,295.228408813477,22.0784088134766,302.421569824219
"OKEE",5,2007,69.5734939575195,291.122833251953,297.288970947266,24.1389709472656,303.455108642578
"OKEE",6,2007,150.058197021484,294.290466308594,299.750076293945,26.6000762939453,305.209686279297
"OKEE",7,2007,260.936737060547,295.613342285156,301.009811401367,27.8598114013672,306.406280517578
"OKEE",8,2007,105.30143737793,296.158782958984,301.570358276367,28.4203582763672,306.98193359375
"OKEE",9,2007,128.755325317383,295.324188232422,300.304077148438,27.1540771484375,305.283966064453
"OKEE",10,2007,100.197257995605,294.902221679688,299.312225341797,26.1622253417969,303.722229003906
"OKEE",11,2007,16.2717628479004,287.717498779297,293.637451171875,20.487451171875,299.557403564453
"OKEE",12,2007,52.14697265625,287.769470214844,293.627944946289,20.4779449462891,299.486419677734
"OKEE",1,2008,25.8003807067871,284.060455322266,290.478500366211,17.328500366211,296.896545410156
"OKEE",2,2008,61.3258628845215,286.860046386719,293.133804321289,19.9838043212891,299.407562255859
"OKEE",3,2008,97.7357482910156,287.144134521484,293.439987182617,20.2899871826172,299.73583984375
"OKEE",4,2008,88.856575012207,288.574798583984,295.207321166992,22.0573211669922,301.83984375
"OKEE",5,2008,53.3640365600586,292.158569335938,298.793304443359,25.6433044433594,305.428039550781
"OKEE",6,2008,211.938262939453,294.460723876953,300.253646850586,27.103646850586,306.046569824219
"OKEE",7,2008,195.295867919922,295.599487304688,300.65119934082,27.5011993408203,305.702911376953
"OKEE",8,2008,283.617462158203,296.526458740234,301.103042602539,27.9530426025391,305.679626464844
"OKEE",9,2008,130.23046875,296.232696533203,300.565582275391,27.4155822753906,304.898468017578
"OKEE",10,2008,51.3674392700195,291.934417724609,296.927139282227,23.7771392822266,301.919860839844
"OKEE",11,2008,13.9546194076538,285.284851074219,291.690078735352,18.5400787353516,298.095306396484
"OKEE",12,2008,28.0987300872803,286.282257080078,292.079315185547,18.9293151855469,297.876373291016
"OKEE",1,2009,8.82976055145264,281.990600585938,289.000061035156,15.8500610351563,296.009521484375
"OKEE",2,2009,7.09181880950928,282.832122802734,290.111633300781,16.9616333007813,297.391143798828
"OKEE",3,2009,22.7796840667725,286.176483154297,293.112152099609,19.9621520996094,300.047821044922
"OKEE",4,2009,11.4618377685547,288.156402587891,295.40901184082,22.2590118408203,302.66162109375
"OKEE",5,2009,199.598510742188,292.621917724609,298.812072753906,25.6620727539063,305.002227783203
"OKEE",6,2009,225.272216796875,295.538146972656,300.889678955078,27.7396789550781,306.2412109375
"OKEE",7,2009,177.897674560547,296.039520263672,301.431076049805,28.2810760498047,306.822631835938
"OKEE",8,2009,169.20783996582,296.815551757812,301.926727294922,28.7767272949219,307.037902832031
"OKEE",9,2009,148.286727905273,295.867919921875,300.752914428711,27.602914428711,305.637908935547
"OKEE",10,2009,18.0841808319092,293.171234130859,298.970703125,25.820703125,304.770172119141
"OKEE",11,2009,25.4301605224609,288.878356933594,294.388366699219,21.2383666992188,299.898376464844
"OKEE",12,2009,88.9017944335938,286.978363037109,292.263290405273,19.1132904052735,297.548217773438
"OKEE",1,2010,43.2999992370605,280.835662841797,286.860916137695,13.7109161376953,292.886169433594
"OKEE",2,2010,53.2955169677734,281.169952392578,287.247375488281,14.0973754882813,293.324798583984
"OKEE",3,2010,229.345596313477,283.490325927734,289.847869873047,16.6978698730469,296.205413818359
"OKEE",4,2010,147.190155029297,290.140319824219,295.539978027344,22.3899780273438,300.939636230469
"OKEE",5,2010,158.203002929688,294.386169433594,299.741165161133,26.5911651611328,305.096160888672
"OKEE",6,2010,126.834510803223,296.688079833984,302.01789855957,28.8678985595703,307.347717285156
"OKEE",7,2010,163.154891967773,297.169708251953,301.947601318359,28.7976013183594,306.725494384766
"OKEE",8,2010,230.12760925293,297.078552246094,301.801193237305,28.6511932373047,306.523834228516
"OKEE",9,2010,114.22346496582,295.926635742188,300.762512207031,27.6125122070313,305.598388671875
"OKEE",10,2010,4.06796169281006,291.087036132812,296.939910888672,23.7899108886719,302.792785644531
"OKEE",11,2010,26.8676738739014,287.314514160156,293.475555419922,20.3255554199219,299.636596679688
"OKEE",12,2010,19.1505756378174,278.196685791016,285.319839477539,12.1698394775391,292.442993164062
"OKEE",1,2011,64.107292175293,281.332977294922,288.857070922852,15.7070709228516,296.381164550781
"OKEE",2,2011,10.0933380126953,284.498077392578,292.428314208984,19.2783142089844,300.358551025391
"OKEE",3,2011,95.7943267822266,286.15673828125,293.976150512695,20.8261505126953,301.795562744141
"OKEE",4,2011,24.1985206604004,290.842926025391,298.171310424805,25.0213104248047,305.499694824219
"OKEE",5,2011,30.3440761566162,291.426879882812,298.944122314453,25.7941223144531,306.461364746094
"OKEE",6,2011,137.297470092773,293.896636962891,300.936218261719,27.7862182617188,307.975799560547
"OKEE",7,2011,153.083068847656,295.452789306641,301.199523925781,28.0495239257813,306.946258544922
"OKEE",8,2011,161.611862182617,296.018493652344,301.562759399414,28.4127593994141,307.107025146484
"OKEE",9,2011,114.262100219727,295.286499023438,300.556121826172,27.4061218261719,305.825744628906
"OKEE",10,2011,177.0322265625,291.542999267578,296.691390991211,23.541390991211,301.839782714844
"OKEE",11,2011,6.4732780456543,288.866394042969,294.408767700195,21.2587677001953,299.951141357422
"OKEE",12,2011,22.5995788574219,286.091369628906,292.083801269531,18.9338012695313,298.076232910156
"OKEE",1,2012,4.37000894546509,282.420043945312,290.017333984375,16.867333984375,297.614624023438
"OKEE",2,2012,24.6429214477539,286.855102539062,293.275772094727,20.1257720947266,299.696441650391
"OKEE",3,2012,38.432975769043,288.443634033203,294.903457641602,21.7534576416016,301.36328125
"OKEE",4,2012,66.85693359375,289.114349365234,296.251739501953,23.1017395019531,303.389129638672
"OKEE",5,2012,134.918762207031,292.707733154297,298.950164794922,25.8001647949219,305.192596435547
"OKEE",6,2012,186.208114624023,294.22509765625,300.022766113281,26.8727661132813,305.820434570312
"OKEE",7,2012,120.945793151855,294.943969726562,301.186874389648,28.0368743896485,307.429779052734
"OKEE",8,2012,339.305084228516,295.534729003906,301.440368652344,28.2903686523438,307.346008300781
"OKEE",9,2012,147.662582397461,294.994659423828,300.024627685547,26.8746276855469,305.054595947266
"OKEE",10,2012,102.879753112793,292.847351074219,297.907913208008,24.7579132080078,302.968475341797
"OKEE",11,2012,5.75041723251343,285.555358886719,291.995941162109,18.8459411621094,298.4365234375
"OKEE",12,2012,43.6113357543945,285.929626464844,292.333877563477,19.1838775634766,298.738128662109
"OKEE",1,2013,24.3589115142822,286.171508789062,292.644165039062,19.4941650390625,299.116821289062
"OKEE",2,2013,65.2597198486328,285.052215576172,292.2802734375,19.1302734375,299.508331298828
"OKEE",3,2013,34.6396255493164,281.569152832031,290.184707641602,17.0347076416016,298.800262451172
"OKEE",4,2013,75.1042404174805,290.897369384766,297.391311645508,24.2413116455078,303.88525390625
"OKEE",5,2013,153.856887817383,291.243347167969,297.785430908203,24.6354309082031,304.327514648438
"OKEE",6,2013,250.184310913086,294.783233642578,300.240219116211,27.090219116211,305.697204589844
"OKEE",7,2013,248.131011962891,294.462097167969,299.830581665039,26.6805816650391,305.199066162109
"OKEE",8,2013,129.527786254883,295.014282226562,300.462265014648,27.3122650146485,305.910247802734
"OKEE",9,2013,120.106819152832,294.625457763672,299.494583129883,26.3445831298828,304.363708496094
"OKEE",10,2013,31.4068012237549,293.061462402344,298.330932617188,25.1809326171875,303.600402832031
"OKEE",11,2013,26.3045864105225,290.306182861328,295.197647094727,22.0476470947266,300.089111328125
"OKEE",12,2013,8.15956878662109,288.26220703125,294.077545166016,20.9275451660156,299.892883300781
"OKEE",1,2014,76.2857360839844,283.531585693359,289.178359985352,16.0283599853516,294.825134277344
"OKEE",2,2014,60.6109046936035,287.169097900391,293.390930175781,20.2409301757813,299.612762451172
"OKEE",3,2014,64.4369506835938,287.134063720703,293.216186523438,20.0661865234375,299.298309326172
"OKEE",4,2014,55.9762763977051,290.438446044922,296.331100463867,23.1811004638672,302.223754882812
"OKEE",5,2014,87.8669586181641,292.302215576172,298.15803527832,25.0080352783203,304.013854980469
"OKEE",6,2014,233.085876464844,294.487701416016,299.921585083008,26.7715850830078,305.35546875
"OKEE",7,2014,179.172332763672,296.092956542969,300.9921875,27.8421875,305.891418457031
"OKEE",8,2014,136.190383911133,296.381622314453,301.44157409668,28.2915740966797,306.501525878906
"OKEE",9,2014,181.615493774414,295.601257324219,300.136474609375,26.986474609375,304.671691894531
"OKEE",10,2014,89.307975769043,292.084716796875,297.479049682617,24.3290496826172,302.873382568359
"OKEE",11,2014,69.264778137207,287.079559326172,292.709014892578,19.5590148925781,298.338470458984
"OKEE",12,2014,19.1671714782715,286.301940917969,292.049926757812,18.8999267578125,297.797912597656
"OKEE",1,2015,19.6097373962402,285.857482910156,291.45442199707,18.3044219970703,297.051361083984
"OKEE",2,2015,66.3152542114258,282.841705322266,289.476913452148,16.3269134521485,296.112121582031
"OKEE",3,2015,14.8967208862305,290.521575927734,296.183654785156,23.0336547851563,301.845733642578
"OKEE",4,2015,125.803344726562,293.019287109375,298.516571044922,25.3665710449219,304.013854980469
"OKEE",5,2015,44.1147766113281,292.679473876953,298.521911621094,25.3719116210938,304.364349365234
"OKEE",6,2015,122.044761657715,294.850128173828,300.541229248047,27.3912292480469,306.232330322266
"OKEE",7,2015,162.436141967773,296.298126220703,301.273208618164,28.1232086181641,306.248291015625
"OKEE",8,2015,169.165817260742,296.158203125,301.360717773438,28.2107177734375,306.563232421875
"OKEE",9,2015,177.852447509766,296.582336425781,301.03385925293,27.8838592529297,305.485382080078
"OKEE",10,2015,38.7887115478516,294.025695800781,298.498489379883,25.3484893798828,302.971282958984
"OKEE",11,2015,86.8899230957031,293.089782714844,297.689468383789,24.5394683837891,302.289154052734
"OKEE",12,2015,87.4227294921875,292.3017578125,296.505874633789,23.3558746337891,300.709991455078
"OKEE",1,2016,277.477630615234,284.570617675781,289.728302001953,16.5783020019531,294.885986328125
"OKEE",2,2016,73.58935546875,283.833557128906,290.121887207031,16.9718872070313,296.410217285156
"OKEE",3,2016,60.337043762207,290.034576416016,295.598281860352,22.4482818603516,301.161987304688
"OKEE",4,2016,31.6422100067139,290.509643554688,296.316268920898,23.1662689208985,302.122894287109
"OKEE",5,2016,209.783660888672,292.707427978516,298.461990356445,25.3119903564453,304.216552734375
"OKEE",6,2016,204.536392211914,296.333618164062,300.997985839844,27.8479858398438,305.662353515625
"OKEE",7,2016,112.543075561523,296.890655517578,302.036193847656,28.8861938476563,307.181732177734
"OKEE",8,2016,213.869918823242,297.093231201172,301.642517089844,28.4925170898438,306.191802978516
"OKEE",9,2016,150.252655029297,296.456756591797,300.977005004883,27.8270050048828,305.497253417969
"OKEE",10,2016,75.6410980224609,293.603424072266,298.083450317383,24.9334503173828,302.5634765625
"OKEE",11,2016,1.79329514503479,287.397003173828,293.67805480957,20.5280548095703,299.959106445312
"OKEE",12,2016,22.221492767334,289.130493164062,294.627960205078,21.4779602050781,300.125427246094
"OKEE",1,2017,33.0181999206543,284.996032714844,291.6025390625,18.4525390625,298.209045410156
"OKEE",2,2017,22.4365081787109,286.330993652344,293.300628662109,20.1506286621094,300.270263671875
"OKEE",3,2017,21.2462291717529,286.684265136719,293.28874206543,20.1387420654297,299.893218994141
"OKEE",4,2017,46.9667358398438,290.215972900391,296.324401855469,23.1744018554688,302.432830810547
"OKEE",5,2017,105.44588470459,292.907409667969,299.125045776367,25.9750457763672,305.342681884766
"OKEE",6,2017,346.407104492188,296.288665771484,300.522659301758,27.3726593017578,304.756652832031
"OKEE",7,2017,189.943710327148,296.688781738281,301.432479858398,28.2824798583985,306.176177978516
"OKEE",8,2017,144.567626953125,296.857360839844,301.54035949707,28.3903594970703,306.223358154297
"OKEE",9,2017,287.562896728516,296.655181884766,300.948379516602,27.7983795166016,305.241577148438
"OKEE",10,2017,200.301040649414,293.786895751953,298.166488647461,25.016488647461,302.546081542969
"OKEE",11,2017,36.6367568969727,290.843719482422,295.697830200195,22.5478302001953,300.551940917969
"OKEE",12,2017,47.867259979248,286.293731689453,292.35710144043,19.2071014404297,298.420471191406
"OKEE",1,2018,38.9975776672363,283.650695800781,289.383071899414,16.2330718994141,295.115447998047
"OKEE",2,2018,18.6546192169189,289.810302734375,295.479354858398,22.3293548583985,301.148406982422
"OKEE",3,2018,18.7453842163086,284.281616210938,291.648025512695,18.4980255126953,299.014434814453
"OKEE",4,2018,76.5575866699219,289.762573242188,296.224365234375,23.074365234375,302.686157226562
"OKEE",5,2018,320.463836669922,293.451049804688,297.870651245117,24.7206512451172,302.290252685547
"OKEE",6,2018,156.186859130859,295.437530517578,300.543441772461,27.393441772461,305.649353027344
"OKEE",7,2018,177.019958496094,295.957489013672,301.122207641602,27.9722076416016,306.286926269531
"OKEE",8,2018,202.109725952148,296.045532226562,300.950103759766,27.8001037597656,305.854675292969
"OKEE",9,2018,142.453948974609,295.951477050781,300.700408935547,27.5504089355469,305.449340820312
"OKEE",10,2018,40.6234931945801,293.536804199219,298.825897216797,25.6758972167969,304.114990234375
"OKEE",11,2018,45.5586204528809,289.606964111328,295.186492919922,22.0364929199219,300.766021728516
"OKEE",12,2018,72.9025039672852,285.7294921875,291.8681640625,18.7181640625,298.0068359375
"OKEE",1,2019,163.469863891602,283.408966064453,289.771270751953,16.6212707519531,296.133575439453
"OKEE",2,2019,49.5200309753418,288.792266845703,294.58576965332,21.4357696533203,300.379272460938
"OKEE",3,2019,50.7967567443848,287.490112304688,293.519622802734,20.3696228027344,299.549133300781
"OKEE",4,2019,55.5583152770996,290.159637451172,296.328872680664,23.1788726806641,302.498107910156
"OKEE",5,2019,146.599517822266,293.2099609375,298.912643432617,25.7626434326172,304.615325927734
"OKEE",6,2019,274.161163330078,295.849945068359,300.943634033203,27.7936340332031,306.037322998047
"OKEE",7,2019,225.890213012695,296.389373779297,301.221450805664,28.0714508056641,306.053527832031
"OKEE",8,2019,268.651550292969,297.102905273438,301.379943847656,28.2299438476563,305.656982421875
"OKEE",9,2019,69.2692108154297,295.854614257812,300.563247680664,27.4132476806641,305.271881103516
"OKEE",10,2019,127.699066162109,295.420471191406,299.942276000977,26.7922760009766,304.464080810547
"OKEE",11,2019,60.5660285949707,288.684906005859,294.340728759766,21.1907287597656,299.996551513672
"OKEE",12,2019,112.737487792969,288.014190673828,293.319885253906,20.1698852539063,298.625579833984
"OKEE",1,2020,39.443244934082,285.851684570312,291.896362304688,18.7463623046875,297.941040039062
"OKEE",2,2020,58.3263664245605,286.475982666016,292.755569458008,19.6055694580078,299.03515625
"OKEE",3,2020,5.86042594909668,288.879058837891,295.495895385742,22.3458953857422,302.112731933594
"OKEE",4,2020,142.80696105957,291.384338378906,297.397918701172,24.2479187011719,303.411499023438
"OKEE",5,2020,192.916976928711,292.234893798828,297.901412963867,24.7514129638672,303.567932128906
"OKEE",6,2020,188.14387512207,295.784912109375,300.524063110352,27.3740631103516,305.263214111328
"OKEE",7,2020,297.049133300781,296.773986816406,301.539642333984,28.3896423339844,306.305297851562
"OKEE",8,2020,258.411224365234,297.212585449219,301.86833190918,28.7183319091797,306.524078369141
"OKEE",9,2020,269.290008544922,296.457000732422,300.836303710938,27.6863037109375,305.215606689453
"OKEE",10,2020,210.351898193359,295.722381591797,299.640106201172,26.4901062011719,303.557830810547
"OKEE",11,2020,141.583297729492,292.19921875,296.51530456543,23.3653045654297,300.831390380859
"OKEE",12,2020,63.2457313537598,284.604064941406,290.283157348633,17.1331573486328,295.962249755859
"OKEE",1,2021,6.7873330116272,283.763122558594,290.177093505859,17.0270935058594,296.591064453125
"OKEE",2,2021,93.4661254882812,287.690277099609,293.895629882812,20.7456298828125,300.100982666016
"OKEE",3,2021,16.800386428833,288.420074462891,294.640396118164,21.4903961181641,300.860717773438
"OKEE",4,2021,146.877532958984,289.747039794922,295.954284667969,22.8042846679688,302.161529541016
"OKEE",5,2021,42.1814422607422,292.546356201172,298.481307983398,25.3313079833985,304.416259765625
"OKEE",6,2021,225.538513183594,295.662567138672,300.379928588867,27.2299285888672,305.097290039062
"OKEE",7,2021,258.330200195312,296.507598876953,301.155807495117,28.0058074951172,305.804016113281
"OKEE",8,2021,239.167755126953,296.960540771484,301.450210571289,28.3002105712891,305.939880371094
"OKEE",9,2021,222.30403137207,295.6328125,300.424606323242,27.2746063232422,305.216400146484
"OKEE",10,2021,73.2349700927734,293.733764648438,298.690521240234,25.5405212402344,303.647277832031
"OKEE",11,2021,79.5162734985352,288.543212890625,293.389022827148,20.2390228271485,298.234832763672
"OKEE",12,2021,13.7221632003784,288.096069335938,293.946838378906,20.7968383789063,299.797607421875
"OKEE",1,2022,27.4007549285889,284.204650878906,290.031600952148,16.8816009521485,295.858551025391
"OKEE",2,2022,14.5252141952515,286.417175292969,292.645416259766,19.4954162597656,298.873657226562
"OKEE",3,2022,36.890811920166,288.778991699219,295.318283081055,22.1682830810547,301.857574462891
"OKEE",4,2022,31.1518993377686,290.499847412109,296.599487304688,23.4494873046875,302.699127197266
"OKEE",5,2022,101.686874389648,293.072570800781,299.049301147461,25.899301147461,305.026031494141
"OKEE",6,2022,230.181594848633,295.090240478516,300.325332641602,27.1753326416016,305.560424804688
"OKEE",7,2022,166.676849365234,296.978118896484,301.46955871582,28.3195587158203,305.960998535156
"OKEE",8,2022,115.249122619629,297.019317626953,301.684906005859,28.5349060058594,306.350494384766
"OKEE",9,2022,277.493377685547,296.108337402344,300.603210449219,27.4532104492188,305.098083496094
"OKEE",10,2022,50.1176376342773,292.895965576172,297.366195678711,24.216195678711,301.83642578125
"OKEE",11,2022,102.867218017578,292.638854980469,296.754486083984,23.6044860839844,300.8701171875
"OKEE",12,2022,26.6264171600342,287.607971191406,292.3994140625,19.2494140625,297.190856933594
"OKEE",1,2023,15.3658046722412,286.141448974609,291.97151184082,18.8215118408203,297.801574707031
"OKEE",2,2023,21.6278820037842,288.593231201172,294.498809814453,21.3488098144531,300.404388427734
"OKEE",3,2023,22.4464645385742,288.844757080078,295.207916259766,22.0579162597656,301.571075439453
"OKEE",4,2023,177.732452392578,292.648468017578,297.743743896484,24.5937438964844,302.839019775391
"OKEE",5,2023,120.549766540527,293.156707763672,298.517501831055,25.3675018310547,303.878295898438
"OKEE",6,2023,203.632781982422,295.848510742188,300.633392333984,27.4833923339844,305.418273925781
"OKEE",7,2023,159.743026733398,297.543762207031,302.252136230469,29.1021362304688,306.960510253906
"OKEE",8,2023,97.5281295776367,298.051635742188,302.368286132812,29.2182861328125,306.684936523438
"OKEE",9,2023,180.740570068359,296.312255859375,300.698760986328,27.5487609863281,305.085266113281
"OKEE",10,2023,55.8122787475586,293.838714599609,298.055648803711,24.905648803711,302.272583007812
"OKEE",11,2023,47.6825675964355,290.913970947266,295.420150756836,22.270150756836,299.926330566406
"OKEE",12,2023,75.3448944091797,288.028625488281,292.282363891602,19.1323638916016,296.536102294922
"OKEE",1,2024,77.7142486572266,286.749206542969,291.308135986328,18.1581359863281,295.867065429688
"OKEE",2,2024,77.3455581665039,285.146636962891,290.82470703125,17.67470703125,296.502777099609
"OKEE",3,2024,47.7018928527832,290.314880371094,295.380828857422,22.2308288574219,300.44677734375
"OKEE",4,2024,20.7680625915527,290.237854003906,295.88542175293,22.7354217529297,301.532989501953
"OKEE",5,2024,70.1504211425781,295.099365234375,300.637313842773,27.4873138427735,306.175262451172
"OKEE",6,2024,340.097503662109,296.815734863281,300.918472290039,27.7684722900391,305.021209716797
"OKEE",7,2024,144.580322265625,297.68603515625,302.045013427734,28.8950134277344,306.403991699219
"OKEE",8,2024,223.674240112305,297.826416015625,301.690536499023,28.5405364990235,305.554656982422
"OKEE",9,2024,223.040496826172,297.599273681641,301.6123046875,28.4623046875,305.625335693359
"OKEE",10,2024,95.4844284057617,294.443786621094,298.150955200195,25.0009552001953,301.858123779297
"OKEE",11,2024,17.912223815918,291.001739501953,295.479934692383,22.3299346923828,299.958129882812
"OKEE",12,2024,24.6135482788086,286.808654785156,292.07780456543,18.9278045654297,297.346954345703
"OKEE",1,2025,7.62030076980591,283.359497070312,289.904495239258,16.7544952392578,296.449493408203
"OKEE",2,2025,21.7970504760742,282.691864013672,289.946151733398,16.7961517333985,297.200439453125
"OKEE",3,2025,39.6161842346191,286.648101806641,293.238174438477,20.0881744384766,299.828247070312
"OKEE",4,2025,3.18479990959167,290.906707763672,296.612030029297,23.4620300292969,302.317352294922
"OKEE",5,2025,156.84782409668,294.803344726562,300.022689819336,26.872689819336,305.242034912109
"OKEE",6,2025,228.084747314453,296.006805419922,300.625564575195,27.4755645751953,305.244323730469
"OKEE",7,2025,239.973419189453,297.012634277344,301.612060546875,28.462060546875,306.211486816406
"OKEE",8,2025,196.269485473633,297.129211425781,301.810256958008,28.6602569580078,306.491302490234
"OKEE",9,2025,161.021011352539,296.589874267578,300.658920288086,27.508920288086,304.727966308594
"OKEE",10,2025,83.8682479858398,294.040435791016,298.223770141602,25.0737701416016,302.407104492188
"OKEE",11,2025,3.76692795753479,288.029022216797,293.824279785156,20.6742797851563,299.619537353516
"OKEE",12,2025,20.5827312469482,287.377136230469,293.115951538086,19.965951538086,298.854766845703
"PP",1,1994,208.355926513672,279.240325927734,285.433044433594,12.2830444335938,291.625762939453
"PP",2,1994,25.3135185241699,283.717437744141,289.906509399414,16.7565093994141,296.095581054688
"PP",3,1994,70.9760208129883,284.257415771484,291.245330810547,18.0953308105469,298.233245849609
"PP",4,1994,45.886775970459,288.073089599609,294.854354858398,21.7043548583985,301.635620117188
"PP",5,1994,83.0098495483398,290.280364990234,296.97216796875,23.82216796875,303.663970947266
"PP",6,1994,180.164154052734,294.478973388672,300.017044067383,26.8670440673828,305.555114746094
"PP",7,1994,187.785079956055,294.5849609375,299.868606567383,26.7186065673828,305.152252197266
"PP",8,1994,163.373458862305,294.465087890625,299.470092773438,26.3200927734375,304.47509765625
"PP",9,1994,151.545745849609,292.827301025391,298.052978515625,24.902978515625,303.278656005859
"PP",10,1994,130.704406738281,290.151916503906,295.057525634766,21.9075256347656,299.963134765625
"PP",11,1994,51.0834655761719,287.250549316406,292.888717651367,19.7387176513672,298.526885986328
"PP",12,1994,48.5268669128418,282.846405029297,288.236404418945,15.0864044189453,293.626403808594
"PP",1,1995,83.3018264770508,278.381561279297,285.030639648438,11.8806396484375,291.679718017578
"PP",2,1995,36.5541954040527,280.467987060547,287.477401733398,14.3274017333985,294.48681640625
"PP",3,1995,105.485473632812,285.080261230469,291.586166381836,18.436166381836,298.092071533203
"PP",4,1995,106.374618530273,286.857238769531,293.787216186523,20.6372161865235,300.717193603516
"PP",5,1995,75.6213531494141,292.206878662109,298.613662719727,25.4636627197266,305.020446777344
"PP",6,1995,208.191223144531,293.792907714844,299.111206054688,25.9612060546875,304.429504394531
"PP",7,1995,166.894378662109,295.441711425781,300.961898803711,27.811898803711,306.482086181641
"PP",8,1995,212.367279052734,296.159088134766,300.85041809082,27.7004180908203,305.541748046875
"PP",9,1995,102.327522277832,294.155853271484,299.1572265625,26.0072265625,304.158599853516
"PP",10,1995,122.193740844727,290.72509765625,296.090270996094,22.9402709960938,301.455444335938
"PP",11,1995,66.9150466918945,280.912994384766,288.070373535156,14.9203735351563,295.227752685547
"PP",12,1995,36.4872055053711,279.277008056641,285.807495117188,12.6574951171875,292.337982177734
"PP",1,1996,63.726806640625,277.960205078125,285.501342773438,12.3513427734375,293.04248046875
"PP",2,1996,31.030330657959,279.698516845703,287.154281616211,14.004281616211,294.610046386719
"PP",3,1996,240.71711730957,280.895324707031,287.844436645508,14.6944366455078,294.793548583984
"PP",4,1996,71.3894271850586,284.981231689453,292.341949462891,19.1919494628906,299.702667236328
"PP",5,1996,58.1526718139648,291.292449951172,298.079574584961,24.929574584961,304.86669921875
"PP",6,1996,166.988693237305,293.425598144531,299.209289550781,26.0592895507813,304.992980957031
"PP",7,1996,197.444290161133,295.470275878906,300.840209960938,27.6902099609375,306.210144042969
"PP",8,1996,178.772674560547,294.238342285156,299.486175537109,26.3361755371094,304.734008789062
"PP",9,1996,86.022102355957,293.060607910156,298.717651367188,25.5676513671875,304.374694824219
"PP",10,1996,143.247375488281,288.795318603516,294.520095825195,21.3700958251953,300.244873046875
"PP",11,1996,31.3702125549316,283.246856689453,289.803726196289,16.6537261962891,296.360595703125
"PP",12,1996,103.324249267578,280.677307128906,287.219100952148,14.0691009521485,293.760894775391
"PP",1,1997,60.8022079467773,280.182861328125,286.82160949707,13.6716094970703,293.460357666016
"PP",2,1997,34.9941711425781,283.682342529297,290.41423034668,17.2642303466797,297.146118164062
"PP",3,1997,65.9651641845703,287.145355224609,293.632278442383,20.4822784423828,300.119201660156
"PP",4,1997,165.631439208984,285.792388916016,292.597549438477,19.4475494384766,299.402709960938
"PP",5,1997,78.4204788208008,290.341644287109,296.514114379883,23.3641143798828,302.686584472656
"PP",6,1997,184.693115234375,293.565979003906,298.73274230957,25.5827423095703,303.899505615234
"PP",7,1997,169.093032836914,295.163421630859,300.579147338867,27.4291473388672,305.994873046875
"PP",8,1997,134.771438598633,294.932647705078,300.445922851562,27.2959228515625,305.959197998047
"PP",9,1997,86.7023620605469,293.356719970703,299.457855224609,26.3078552246094,305.558990478516
"PP",10,1997,133.777481079102,288.447357177734,294.60107421875,21.45107421875,300.754791259766
"PP",11,1997,104.33570098877,282.928039550781,289.349822998047,16.1998229980469,295.771606445312
"PP",12,1997,218.607116699219,280.841827392578,286.255477905273,13.1054779052735,291.669128417969
"PP",1,1998,109.149421691895,281.837921142578,288.091354370117,14.9413543701172,294.344787597656
"PP",2,1998,297.43798828125,281.992797851562,287.954315185547,14.8043151855469,293.915832519531
"PP",3,1998,109.479461669922,282.209869384766,289.061569213867,15.9115692138672,295.913269042969
"PP",4,1998,19.6669273376465,286.924255371094,293.702026367188,20.5520263671875,300.479797363281
"PP",5,1998,23.8442611694336,291.692596435547,298.552780151367,25.4027801513672,305.412963867188
"PP",6,1998,54.8999137878418,295.268524169922,302.308242797852,29.1582427978516,309.347961425781
"PP",7,1998,183.980819702148,296.491088867188,301.761840820312,28.6118408203125,307.032592773438
"PP",8,1998,179.92463684082,295.724548339844,300.984191894531,27.8341918945313,306.243835449219
"PP",9,1998,242.943740844727,295.402740478516,299.371139526367,26.2211395263672,303.339538574219
"PP",10,1998,61.9666900634766,290.068481445312,296.341430664062,23.1914306640625,302.614379882812
"PP",11,1998,15.070818901062,287.060516357422,293.215057373047,20.0650573730469,299.369598388672
"PP",12,1998,21.2683219909668,283.139373779297,289.647644042969,16.4976440429688,296.155914306641
"PP",1,1999,124.826881408691,280.619903564453,288.2138671875,15.0638671875,295.807830810547
"PP",2,1999,44.4492301940918,281.156646728516,288.718231201172,15.5682312011719,296.279815673828
"PP",3,1999,40.3293800354004,280.765686035156,289.246597290039,16.0965972900391,297.727508544922
"PP",4,1999,35.7629280090332,288.259796142578,295.298843383789,22.1488433837891,302.337890625
"PP",5,1999,48.1676025390625,289.733703613281,296.717163085938,23.5671630859375,303.700622558594
"PP",6,1999,181.227478027344,294.208618164062,299.42106628418,26.2710662841797,304.633514404297
"PP",7,1999,99.7695541381836,295.491271972656,301.155364990234,28.0053649902344,306.819458007812
"PP",8,1999,182.278793334961,295.736633300781,301.140075683594,27.9900756835938,306.543518066406
"PP",9,1999,167.148529052734,293.232147216797,298.733093261719,25.5830932617188,304.234039306641
"PP",10,1999,47.3249320983887,289.3740234375,295.052169799805,21.9021697998047,300.730316162109
"PP",11,1999,60.3838081359863,283.348175048828,290.258758544922,17.1087585449219,297.169342041016
"PP",12,1999,31.6340465545654,280.009490966797,286.688232421875,13.538232421875,293.366973876953
"PP",1,2000,73.4987258911133,278.839630126953,286.143814086914,12.9938140869141,293.447998046875
"PP",2,2000,24.3668556213379,279.427520751953,287.746734619141,14.5967346191406,296.065948486328
"PP",3,2000,56.0177345275879,284.270874023438,292.009353637695,18.8593536376953,299.747833251953
"PP",4,2000,29.3798599243164,283.958770751953,291.922546386719,18.7725463867188,299.886322021484
"PP",5,2000,12.3256502151489,290.358734130859,298.164810180664,25.0148101806641,305.970886230469
"PP",6,2000,161.448852539062,293.514709472656,299.955810546875,26.805810546875,306.396911621094
"PP",7,2000,155.336685180664,294.635009765625,300.616928100586,27.466928100586,306.598846435547
"PP",8,2000,135.674865722656,294.757965087891,300.476547241211,27.326547241211,306.195129394531
"PP",9,2000,213.191543579102,294.246429443359,298.719635009766,25.5696350097656,303.192840576172
"PP",10,2000,17.7375621795654,286.211822509766,293.43098449707,20.2809844970703,300.650146484375
"PP",11,2000,41.1731567382812,281.142028808594,288.799880981445,15.6498809814453,296.457733154297
"PP",12,2000,22.817892074585,277.274932861328,284.549163818359,11.3991638183594,291.823394775391
"PP",1,2001,27.5216655731201,276.036315917969,284.180313110352,11.0303131103516,292.324310302734
"PP",2,2001,23.3705234527588,283.572143554688,290.508483886719,17.3584838867188,297.44482421875
"PP",3,2001,169.858032226562,283.389587402344,289.736679077148,16.5866790771485,296.083770751953
"PP",4,2001,21.6345500946045,285.685821533203,293.337631225586,20.187631225586,300.989440917969
"PP",5,2001,25.3038520812988,288.942474365234,296.769104003906,23.6191040039063,304.595733642578
"PP",6,2001,225.169967651367,293.974365234375,299.709411621094,26.5594116210938,305.444458007812
"PP",7,2001,202.788467407227,295.435668945312,300.405029296875,27.255029296875,305.374389648438
"PP",8,2001,113.279273986816,295.119873046875,300.521560668945,27.3715606689453,305.923248291016
"PP",9,2001,249.778396606445,292.557830810547,297.520889282227,24.3708892822266,302.483947753906
"PP",10,2001,6.27608394622803,287.3271484375,293.731048583984,20.5810485839844,300.134948730469
"PP",11,2001,27.5471305847168,285.421997070312,292.060913085938,18.9109130859375,298.699829101562
"PP",12,2001,27.5072574615479,283.211944580078,289.400543212891,16.2505432128906,295.589141845703
"PP",1,2002,99.1752777099609,280.420471191406,287.107177734375,13.957177734375,293.793884277344
"PP",2,2002,36.3020172119141,278.970031738281,286.194961547852,13.0449615478516,293.419891357422
"PP",3,2002,90.1405181884766,284.199859619141,292.027297973633,18.8772979736328,299.854736328125
"PP",4,2002,56.8959159851074,289.622039794922,296.083953857422,22.9339538574219,302.545867919922
"PP",5,2002,50.1083030700684,290.112487792969,297.237701416016,24.0877014160156,304.362915039062
"PP",6,2002,223.519104003906,294.253601074219,299.378540039062,26.2285400390625,304.503479003906
"PP",7,2002,218.898635864258,294.980560302734,300.276870727539,27.1268707275391,305.573181152344
"PP",8,2002,189.859130859375,294.594421386719,299.713836669922,26.5638366699219,304.833251953125
"PP",9,2002,156.116012573242,295.172332763672,300.018844604492,26.8688446044922,304.865356445312
"PP",10,2002,77.873291015625,291.361724853516,296.724105834961,23.574105834961,302.086486816406
"PP",11,2002,94.81591796875,281.337127685547,288.314910888672,15.1649108886719,295.292694091797
"PP",12,2002,165.149169921875,278.554168701172,285.367141723633,12.2171417236328,292.180114746094
"PP",1,2003,48.5790786743164,275.503479003906,282.866104125977,9.71610412597659,290.228729248047
"PP",2,2003,147.196517944336,280.837249755859,287.807922363281,14.6579223632813,294.778594970703
"PP",3,2003,208.136215209961,286.762573242188,292.481384277344,19.3313842773438,298.2001953125
"PP",4,2003,41.0001220703125,286.636383056641,293.595092773438,20.4450927734375,300.553802490234
"PP",5,2003,62.8171005249023,291.955841064453,298.269256591797,25.1192565917969,304.582672119141
"PP",6,2003,252.896697998047,294.719390869141,299.556762695312,26.4067626953125,304.394134521484
"PP",7,2003,157.294448852539,295.322540283203,300.106658935547,26.9566589355469,304.890777587891
"PP",8,2003,176.662155151367,295.451507568359,300.055297851562,26.9052978515625,304.659088134766
"PP",9,2003,98.9214935302734,293.33056640625,298.381774902344,25.2317749023438,303.432983398438
"PP",10,2003,73.4125442504883,289.279663085938,295.012969970703,21.8629699707031,300.746276855469
"PP",11,2003,47.1664886474609,285.139099121094,291.841125488281,18.6911254882813,298.543151855469
"PP",12,2003,25.7083301544189,277.681579589844,285.045333862305,11.8953338623047,292.409088134766
"PP",1,2004,40.5156631469727,277.642059326172,285.233520507812,12.0835205078125,292.824981689453
"PP",2,2004,152.286422729492,280.606262207031,286.461029052734,13.3110290527344,292.315795898438
"PP",3,2004,44.1906318664551,283.344451904297,290.903701782227,17.7537017822266,298.462951660156
"PP",4,2004,27.2583351135254,284.508697509766,292.307647705078,19.1576477050781,300.106597900391
"PP",5,2004,58.170654296875,290.596740722656,297.830108642578,24.6801086425781,305.0634765625
"PP",6,2004,185.980606079102,294.835815429688,300.494827270508,27.3448272705078,306.153839111328
"PP",7,2004,196.665252685547,295.213745117188,300.624542236328,27.4745422363281,306.035339355469
"PP",8,2004,195.065704345703,295.585052490234,300.17155456543,27.0215545654297,304.758056640625
"PP",9,2004,468.207489013672,295.106597900391,299.209823608398,26.0598236083985,303.313049316406
"PP",10,2004,51.606819152832,290.328735351562,295.921798706055,22.7717987060547,301.514862060547
"PP",11,2004,57.7739944458008,284.753204345703,291.312271118164,18.1622711181641,297.871337890625
"PP",12,2004,52.8797988891602,279.003234863281,285.45378112793,12.3037811279297,291.904327392578
"PP",1,2005,38.9820365905762,280.892608642578,287.293792724609,14.1437927246094,293.694976806641
"PP",2,2005,62.3399047851562,281.451599121094,287.998245239258,14.8482452392578,294.544891357422
"PP",3,2005,126.977195739746,282.847106933594,289.30012512207,16.1501251220703,295.753143310547
"PP",4,2005,128.476058959961,284.401092529297,291.703170776367,18.5531707763672,299.005249023438
"PP",5,2005,119.020439147949,289.506439208984,295.646636962891,22.4966369628906,301.786834716797
"PP",6,2005,235.42839050293,295.123901367188,299.629989624023,26.4799896240235,304.136077880859
"PP",7,2005,151.602066040039,296.333251953125,301.391510009766,28.2415100097656,306.449768066406
"PP",8,2005,187.322402954102,296.477111816406,301.347854614258,28.1978546142578,306.218597412109
"PP",9,2005,70.6545257568359,294.502380371094,299.803512573242,26.6535125732422,305.104644775391
"PP",10,2005,94.9764633178711,289.387634277344,294.722473144531,21.5724731445313,300.057312011719
"PP",11,2005,42.8582344055176,284.046295166016,290.950912475586,17.800912475586,297.855529785156
"PP",12,2005,154.80158996582,278.141754150391,284.778305053711,11.628305053711,291.414855957031
"PP",1,2006,71.2733306884766,280.638885498047,287.714080810547,14.5640808105469,294.789276123047
"PP",2,2006,129.994323730469,278.782073974609,286.177688598633,13.0276885986328,293.573303222656
"PP",3,2006,6.40117073059082,282.360565185547,290.112548828125,16.962548828125,297.864532470703
"PP",4,2006,60.2962837219238,287.745178222656,294.776809692383,21.6268096923828,301.808441162109
"PP",5,2006,53.3334922790527,289.8701171875,297.238098144531,24.0880981445313,304.606079101562
"PP",6,2006,140.005432128906,293.673248291016,299.56819152832,26.4181915283203,305.463134765625
"PP",7,2006,150.956100463867,294.705261230469,300.616516113281,27.4665161132813,306.527770996094
"PP",8,2006,114.766059875488,295.730499267578,301.201507568359,28.0515075683594,306.672515869141
"PP",9,2006,92.3646621704102,293.035614013672,298.752487182617,25.6024871826172,304.469360351562
"PP",10,2006,57.0576171875,286.839508056641,294.080490112305,20.9304901123047,301.321472167969
"PP",11,2006,31.5380039215088,282.522033691406,289.141662597656,15.9916625976563,295.761291503906
"PP",12,2006,83.0120391845703,283.354644775391,289.492691040039,16.3426910400391,295.630737304688
"PP",1,2007,86.2827682495117,281.323486328125,287.307830810547,14.1578308105469,293.292175292969
"PP",2,2007,75.4005737304688,278.870086669922,286.59684753418,13.4468475341797,294.323608398438
"PP",3,2007,47.7795219421387,283.124237060547,290.906784057617,17.7567840576172,298.689331054688
"PP",4,2007,29.5859603881836,284.504730224609,292.169540405273,19.0195404052735,299.834350585938
"PP",5,2007,17.038553237915,288.887664794922,296.10334777832,22.9533477783203,303.319030761719
"PP",6,2007,161.871292114258,293.79541015625,299.49040222168,26.3404022216797,305.185394287109
"PP",7,2007,204.570205688477,295.485473632812,300.721572875977,27.5715728759766,305.957672119141
"PP",8,2007,159.574752807617,296.131317138672,301.503875732422,28.3538757324219,306.876434326172
"PP",9,2007,123.471145629883,294.286407470703,299.384979248047,26.2349792480469,304.483551025391
"PP",10,2007,156.053009033203,291.860992431641,296.596923828125,23.446923828125,301.332855224609
"PP",11,2007,17.8561115264893,282.317230224609,289.539566040039,16.3895660400391,296.761901855469
"PP",12,2007,55.2585372924805,282.819091796875,289.465545654297,16.3155456542969,296.111999511719
"PP",1,2008,81.3527603149414,279.442718505859,286.025375366211,12.875375366211,292.608032226562
"PP",2,2008,94.2941970825195,280.708892822266,288.487533569336,15.337533569336,296.266174316406
"PP",3,2008,104.882789611816,282.838623046875,290.070831298828,16.9208312988281,297.303039550781
"PP",4,2008,46.8595504760742,285.975799560547,293.006988525391,19.8569885253906,300.038177490234
"PP",5,2008,21.4100894927979,290.765747070312,297.59992980957,24.4499298095703,304.434112548828
"PP",6,2008,165.105621337891,294.033111572266,300.096527099609,26.9465270996094,306.159942626953
"PP",7,2008,171.268280029297,295.206848144531,300.256774902344,27.1067749023438,305.306701660156
"PP",8,2008,298.380889892578,295.783569335938,300.166473388672,27.0164733886719,304.549377441406
"PP",9,2008,50.4616622924805,293.594665527344,298.977645874023,25.8276458740235,304.360626220703
"PP",10,2008,67.2793731689453,287.422576904297,293.64924621582,20.4992462158203,299.875915527344
"PP",11,2008,33.9293518066406,280.876129150391,288.012451171875,14.862451171875,295.148773193359
"PP",12,2008,27.4907665252686,281.168823242188,288.252410888672,15.1024108886719,295.335998535156
"PP",1,2009,85.6608581542969,278.08544921875,285.31559753418,12.1655975341797,292.545745849609
"PP",2,2009,47.9886665344238,277.574035644531,285.807205200195,12.6572052001953,294.040374755859
"PP",3,2009,78.789306640625,283.192626953125,290.779678344727,17.6296783447266,298.366729736328
"PP",4,2009,84.5712432861328,285.882629394531,292.930084228516,19.7800842285156,299.9775390625
"PP",5,2009,243.89875793457,291.541046142578,297.371643066406,24.2216430664063,303.202239990234
"PP",6,2009,131.308883666992,295.302703857422,300.754547119141,27.6045471191406,306.206390380859
"PP",7,2009,172.302459716797,295.438842773438,300.375915527344,27.2259155273438,305.31298828125
"PP",8,2009,185.84114074707,295.529205322266,300.421203613281,27.2712036132813,305.313201904297
"PP",9,2009,83.4702529907227,293.944580078125,299.176574707031,26.0265747070313,304.408569335938
"PP",10,2009,41.1669158935547,291.046020507812,296.628570556641,23.4785705566406,302.211120605469
"PP",11,2009,63.7446136474609,283.855163574219,290.18212890625,17.03212890625,296.509094238281
"PP",12,2009,87.5173568725586,281.999176025391,287.227111816406,14.0771118164063,292.455047607422
"PP",1,2010,87.3732757568359,275.596343994141,282.453323364258,9.30332336425784,289.310302734375
"PP",2,2010,105.526557922363,276.416687011719,282.972381591797,9.8223815917969,289.528076171875
"PP",3,2010,104.257934570312,280.342346191406,287.19563293457,14.0456329345703,294.048919677734
"PP",4,2010,37.5413284301758,286.394775390625,293.576873779297,20.4268737792969,300.758972167969
"PP",5,2010,89.1723785400391,292.670806884766,298.676849365234,25.5268493652344,304.682891845703
"PP",6,2010,207.469009399414,295.374328613281,301.155853271484,28.0058532714844,306.937377929688
"PP",7,2010,178.386245727539,296.41650390625,301.591369628906,28.4413696289063,306.766235351562
"PP",8,2010,159.149948120117,297.046630859375,301.485763549805,28.3357635498047,305.924896240234
"PP",9,2010,41.3089027404785,293.820098876953,299.496627807617,26.3466278076172,305.173156738281
"PP",10,2010,0,286.266754150391,294.242263793945,21.0922637939453,302.2177734375
"PP",11,2010,17.1173477172852,282.046295166016,289.97021484375,16.82021484375,297.894134521484
"PP",12,2010,18.038049697876,273.292083740234,281.13249206543,7.98249206542971,288.972900390625
"PP",1,2011,121.438926696777,275.766632080078,283.290130615234,10.1401306152344,290.813629150391
"PP",2,2011,100.712623596191,281.444152832031,288.757583618164,15.6075836181641,296.071014404297
"PP",3,2011,84.5387268066406,283.271484375,291.538619995117,18.3886199951172,299.805755615234
"PP",4,2011,48.0310707092285,286.747253417969,295.294189453125,22.144189453125,303.841125488281
"PP",5,2011,59.6326026916504,287.846832275391,297.136184692383,23.9861846923828,306.425537109375
"PP",6,2011,125.300796508789,293.016845703125,301.216430664062,28.0664306640625,309.416015625
"PP",7,2011,118.141670227051,294.611389160156,300.790908813477,27.6409088134766,306.970428466797
"PP",8,2011,125.765235900879,295.514953613281,302.239562988281,29.0895629882813,308.964172363281
"PP",9,2011,93.1209945678711,292.892578125,299.638107299805,26.4881072998047,306.383636474609
"PP",10,2011,120.222923278809,284.238372802734,292.257064819336,19.107064819336,300.275756835938
"PP",11,2011,33.0349502563477,283.168548583984,290.845001220703,17.6950012207031,298.521453857422
"PP",12,2011,14.8871536254883,281.309936523438,288.561096191406,15.4110961914063,295.812255859375
"PP",1,2012,24.2472953796387,277.897735595703,286.701461791992,13.5514617919922,295.505187988281
"PP",2,2012,49.8083152770996,282.011474609375,289.587890625,16.437890625,297.164306640625
"PP",3,2012,74.7332534790039,286.950347900391,294.125915527344,20.9759155273438,301.301483154297
"PP",4,2012,26.6969623565674,285.74365234375,294.702850341797,21.5528503417969,303.662048339844
"PP",5,2012,170.398529052734,290.273193359375,298.373245239258,25.2232452392578,306.473297119141
"PP",6,2012,409.420257568359,291.788055419922,298.187606811523,25.0376068115235,304.587158203125
"PP",7,2012,104.526069641113,294.428009033203,300.361831665039,27.2118316650391,306.295654296875
"PP",8,2012,286.160095214844,294.407775878906,299.814697265625,26.664697265625,305.221618652344
"PP",9,2012,130.233642578125,293.331634521484,298.755447387695,25.6054473876953,304.179260253906
"PP",10,2012,66.0465240478516,289.196411132812,295.115447998047,21.9654479980469,301.034484863281
"PP",11,2012,4.43347978591919,280.955963134766,288.100555419922,14.9505554199219,295.245147705078
"PP",12,2012,138.060821533203,281.214477539062,288.553146362305,15.4031463623047,295.891815185547
"PP",1,2013,10.0751466751099,283.080871582031,289.707214355469,16.5572143554688,296.333557128906
"PP",2,2013,60.3561706542969,280.536010742188,288.5595703125,15.4095703125,296.583129882812
"PP",3,2013,33.967887878418,276.854675292969,286.206344604492,13.0563446044922,295.558013916016
"PP",4,2013,88.6561584472656,286.900695800781,294.888427734375,21.738427734375,302.876159667969
"PP",5,2013,113.174957275391,288.147613525391,295.90966796875,22.75966796875,303.671722412109
"PP",6,2013,195.668258666992,294.352569580078,300.196334838867,27.0463348388672,306.040100097656
"PP",7,2013,312.008514404297,294.228210449219,299.523818969727,26.3738189697266,304.819427490234
"PP",8,2013,111.129531860352,294.910095214844,300.304504394531,27.1545043945313,305.698913574219
"PP",9,2013,100.50740814209,293.312316894531,298.635848999023,25.4858489990235,303.959381103516
"PP",10,2013,13.1293840408325,288.564971923828,295.078887939453,21.9288879394531,301.592803955078
"PP",11,2013,95.725715637207,284.688934326172,290.726303100586,17.576303100586,296.763671875
"PP",12,2013,93.0121154785156,282.506896972656,289.573669433594,16.4236694335938,296.640441894531
"PP",1,2014,133.446868896484,276.899230957031,283.209396362305,10.0593963623047,289.519561767578
"PP",2,2014,129.087036132812,281.770812988281,288.119033813477,14.9690338134766,294.467254638672
"PP",3,2014,166.214004516602,282.338317871094,288.86360168457,15.7136016845703,295.388885498047
"PP",4,2014,56.9770622253418,287.607269287109,293.911392211914,20.7613922119141,300.215515136719
"PP",5,2014,126.757019042969,290.40234375,296.835021972656,23.6850219726563,303.267700195312
"PP",6,2014,144.599945068359,294.070129394531,299.550979614258,26.4009796142578,305.031829833984
"PP",7,2014,197.989105224609,295.123107910156,300.282363891602,27.1323638916016,305.441619873047
"PP",8,2014,205.197311401367,295.447723388672,300.722229003906,27.5722290039063,305.996734619141
"PP",9,2014,206.76806640625,294.355377197266,298.867752075195,25.7177520751953,303.380126953125
"PP",10,2014,48.5783233642578,287.196105957031,294.228408813477,21.0784088134766,301.260711669922
"PP",11,2014,100.221519470215,280.643585205078,287.619995117188,14.4699951171875,294.596405029297
"PP",12,2014,71.398323059082,282.188598632812,288.310012817383,15.1600128173828,294.431427001953
"PP",1,2015,94.2126007080078,278.955841064453,285.427154541016,12.2771545410156,291.898468017578
"PP",2,2015,62.863410949707,278.270660400391,284.89518737793,11.7451873779297,291.519714355469
"PP",3,2015,46.2868194580078,286.475555419922,292.862915039062,19.7129150390625,299.250274658203
"PP",4,2015,125.914894104004,290.62060546875,296.080123901367,22.9301239013672,301.539642333984
"PP",5,2015,81.6513366699219,291.226196289062,297.640289306641,24.4902893066406,304.054382324219
"PP",6,2015,150.735610961914,294.473724365234,300.490264892578,27.3402648925781,306.506805419922
"PP",7,2015,215.476440429688,295.855010986328,301.030792236328,27.8807922363281,306.206573486328
"PP",8,2015,303.355865478516,295.915679931641,300.573486328125,27.423486328125,305.231292724609
"PP",9,2015,156.532806396484,294.888549804688,299.109085083008,25.9590850830078,303.329620361328
"PP",10,2015,28.4653587341309,290.00048828125,295.487655639648,22.3376556396485,300.974822998047
"PP",11,2015,86.4120178222656,289.080200195312,294.509078979492,21.3590789794922,299.937957763672
"PP",12,2015,52.2550506591797,287.656616210938,292.927703857422,19.7777038574219,298.198791503906
"PP",1,2016,76.6611785888672,278.489471435547,284.722274780273,11.5722747802735,290.955078125
"PP",2,2016,104.529525756836,279.2802734375,286.975479125977,13.8254791259766,294.670684814453
"PP",3,2016,88.8922576904297,286.025299072266,292.774856567383,19.6248565673828,299.5244140625
"PP",4,2016,33.8763542175293,288.011352539062,294.553314208984,21.4033142089844,301.095275878906
"PP",5,2016,118.023597717285,290.61328125,297.269515991211,24.119515991211,303.925750732422
"PP",6,2016,308.438446044922,295.227844238281,300.822250366211,27.672250366211,306.416656494141
"PP",7,2016,99.3290863037109,295.987457275391,301.956207275391,28.8062072753906,307.924957275391
"PP",8,2016,181.629058837891,296.246185302734,301.044921875,27.894921875,305.843658447266
"PP",9,2016,221.555847167969,294.436279296875,299.690170288086,26.540170288086,304.944061279297
"PP",10,2016,47.0496482849121,289.377044677734,295.581771850586,22.431771850586,301.786499023438
"PP",11,2016,4.07879114151001,283.125579833984,290.696334838867,17.5463348388672,298.26708984375
"PP",12,2016,48.3905334472656,283.351104736328,290.21826171875,17.06826171875,297.085418701172
"PP",1,2017,44.7098808288574,281.994598388672,289.144866943359,15.9948669433594,296.295135498047
"PP",2,2017,30.2857570648193,282.760559082031,290.464004516602,17.3140045166016,298.167449951172
"PP",3,2017,20.1136512756348,282.598297119141,290.603668212891,17.4536682128906,298.609039306641
"PP",4,2017,66.6480941772461,287.433868408203,294.945175170898,21.7951751708985,302.456481933594
"PP",5,2017,119.090972900391,290.669158935547,297.815582275391,24.6655822753906,304.962005615234
"PP",6,2017,467.232849121094,294.880920410156,299.610717773438,26.4607177734375,304.340515136719
"PP",7,2017,251.363128662109,295.8408203125,300.878570556641,27.7285705566406,305.916320800781
"PP",8,2017,145.191558837891,296.371307373047,301.007202148438,27.8572021484375,305.643096923828
"PP",9,2017,324.579650878906,293.973907470703,299.217651367188,26.0676513671875,304.461395263672
"PP",10,2017,63.7540130615234,290.001098632812,295.715408325195,22.5654083251953,301.429718017578
"PP",11,2017,60.6863746643066,283.909912109375,290.944610595703,17.7946105957031,297.979309082031
"PP",12,2017,73.6643829345703,281.993255615234,288.210479736328,15.0604797363281,294.427703857422
"PP",1,2018,115.940742492676,277.116119384766,283.724594116211,10.574594116211,290.333068847656
"PP",2,2018,37.1502571105957,287.020812988281,293.150604248047,20.0006042480469,299.280395507812
"PP",3,2018,99.3726348876953,281.078277587891,288.872741699219,15.7227416992188,296.667205810547
"PP",4,2018,151.619934082031,287.509429931641,293.789123535156,20.6391235351563,300.068817138672
"PP",5,2018,214.211868286133,292.041839599609,297.393112182617,24.2431121826172,302.744384765625
"PP",6,2018,201.195770263672,295.507171630859,300.512969970703,27.3629699707031,305.518768310547
"PP",7,2018,235.334243774414,296.299743652344,300.726791381836,27.576791381836,305.153839111328
"PP",8,2018,194.720169067383,296.039245605469,301.032485961914,27.8824859619141,306.025726318359
"PP",9,2018,91.6796722412109,295.939361572266,301.184188842773,28.0341888427735,306.429016113281
"PP",10,2018,24.6159267425537,290.768096923828,296.840530395508,23.6905303955078,302.912963867188
"PP",11,2018,88.6605224609375,284.4716796875,290.804809570312,17.6548095703125,297.137939453125
"PP",12,2018,270.998016357422,282.711456298828,288.306198120117,15.1561981201172,293.900939941406
"PP",1,2019,129.863494873047,279.591888427734,286.289398193359,13.1393981933594,292.986907958984
"PP",2,2019,27.6995048522949,286.427551269531,292.457366943359,19.3073669433594,298.487182617188
"PP",3,2019,36.0019454956055,284.45849609375,291.233734130859,18.0837341308594,298.008972167969
"PP",4,2019,84.3974380493164,287.730743408203,294.539657592773,21.3896575927735,301.348571777344
"PP",5,2019,101.526672363281,292.968872070312,299.349365234375,26.199365234375,305.729858398438
"PP",6,2019,241.174179077148,295.861541748047,300.798751831055,27.6487518310547,305.735961914062
"PP",7,2019,165.393814086914,295.634674072266,300.709396362305,27.5593963623047,305.784118652344
"PP",8,2019,268.866943359375,296.309326171875,300.796264648438,27.6462646484375,305.283203125
"PP",9,2019,29.6012592315674,294.293395996094,300.006881713867,26.8568817138672,305.720367431641
"PP",10,2019,107.939659118652,291.775726318359,297.298446655273,24.1484466552735,302.821166992188
"PP",11,2019,60.0243644714355,282.439483642578,288.991836547852,15.8418365478516,295.544189453125
"PP",12,2019,164.058883666992,283.246246337891,289.310852050781,16.1608520507813,295.375457763672
"PP",1,2020,19.7393207550049,281.059875488281,287.876525878906,14.7265258789063,294.693176269531
"PP",2,2020,56.4238204956055,281.699951171875,288.789291381836,15.639291381836,295.878631591797
"PP",3,2020,20.4524173736572,286.504974365234,293.995269775391,20.8452697753906,301.485565185547
"PP",4,2020,129.493804931641,288.129058837891,294.648330688477,21.4983306884766,301.167602539062
"PP",5,2020,141.627212524414,290.300720214844,296.652420043945,23.5024200439453,303.004119873047
"PP",6,2020,302.715911865234,294.249420166016,299.43132019043,26.2813201904297,304.613220214844
"PP",7,2020,116.448753356934,296.014038085938,301.003280639648,27.8532806396485,305.992523193359
"PP",8,2020,190.974136352539,296.285095214844,301.121353149414,27.9713531494141,305.957611083984
"PP",9,2020,153.291656494141,294.883361816406,299.35530090332,26.2053009033203,303.827239990234
"PP",10,2020,57.8154602050781,292.336517333984,297.246307373047,24.0963073730469,302.156097412109
"PP",11,2020,68.7755889892578,287.469299316406,292.755477905273,19.6054779052735,298.041656494141
"PP",12,2020,46.2257270812988,278.831939697266,285.641738891602,12.4917388916016,292.451538085938
"PP",1,2021,16.5832538604736,279.989624023438,286.337890625,13.187890625,292.686157226562
"PP",2,2021,140.670120239258,282.966094970703,289.415649414062,16.2656494140625,295.865203857422
"PP",3,2021,81.9373016357422,285.368591308594,291.739013671875,18.589013671875,298.109436035156
"PP",4,2021,95.4580383300781,286.862426757812,293.254287719727,20.1042877197266,299.646148681641
"PP",5,2021,42.6887741088867,290.267425537109,296.838760375977,23.6887603759766,303.410095214844
"PP",6,2021,319.306671142578,294.976257324219,299.847778320312,26.6977783203125,304.719299316406
"PP",7,2021,330.771850585938,296.030151367188,300.438705444336,27.288705444336,304.847259521484
"PP",8,2021,164.737289428711,296.588317871094,300.865829467773,27.7158294677735,305.143341064453
"PP",9,2021,193.801864624023,294.331115722656,298.968276977539,25.8182769775391,303.605438232422
"PP",10,2021,44.0658493041992,290.217712402344,296.221694946289,23.0716949462891,302.225677490234
"PP",11,2021,81.9891891479492,282.723236083984,288.682647705078,15.5326477050781,294.642059326172
"PP",12,2021,61.5356788635254,285.124237060547,291.051651000977,17.9016510009766,296.979064941406
"PP",1,2022,29.243631362915,279.212768554688,285.303085327148,12.1530853271485,291.393402099609
"PP",2,2022,32.5870246887207,281.642456054688,288.824172973633,15.6741729736328,296.005889892578
"PP",3,2022,294.000396728516,285.092041015625,291.849746704102,18.6997467041016,298.607452392578
"PP",4,2022,78.289909362793,288.238891601562,294.305191040039,21.1551910400391,300.371490478516
"PP",5,2022,85.7991790771484,291.751800537109,297.90885925293,24.7588592529297,304.06591796875
"PP",6,2022,117.704177856445,295.184234619141,300.813430786133,27.6634307861328,306.442626953125
"PP",7,2022,170.202178955078,296.138488769531,301.346755981445,28.1967559814453,306.555023193359
"PP",8,2022,244.537475585938,295.908538818359,301.245635986328,28.0956359863281,306.582733154297
"PP",9,2022,147.777648925781,294.580841064453,299.021896362305,25.8718963623047,303.462951660156
"PP",10,2022,7.24276447296143,287.472045898438,294.051773071289,20.9017730712891,300.631500244141
"PP",11,2022,110.721328735352,287.515808105469,292.289123535156,19.1391235351563,297.062438964844
"PP",12,2022,33.8937873840332,281.493835449219,287.783050537109,14.6330505371094,294.072265625
"PP",1,2023,48.0481300354004,280.727844238281,288.002731323242,14.8527313232422,295.277618408203
"PP",2,2023,42.4280891418457,283.985992431641,291.356399536133,18.2063995361328,298.726806640625
"PP",3,2023,101.129730224609,285.877746582031,292.478881835938,19.3288818359375,299.080017089844
"PP",4,2023,77.7975082397461,289.204528808594,295.66291809082,22.5129180908203,302.121307373047
"PP",5,2023,69.9755249023438,291.000701904297,297.048065185547,23.8980651855469,303.095428466797
"PP",6,2023,350.660949707031,294.231811523438,299.668014526367,26.5180145263672,305.104217529297
"PP",7,2023,139.632125854492,296.879608154297,302.004455566406,28.8544555664063,307.129302978516
"PP",8,2023,125.324317932129,296.967315673828,302.115249633789,28.9652496337891,307.26318359375
"PP",9,2023,123.635299682617,293.805297851562,299.038070678711,25.888070678711,304.270843505859
"PP",10,2023,96.8138580322266,289.042388916016,294.79817199707,21.6481719970703,300.553955078125
"PP",11,2023,83.3658981323242,284.950958251953,290.417022705078,17.2670227050781,295.883087158203
"PP",12,2023,177.052429199219,282.761077880859,288.135101318359,14.9851013183594,293.509124755859
"PP",1,2024,93.9058990478516,280.167236328125,286.359130859375,13.209130859375,292.551025390625
"PP",2,2024,61.7612838745117,280.206237792969,287.275299072266,14.1252990722656,294.344360351562
"PP",3,2024,88.5851135253906,286.059753417969,292.188919067383,19.0389190673828,298.318084716797
"PP",4,2024,96.8228454589844,287.187561035156,293.924407958984,20.7744079589844,300.661254882812
"PP",5,2024,48.397289276123,293.251129150391,299.077301025391,25.9273010253906,304.903472900391
"PP",6,2024,118.489845275879,295.923004150391,301.420867919922,28.2708679199219,306.918731689453
"PP",7,2024,198.648300170898,296.691589355469,301.865264892578,28.7152648925781,307.038940429688
"PP",8,2024,282.655853271484,296.740051269531,301.372604370117,28.2226043701172,306.005157470703
"PP",9,2024,152.003112792969,295.721588134766,299.722518920898,26.5725189208985,303.723449707031
"PP",10,2024,98.6446685791016,290.112335205078,295.34748840332,22.1974884033203,300.582641601562
"PP",11,2024,10.948468208313,286.655792236328,292.540115356445,19.3901153564453,298.424438476562
"PP",12,2024,55.2280960083008,281.853118896484,287.706497192383,14.5564971923828,293.559875488281
"PP",1,2025,39.3120651245117,278.578704833984,285.550582885742,12.4005828857422,292.5224609375
"PP",2,2025,29.3724384307861,278.340576171875,286.263458251953,13.1134582519531,294.186340332031
"PP",3,2025,121.425788879395,282.920013427734,290.712921142578,17.5629211425781,298.505828857422
"PP",4,2025,17.4940853118896,288.703430175781,295.635513305664,22.4855133056641,302.567596435547
"PP",5,2025,76.1278610229492,292.495544433594,298.69287109375,25.54287109375,304.890197753906
"PP",6,2025,143.374130249023,295.30419921875,300.59440612793,27.4444061279297,305.884613037109
"PP",7,2025,269.592010498047,296.963012695312,301.818054199219,28.6680541992188,306.673095703125
"PP",8,2025,119.952194213867,296.575317382812,301.295562744141,28.1455627441406,306.015808105469
"PP",9,2025,70.4664001464844,293.6240234375,299.131744384766,25.9817443847656,304.639465332031
"PP",10,2025,67.0479507446289,289.232696533203,294.67707824707,21.5270782470703,300.121459960938
"PP",11,2025,0.586148738861084,282.2744140625,289.966354370117,16.8163543701172,297.658294677734
"PP",12,2025,52.2760848999023,281.530578613281,288.154724121094,15.0047241210938,294.778869628906
"SJM",1,1994,103.626258850098,284.291931152344,290.410552978516,17.2605529785156,296.529174804688
"SJM",2,1994,89.3452835083008,287.107116699219,293.076843261719,19.9268432617188,299.046569824219
"SJM",3,1994,71.2249984741211,286.458557128906,293.387847900391,20.2378479003906,300.317138671875
"SJM",4,1994,100.899917602539,291.053802490234,296.593551635742,23.4435516357422,302.13330078125
"SJM",5,1994,80.7960815429688,291.573516845703,297.928665161133,24.7786651611328,304.283813476562
"SJM",6,1994,246.026397705078,295.190460205078,300.201553344727,27.0515533447266,305.212646484375
"SJM",7,1994,163.13362121582,295.096282958984,300.386474609375,27.236474609375,305.676666259766
"SJM",8,1994,206.16862487793,294.676635742188,299.9892578125,26.8392578125,305.301879882812
"SJM",9,1994,244.114349365234,294.77734375,299.177551269531,26.0275512695313,303.577758789062
"SJM",10,1994,167.71028137207,292.651885986328,297.625503540039,24.4755035400391,302.59912109375
"SJM",11,1994,173.405471801758,290.673522949219,295.69416809082,22.5441680908203,300.714813232422
"SJM",12,1994,112.705894470215,286.650238037109,291.918029785156,18.7680297851563,297.185821533203
"SJM",1,1995,59.7345809936523,281.644989013672,288.485717773438,15.3357177734375,295.326446533203
"SJM",2,1995,64.2109527587891,283.106903076172,289.967910766602,16.8179107666016,296.828918457031
"SJM",3,1995,83.6731643676758,287.452575683594,293.447463989258,20.2974639892578,299.442352294922
"SJM",4,1995,77.6792984008789,289.902587890625,295.584091186523,22.4340911865235,301.265594482422
"SJM",5,1995,57.0350608825684,293.298583984375,299.483657836914,26.3336578369141,305.668731689453
"SJM",6,1995,217.595703125,294.218383789062,299.744430541992,26.5944305419922,305.270477294922
"SJM",7,1995,239.025588989258,295.556304931641,300.664138793945,27.5141387939453,305.77197265625
"SJM",8,1995,292.179260253906,296.317352294922,300.990005493164,27.8400054931641,305.662658691406
"SJM",9,1995,179.075408935547,295.084197998047,300.229080200195,27.0790802001953,305.373962402344
"SJM",10,1995,254.265960693359,294.005187988281,298.534423828125,25.384423828125,303.063659667969
"SJM",11,1995,31.8074741363525,285.413238525391,292.21452331543,19.0645233154297,299.015808105469
"SJM",12,1995,17.8296222686768,282.771362304688,289.524017333984,16.3740173339844,296.276672363281
"SJM",1,1996,102.583755493164,282.125305175781,289.308944702148,16.1589447021485,296.492584228516
"SJM",2,1996,35.0738563537598,281.226104736328,289.159637451172,16.0096374511719,297.093170166016
"SJM",3,1996,230.387435913086,284.1416015625,290.918869018555,17.7688690185547,297.696136474609
"SJM",4,1996,38.0100288391113,287.773010253906,294.179595947266,21.0295959472656,300.586181640625
"SJM",5,1996,155.600280761719,292.521881103516,298.301300048828,25.1513000488281,304.080718994141
"SJM",6,1996,207.726425170898,294.071655273438,299.362106323242,26.2121063232422,304.652557373047
"SJM",7,1996,106.263359069824,295.51904296875,300.777099609375,27.627099609375,306.03515625
"SJM",8,1996,135.042327880859,295.069793701172,300.36994934082,27.2199493408203,305.670104980469
"SJM",9,1996,121.869918823242,294.299224853516,299.827346801758,26.6773468017578,305.35546875
"SJM",10,1996,166.896499633789,291.766204833984,297.029373168945,23.8793731689453,302.292541503906
"SJM",11,1996,27.5126857757568,287.781860351562,293.715377807617,20.5653778076172,299.648895263672
"SJM",12,1996,44.9620628356934,283.550720214844,290.584503173828,17.4345031738281,297.618286132812
"SJM",1,1997,53.4046592712402,282.932434082031,290.158096313477,17.0080963134766,297.383758544922
"SJM",2,1997,40.2270469665527,287.045776367188,293.675430297852,20.5254302978516,300.305084228516
"SJM",3,1997,67.9696884155273,288.578063964844,295.146209716797,21.9962097167969,301.71435546875
"SJM",4,1997,146.098648071289,287.965057373047,294.296768188477,21.1467681884766,300.628479003906
"SJM",5,1997,87.9246673583984,291.640594482422,297.530258178711,24.380258178711,303.419921875
"SJM",6,1997,199.295028686523,294.12109375,299.689392089844,26.5393920898438,305.257690429688
"SJM",7,1997,179.02783203125,295.043853759766,300.932312011719,27.7823120117188,306.820770263672
"SJM",8,1997,201.784332275391,294.926361083984,300.807250976562,27.6572509765625,306.688140869141
"SJM",9,1997,166.708648681641,294.575286865234,299.85432434082,26.7043243408203,305.133361816406
"SJM",10,1997,79.1820678710938,290.778961181641,296.672882080078,23.5228820800781,302.566802978516
"SJM",11,1997,104.635116577148,286.851165771484,292.725234985352,19.5752349853516,298.599304199219
"SJM",12,1997,174.12190246582,284.151794433594,290.017791748047,16.8677917480469,295.8837890625
"SJM",1,1998,101.156890869141,285.127777099609,291.01139831543,17.8613983154297,296.89501953125
"SJM",2,1998,180.322616577148,283.787811279297,290.267791748047,17.1177917480469,296.747772216797
"SJM",3,1998,179.613815307617,284.625,290.913543701172,17.7635437011719,297.202087402344
"SJM",4,1998,35.2377090454102,288.101318359375,294.717895507812,21.5678955078125,301.33447265625
"SJM",5,1998,47.5580406188965,291.544769287109,298.359069824219,25.2090698242188,305.173370361328
"SJM",6,1998,60.8492622375488,294.96533203125,301.941543579102,28.7915435791016,308.917755126953
"SJM",7,1998,191.856109619141,295.714141845703,301.543426513672,28.3934265136719,307.372711181641
"SJM",8,1998,203.63508605957,295.85205078125,301.509536743164,28.3595367431641,307.167022705078
"SJM",9,1998,249.643737792969,295.527160644531,300.320037841797,27.1700378417969,305.112915039062
"SJM",10,1998,67.5190811157227,292.980316162109,298.324829101562,25.1748291015625,303.669342041016
"SJM",11,1998,133.959701538086,289.259765625,295.270767211914,22.1207672119141,301.281768798828
"SJM",12,1998,27.7962436676025,286.529449462891,292.850234985352,19.7002349853516,299.171020507812
"SJM",1,1999,70.6080322265625,284.583129882812,291.405380249023,18.2553802490235,298.227630615234
"SJM",2,1999,21.5483856201172,283.272338867188,290.836700439453,17.6867004394531,298.401062011719
"SJM",3,1999,18.8448047637939,283.185943603516,291.297378540039,18.1473785400391,299.408813476562
"SJM",4,1999,51.7013664245605,288.405853271484,295.995223999023,22.8452239990235,303.584594726562
"SJM",5,1999,118.292633056641,290.32666015625,296.927276611328,23.7772766113281,303.527893066406
"SJM",6,1999,307.9501953125,294.513336181641,299.512512207031,26.3625122070313,304.511688232422
"SJM",7,1999,105.306098937988,295.402679443359,300.953063964844,27.8030639648438,306.503448486328
"SJM",8,1999,180.947158813477,295.697265625,301.127822875977,27.9778228759766,306.558380126953
"SJM",9,1999,216.37336730957,294.830047607422,299.827346801758,26.6773468017578,304.824645996094
"SJM",10,1999,307.350830078125,292.5263671875,297.225830078125,24.075830078125,301.92529296875
"SJM",11,1999,50.4057235717773,287.888824462891,293.618255615234,20.4682556152344,299.347686767578
"SJM",12,1999,38.9941711425781,284.262359619141,290.567977905273,17.4179779052735,296.873596191406
"SJM",1,2000,51.6186599731445,282.529632568359,289.525436401367,16.3754364013672,296.521240234375
"SJM",2,2000,16.4540004730225,283.235443115234,290.312850952148,17.1628509521485,297.390258789062
"SJM",3,2000,42.6911315917969,287.437042236328,294.184768676758,21.0347686767578,300.932495117188
"SJM",4,2000,69.7004165649414,286.959259033203,294.051345825195,20.9013458251953,301.143432617188
"SJM",5,2000,14.2358198165894,291.791381835938,298.489074707031,25.3390747070313,305.186767578125
"SJM",6,2000,135.413681030273,293.954528808594,299.893218994141,26.7432189941406,305.831909179688
"SJM",7,2000,197.218719482422,295.111297607422,300.610763549805,27.4607635498047,306.110229492188
"SJM",8,2000,123.399101257324,295.018005371094,300.302444458008,27.1524444580078,305.586883544922
"SJM",9,2000,212.953247070312,295.103210449219,300.087783813477,26.9377838134766,305.072357177734
"SJM",10,2000,108.832038879395,290.3818359375,296.060043334961,22.910043334961,301.738250732422
"SJM",11,2000,15.6904735565186,284.907592773438,291.973556518555,18.8235565185547,299.039520263672
"SJM",12,2000,18.2914752960205,282.4345703125,289.254669189453,16.1046691894531,296.074768066406
"SJM",1,2001,17.2383232116699,278.737182617188,286.876419067383,13.7264190673828,295.015655517578
"SJM",2,2001,3.12728786468506,286.685729980469,293.6474609375,20.4974609375,300.609191894531
"SJM",3,2001,138.331848144531,285.926025390625,292.775375366211,19.625375366211,299.624725341797
"SJM",4,2001,19.8128337860107,287.938903808594,294.876846313477,21.7268463134766,301.814788818359
"SJM",5,2001,103.260063171387,290.721527099609,297.328765869141,24.1787658691406,303.936004638672
"SJM",6,2001,181.116897583008,294.272796630859,299.855026245117,26.7050262451172,305.437255859375
"SJM",7,2001,248.397018432617,295.527557373047,300.311965942383,27.1619659423828,305.096374511719
"SJM",8,2001,192.675216674805,295.17236328125,300.513778686523,27.3637786865235,305.855194091797
"SJM",9,2001,337.795440673828,294.183044433594,298.724960327148,25.5749603271485,303.266876220703
"SJM",10,2001,127.636520385742,292.255432128906,297.052062988281,23.9020629882813,301.848693847656
"SJM",11,2001,57.2238311767578,288.690338134766,294.224365234375,21.074365234375,299.758392333984
"SJM",12,2001,19.4797973632812,286.789916992188,292.539779663086,19.389779663086,298.289642333984
"SJM",1,2002,50.9255828857422,283.370574951172,290.173049926758,17.0230499267578,296.975524902344
"SJM",2,2002,94.3191680908203,283.428405761719,289.970077514648,16.8200775146485,296.511749267578
"SJM",3,2002,24.0764503479004,287.743316650391,294.475158691406,21.3251586914063,301.207000732422
"SJM",4,2002,53.0965690612793,290.190887451172,296.365112304688,23.2151123046875,302.539337158203
"SJM",5,2002,67.0546951293945,292.318328857422,298.581146240234,25.4311462402344,304.843963623047
"SJM",6,2002,394.801513671875,294.68603515625,299.445297241211,26.295297241211,304.204559326172
"SJM",7,2002,207.734161376953,295.895874023438,300.638961791992,27.4889617919922,305.382049560547
"SJM",8,2002,218.220642089844,295.565277099609,300.51155090332,27.3615509033203,305.457824707031
"SJM",9,2002,132.625900268555,296.232208251953,300.747329711914,27.5973297119141,305.262451171875
"SJM",10,2002,62.3440628051758,293.106872558594,298.650329589844,25.5003295898438,304.193786621094
"SJM",11,2002,70.4577407836914,285.304229736328,292.091232299805,18.9412322998047,298.878234863281
"SJM",12,2002,159.048355102539,283.442535400391,289.798355102539,16.6483551025391,296.154174804688
"SJM",1,2003,44.1854095458984,278.275604248047,285.976669311523,12.8266693115235,293.677734375
"SJM",2,2003,33.821590423584,284.392150878906,291.695846557617,18.5458465576172,298.999542236328
"SJM",3,2003,118.551536560059,289.444488525391,295.884475708008,22.7344757080078,302.324462890625
"SJM",4,2003,80.031379699707,287.84033203125,294.752182006836,21.602182006836,301.664031982422
"SJM",5,2003,108.267883300781,292.540985107422,299.014678955078,25.8646789550781,305.488372802734
"SJM",6,2003,252.300094604492,295.251129150391,300.123352050781,26.9733520507813,304.995574951172
"SJM",7,2003,132.364624023438,295.485473632812,300.742065429688,27.5920654296875,305.998657226562
"SJM",8,2003,244.058975219727,295.630615234375,300.577331542969,27.4273315429688,305.524047851562
"SJM",9,2003,186.531326293945,294.845916748047,299.787902832031,26.6379028320313,304.729888916016
"SJM",10,2003,38.7094306945801,291.958953857422,297.537078857422,24.3870788574219,303.115203857422
"SJM",11,2003,71.9499893188477,288.623809814453,294.753616333008,21.6036163330078,300.883422851562
"SJM",12,2003,67.0107955932617,282.138580322266,289.020202636719,15.8702026367188,295.901824951172
"SJM",1,2004,54.0076065063477,281.396209716797,289.015396118164,15.8653961181641,296.634582519531
"SJM",2,2004,88.444709777832,284.155792236328,291.019561767578,17.8695617675781,297.883331298828
"SJM",3,2004,28.5759563446045,286.273681640625,292.900161743164,19.7501617431641,299.526641845703
"SJM",4,2004,47.4489784240723,287.236785888672,294.251083374023,21.1010833740235,301.265380859375
"SJM",5,2004,46.6255569458008,291.321472167969,297.742721557617,24.5927215576172,304.163970947266
"SJM",6,2004,206.325286865234,294.894622802734,300.609512329102,27.4595123291016,306.324401855469
"SJM",7,2004,153.674346923828,295.258117675781,300.914596557617,27.7645965576172,306.571075439453
"SJM",8,2004,329.152282714844,295.827758789062,300.732177734375,27.582177734375,305.636596679688
"SJM",9,2004,412.6611328125,296.183319091797,300.471908569336,27.321908569336,304.760498046875
"SJM",10,2004,78.307487487793,292.085388183594,297.408004760742,24.2580047607422,302.730621337891
"SJM",11,2004,28.5096893310547,288.398681640625,294.19758605957,21.0475860595703,299.996490478516
"SJM",12,2004,63.4911308288574,283.45166015625,289.74153137207,16.5915313720703,296.031402587891
"SJM",1,2005,43.5791168212891,283.268737792969,289.805618286133,16.6556182861328,296.342498779297
"SJM",2,2005,63.5381774902344,283.343170166016,290.354446411133,17.2044464111328,297.36572265625
"SJM",3,2005,165.986953735352,285.380126953125,291.688018798828,18.5380187988281,297.995910644531
"SJM",4,2005,76.2143783569336,285.723754882812,292.920547485352,19.7705474853516,300.117340087891
"SJM",5,2005,94.0687484741211,291.456573486328,297.066497802734,23.9164978027344,302.676422119141
"SJM",6,2005,379.434173583984,295.272583007812,299.574752807617,26.4247528076172,303.876922607422
"SJM",7,2005,142.924423217773,296.833984375,301.650436401367,28.5004364013672,306.466888427734
"SJM",8,2005,174.505844116211,296.499420166016,301.591949462891,28.4419494628906,306.684478759766
"SJM",9,2005,156.358093261719,295.313018798828,300.042541503906,26.8925415039063,304.772064208984
"SJM",10,2005,294.853515625,292.408813476562,297.295639038086,24.145639038086,302.182464599609
"SJM",11,2005,81.9523391723633,288.593475341797,294.135711669922,20.9857116699219,299.677947998047
"SJM",12,2005,39.8826637268066,283.118621826172,289.492645263672,16.3426452636719,295.866668701172
"SJM",1,2006,12.6414794921875,283.125457763672,290.137008666992,16.9870086669922,297.148559570312
"SJM",2,2006,83.2067947387695,281.387329101562,289.031860351562,15.8818603515625,296.676391601562
"SJM",3,2006,16.099458694458,284.569183349609,292.035827636719,18.8858276367188,299.502471923828
"SJM",4,2006,24.465015411377,288.469970703125,295.745742797852,22.5957427978516,303.021514892578
"SJM",5,2006,50.990779876709,289.785980224609,297.367233276367,24.2172332763672,304.948486328125
"SJM",6,2006,171.30241394043,294.472778320312,299.793273925781,26.6432739257813,305.11376953125
"SJM",7,2006,159.991317749023,295.510711669922,300.397766113281,27.2477661132813,305.284820556641
"SJM",8,2006,203.384567260742,294.927001953125,300.713256835938,27.5632568359375,306.49951171875
"SJM",9,2006,131.340560913086,294.384063720703,299.7568359375,26.6068359375,305.129608154297
"SJM",10,2006,28.64284324646,290.139465332031,296.405609130859,23.2556091308594,302.671752929688
"SJM",11,2006,46.2133445739746,286.194213867188,292.272796630859,19.1227966308594,298.351379394531
"SJM",12,2006,65.6922912597656,288.600738525391,293.613876342773,20.4638763427735,298.627014160156
"SJM",1,2007,34.8788642883301,285.599670410156,291.462356567383,18.3123565673828,297.325042724609
"SJM",2,2007,36.6953125,282.843780517578,289.843811035156,16.6938110351563,296.843841552734
"SJM",3,2007,22.0829830169678,286.386993408203,292.986053466797,19.8360534667969,299.585113525391
"SJM",4,2007,47.6505737304688,286.924163818359,294.287841796875,21.137841796875,301.651519775391
"SJM",5,2007,61.9335861206055,291.578765869141,297.324432373047,24.1744323730469,303.070098876953
"SJM",6,2007,172.037002563477,294.289001464844,299.630859375,26.480859375,304.972717285156
"SJM",7,2007,243.253463745117,295.501892089844,300.963531494141,27.8135314941406,306.425170898438
"SJM",8,2007,120.933929443359,295.945037841797,301.458709716797,28.3087097167969,306.972381591797
"SJM",9,2007,185.355422973633,295.283081054688,300.048706054688,26.8987060546875,304.814331054688
"SJM",10,2007,177.724044799805,294.929748535156,299.130676269531,25.9806762695313,303.331604003906
"SJM",11,2007,23.8795547485352,287.163543701172,293.313674926758,20.1636749267578,299.463806152344
"SJM",12,2007,44.6842803955078,287.184478759766,293.270355224609,20.1203552246094,299.356231689453
"SJM",1,2008,50.3480644226074,283.964569091797,290.284149169922,17.1341491699219,296.603729248047
"SJM",2,2008,50.5656318664551,285.879028320312,292.572204589844,19.4222045898438,299.265380859375
"SJM",3,2008,100.74568939209,286.857940673828,293.221176147461,20.071176147461,299.584411621094
"SJM",4,2008,77.0901184082031,287.912353515625,294.552658081055,21.4026580810547,301.192962646484
"SJM",5,2008,45.7536163330078,292.078491210938,298.591598510742,25.4415985107422,305.104705810547
"SJM",6,2008,183.204925537109,294.207946777344,299.923110961914,26.7731109619141,305.638275146484
"SJM",7,2008,265.382934570312,295.149169921875,300.420455932617,27.2704559326172,305.691741943359
"SJM",8,2008,506.557342529297,296.054992675781,300.829696655273,27.6796966552735,305.604400634766
"SJM",9,2008,91.8954544067383,295.798309326172,300.13215637207,26.9821563720703,304.466003417969
"SJM",10,2008,164.735824584961,291.457855224609,296.677444458008,23.5274444580078,301.897033691406
"SJM",11,2008,38.7364692687988,284.371185302734,291.080200195312,17.9302001953125,297.789215087891
"SJM",12,2008,25.0656394958496,285.087493896484,291.430511474609,18.2805114746094,297.773529052734
"SJM",1,2009,28.7131271362305,280.544158935547,288.098846435547,14.9488464355469,295.653533935547
"SJM",2,2009,12.4974002838135,281.842956542969,289.386642456055,16.2366424560547,296.930328369141
"SJM",3,2009,33.4204940795898,284.936004638672,292.179870605469,19.0298706054688,299.423736572266
"SJM",4,2009,29.5137348175049,287.38232421875,294.535232543945,21.3852325439453,301.688140869141
"SJM",5,2009,252.058624267578,291.966430664062,298.216217041016,25.0662170410156,304.466003417969
"SJM",6,2009,185.440505981445,294.758026123047,300.468627929688,27.3186279296875,306.179229736328
"SJM",7,2009,180.483139038086,295.4814453125,300.962951660156,27.8129516601563,306.444458007812
"SJM",8,2009,147.726318359375,296.293853759766,301.414474487305,28.2644744873047,306.535095214844
"SJM",9,2009,180.847259521484,295.10205078125,300.066864013672,26.9168640136719,305.031677246094
"SJM",10,2009,28.1128616333008,292.680297851562,298.596038818359,25.4460388183594,304.511779785156
"SJM",11,2009,21.0585861206055,287.875122070312,293.737121582031,20.5871215820313,299.59912109375
"SJM",12,2009,110.392623901367,285.970855712891,291.694702148438,18.5447021484375,297.418548583984
"SJM",1,2010,33.8367080688477,279.343109130859,286.468627929688,13.3186279296875,293.594146728516
"SJM",2,2010,66.8798141479492,279.625640869141,286.349151611328,13.1991516113281,293.072662353516
"SJM",3,2010,282.829071044922,281.972869873047,289.085205078125,15.935205078125,296.197540283203
"SJM",4,2010,85.7773208618164,288.666809082031,294.818237304688,21.6682373046875,300.969665527344
"SJM",5,2010,61.6605911254883,293.214080810547,299.000732421875,25.850732421875,304.787384033203
"SJM",6,2010,154.602172851562,295.983123779297,301.581802368164,28.4318023681641,307.180480957031
"SJM",7,2010,83.0993118286133,296.862640380859,301.795654296875,28.645654296875,306.728668212891
"SJM",8,2010,128.510208129883,296.604736328125,301.623672485352,28.4736724853516,306.642608642578
"SJM",9,2010,186.661117553711,295.220428466797,300.279907226562,27.1299072265625,305.339385986328
"SJM",10,2010,4.50547933578491,289.630706787109,296.338409423828,23.1884094238281,303.046112060547
"SJM",11,2010,63.0044059753418,286.238128662109,292.969482421875,19.819482421875,299.700836181641
"SJM",12,2010,25.9192504882812,276.090393066406,284.366287231445,11.2162872314453,292.642181396484
"SJM",1,2011,88.3203964233398,279.8974609375,287.819717407227,14.6697174072266,295.741973876953
"SJM",2,2011,8.98320007324219,283.609527587891,291.915054321289,18.7650543212891,300.220581054688
"SJM",3,2011,132.79069519043,285.041473388672,293.155349731445,20.0053497314453,301.269226074219
"SJM",4,2011,29.0643787384033,290.010772705078,297.212249755859,24.0622497558594,304.413726806641
"SJM",5,2011,30.1159229278564,290.285980224609,298.121932983398,24.9719329833985,305.957885742188
"SJM",6,2011,171.366241455078,293.423950195312,300.622848510742,27.4728485107422,307.821746826172
"SJM",7,2011,144.143890380859,295.02734375,300.923736572266,27.7737365722656,306.820129394531
"SJM",8,2011,233.353256225586,295.592132568359,301.458953857422,28.3089538574219,307.325775146484
"SJM",9,2011,123.148071289062,294.747436523438,300.156631469727,27.0066314697266,305.565826416016
"SJM",10,2011,446.267700195312,290.289245605469,295.835418701172,22.6854187011719,301.381591796875
"SJM",11,2011,7.96380615234375,287.873413085938,293.643478393555,20.4934783935547,299.413543701172
"SJM",12,2011,53.8023986816406,284.643524169922,291.182464599609,18.0324645996094,297.721405029297
"SJM",1,2012,1.17447876930237,281.267456054688,289.155776977539,16.0057769775391,297.044097900391
"SJM",2,2012,56.1660995483398,285.579772949219,292.348281860352,19.1982818603516,299.116790771484
"SJM",3,2012,75.0875930786133,287.765014648438,294.124069213867,20.9740692138672,300.483123779297
"SJM",4,2012,48.200870513916,288.127105712891,295.519271850586,22.369271850586,302.911437988281
"SJM",5,2012,130.587707519531,291.765106201172,298.354370117188,25.2043701171875,304.943634033203
"SJM",6,2012,214.206726074219,293.5419921875,299.251281738281,26.1012817382813,304.960571289062
"SJM",7,2012,113.621780395508,294.897216796875,301.211563110352,28.0615631103516,307.525909423828
"SJM",8,2012,321.313598632812,295.290710449219,301.404922485352,28.2549224853516,307.519134521484
"SJM",9,2012,192.802383422852,294.586120605469,299.649673461914,26.4996734619141,304.713226318359
"SJM",10,2012,149.437606811523,291.901519775391,297.282592773438,24.1325927734375,302.663665771484
"SJM",11,2012,9.88450908660889,284.341156005859,291.098419189453,17.9484191894531,297.855682373047
"SJM",12,2012,80.9518966674805,284.635437011719,291.655334472656,18.5053344726563,298.675231933594
"SJM",1,2013,34.7139129638672,285.192718505859,291.975799560547,18.8257995605469,298.758880615234
"SJM",2,2013,28.1380348205566,283.576934814453,291.525131225586,18.375131225586,299.473327636719
"SJM",3,2013,31.121374130249,279.499206542969,288.993103027344,15.8431030273438,298.486999511719
"SJM",4,2013,95.6556701660156,290.156585693359,296.728393554688,23.5783935546875,303.300201416016
"SJM",5,2013,174.374862670898,290.571929931641,296.823867797852,23.6738677978516,303.075805664062
"SJM",6,2013,226.811782836914,294.632293701172,300.099990844727,26.9499908447266,305.567687988281
"SJM",7,2013,214.948150634766,294.381805419922,299.791229248047,26.6412292480469,305.200653076172
"SJM",8,2013,95.0376281738281,294.726196289062,300.17936706543,27.0293670654297,305.632537841797
"SJM",9,2013,172.424880981445,294.188415527344,299.157852172852,26.0078521728516,304.127288818359
"SJM",10,2013,19.2692584991455,291.868377685547,297.760406494141,24.6104064941406,303.652435302734
"SJM",11,2013,121.179306030273,289.191558837891,294.565078735352,21.4150787353516,299.938598632812
"SJM",12,2013,37.6943626403809,286.717834472656,293.540771484375,20.390771484375,300.363708496094
"SJM",1,2014,145.149337768555,281.668640136719,288.113632202148,14.9636322021485,294.558624267578
"SJM",2,2014,47.5189323425293,285.747711181641,292.507537841797,19.3575378417969,299.267364501953
"SJM",3,2014,56.2748603820801,285.481597900391,292.299133300781,19.1491333007813,299.116668701172
"SJM",4,2014,53.7080078125,288.861206054688,295.531097412109,22.3810974121094,302.200988769531
"SJM",5,2014,116.870948791504,291.631134033203,297.539520263672,24.3895202636719,303.447906494141
"SJM",6,2014,240.406036376953,294.198974609375,299.636596679688,26.4865966796875,305.07421875
"SJM",7,2014,214.240676879883,295.699981689453,300.747360229492,27.5973602294922,305.794738769531
"SJM",8,2014,141.530792236328,295.805999755859,301.174621582031,28.0246215820313,306.543243408203
"SJM",9,2014,337.261077880859,294.747375488281,299.452789306641,26.3027893066406,304.158203125
"SJM",10,2014,81.7327423095703,290.576934814453,296.62809753418,23.4780975341797,302.679260253906
"SJM",11,2014,108.027687072754,285.967712402344,292.053802490234,18.9038024902344,298.139892578125
"SJM",12,2014,61.1331634521484,285.048522949219,291.480651855469,18.3306518554688,297.912780761719
"SJM",1,2015,51.0828437805176,284.174957275391,290.49821472168,17.3482147216797,296.821472167969
"SJM",2,2015,94.4815292358398,282.144073486328,288.904067993164,15.7540679931641,295.6640625
"SJM",3,2015,49.7894287109375,289.099212646484,295.339538574219,22.1895385742188,301.579864501953
"SJM",4,2015,118.311866760254,291.898254394531,297.833190917969,24.6831909179688,303.768127441406
"SJM",5,2015,29.3837032318115,292.389556884766,298.383255004883,25.2332550048828,304.376953125
"SJM",6,2015,149.721542358398,294.653472900391,300.483016967773,27.3330169677735,306.312561035156
"SJM",7,2015,207.044296264648,295.810394287109,301.143585205078,27.9935852050781,306.476776123047
"SJM",8,2015,222.360626220703,296.07763671875,301.190414428711,28.040414428711,306.303192138672
"SJM",9,2015,223.478607177734,295.979949951172,300.657165527344,27.5071655273438,305.334381103516
"SJM",10,2015,53.5898895263672,293.291809082031,298.2392578125,25.0892578125,303.186706542969
"SJM",11,2015,77.9117736816406,292.479034423828,297.402679443359,24.2526794433594,302.326324462891
"SJM",12,2015,68.2571105957031,291.270355224609,296.120742797852,22.9707427978516,300.971130371094
"SJM",1,2016,234.384155273438,283.551208496094,288.929595947266,15.7795959472656,294.307983398438
"SJM",2,2016,71.848747253418,281.998870849609,289.053115844727,15.9031158447266,296.107360839844
"SJM",3,2016,73.2136383056641,288.633056640625,294.695953369141,21.5459533691406,300.758850097656
"SJM",4,2016,45.1644134521484,289.022216796875,295.28662109375,22.13662109375,301.551025390625
"SJM",5,2016,291.388671875,291.906951904297,297.793823242188,24.6438232421875,303.680694580078
"SJM",6,2016,217.140014648438,295.641632080078,300.754425048828,27.6044250488281,305.867218017578
"SJM",7,2016,80.5426330566406,296.403656005859,301.951904296875,28.801904296875,307.500152587891
"SJM",8,2016,259.635803222656,296.64013671875,301.389587402344,28.2395874023438,306.139038085938
"SJM",9,2016,161.486129760742,295.836334228516,300.690551757812,27.5405517578125,305.544769287109
"SJM",10,2016,141.348114013672,292.852386474609,297.581817626953,24.4318176269531,302.311248779297
"SJM",11,2016,8.31625938415527,286.987579345703,293.464874267578,20.3148742675781,299.942169189453
"SJM",12,2016,18.5770034790039,287.597045898438,293.941970825195,20.7919708251953,300.286895751953
"SJM",1,2017,31.3274917602539,283.641998291016,290.966781616211,17.816781616211,298.291564941406
"SJM",2,2017,31.8241481781006,284.42041015625,292.395919799805,19.2459197998047,300.371429443359
"SJM",3,2017,37.1387596130371,285.280822753906,292.622909545898,19.4729095458985,299.964996337891
"SJM",4,2017,36.0783843994141,288.559326171875,295.669723510742,22.5197235107422,302.780120849609
"SJM",5,2017,95.9233245849609,292.560546875,299.189147949219,26.0391479492188,305.817749023438
"SJM",6,2017,387.503601074219,295.879089355469,300.620864868164,27.4708648681641,305.362640380859
"SJM",7,2017,282.517486572266,296.306121826172,301.503173828125,28.353173828125,306.700225830078
"SJM",8,2017,144.947052001953,296.574737548828,301.449630737305,28.2996307373047,306.324523925781
"SJM",9,2017,440.374237060547,296.029144287109,300.375457763672,27.2254577636719,304.721771240234
"SJM",10,2017,274.790893554688,293.520324707031,297.648559570312,24.4985595703125,301.776794433594
"SJM",11,2017,71.5814819335938,289.826995849609,294.893737792969,21.7437377929688,299.960479736328
"SJM",12,2017,48.0197563171387,285.185882568359,291.687561035156,18.5375610351563,298.189239501953
"SJM",1,2018,76.069694519043,282.298675537109,288.468399047852,15.3183990478516,294.638122558594
"SJM",2,2018,11.1525325775146,288.689819335938,294.752151489258,21.6021514892578,300.814483642578
"SJM",3,2018,16.4239692687988,283.038940429688,290.709838867188,17.5598388671875,298.380737304688
"SJM",4,2018,78.5783996582031,289.277893066406,295.639739990234,22.4897399902344,302.001586914062
"SJM",5,2018,365.638031005859,293.313720703125,297.653472900391,24.5034729003906,301.993225097656
"SJM",6,2018,234.427658081055,295.243103027344,300.296539306641,27.1465393066406,305.349975585938
"SJM",7,2018,129.902236938477,295.856719970703,300.88005065918,27.7300506591797,305.903381347656
"SJM",8,2018,141.238250732422,295.520111083984,300.438461303711,27.288461303711,305.356811523438
"SJM",9,2018,73.4829635620117,295.61474609375,300.324569702148,27.1745697021485,305.034393310547
"SJM",10,2018,40.4431037902832,293.034271240234,298.371368408203,25.2213684082031,303.708465576172
"SJM",11,2018,54.4658813476562,288.267242431641,294.409851074219,21.2598510742188,300.552459716797
"SJM",12,2018,46.0519218444824,284.738647460938,291.334915161133,18.1849151611328,297.931182861328
"SJM",1,2019,132.327774047852,282.781402587891,289.35270690918,16.2027069091797,295.924011230469
"SJM",2,2019,64.2723388671875,287.472534179688,293.938690185547,20.7886901855469,300.404846191406
"SJM",3,2019,44.9754219055176,286.352722167969,292.663558959961,19.513558959961,298.974395751953
"SJM",4,2019,48.0626411437988,289.734161376953,295.808364868164,22.6583648681641,301.882568359375
"SJM",5,2019,128.572937011719,292.3154296875,298.24153137207,25.0915313720703,304.167633056641
"SJM",6,2019,236.583068847656,295.410339355469,300.699691772461,27.549691772461,305.989044189453
"SJM",7,2019,182.256240844727,295.939239501953,300.985610961914,27.8356109619141,306.031982421875
"SJM",8,2019,306.846557617188,296.676025390625,301.015899658203,27.8658996582031,305.355773925781
"SJM",9,2019,77.9851531982422,295.247985839844,299.935134887695,26.7851348876953,304.622283935547
"SJM",10,2019,123.62899017334,294.951934814453,299.481018066406,26.3310180664063,304.010101318359
"SJM",11,2019,49.8894081115723,287.389404296875,293.428604125977,20.2786041259766,299.467803955078
"SJM",12,2019,114.631820678711,286.818817138672,292.558380126953,19.4083801269531,298.297943115234
"SJM",1,2020,30.0245590209961,285.088623046875,291.305145263672,18.1551452636719,297.521667480469
"SJM",2,2020,54.66650390625,284.917572021484,291.764617919922,18.6146179199219,298.611663818359
"SJM",3,2020,6.78173875808716,287.651031494141,294.68212890625,21.53212890625,301.713226318359
"SJM",4,2020,99.7939529418945,290.492065429688,296.451889038086,23.301889038086,302.411712646484
"SJM",5,2020,157.427780151367,291.576690673828,297.539337158203,24.3893371582031,303.501983642578
"SJM",6,2020,212.280639648438,295.566772460938,300.268249511719,27.1182495117188,304.9697265625
"SJM",7,2020,180.083343505859,296.489410400391,301.441192626953,28.2911926269531,306.392974853516
"SJM",8,2020,174.40739440918,296.663513183594,301.50456237793,28.3545623779297,306.345611572266
"SJM",9,2020,184.10774230957,295.755432128906,300.454025268555,27.3040252685547,305.152618408203
"SJM",10,2020,189.070953369141,295.010894775391,299.246353149414,26.0963531494141,303.481811523438
"SJM",11,2020,225.050476074219,290.943389892578,295.805740356445,22.6557403564453,300.668090820312
"SJM",12,2020,20.1023578643799,281.894134521484,288.97883605957,15.8288360595703,296.063537597656
"SJM",1,2021,2.83565473556519,282.359008789062,289.43684387207,16.2868438720703,296.514678955078
"SJM",2,2021,133.657501220703,286.077819824219,293.068756103516,19.9187561035156,300.059692382812
"SJM",3,2021,6.02870035171509,286.972534179688,293.695022583008,20.5450225830078,300.417510986328
"SJM",4,2021,135.073150634766,288.273498535156,294.959030151367,21.8090301513672,301.644561767578
"SJM",5,2021,32.6406593322754,291.051849365234,297.800476074219,24.6504760742188,304.549102783203
"SJM",6,2021,213.677261352539,294.834716796875,299.929840087891,26.7798400878906,305.024963378906
"SJM",7,2021,174.578262329102,295.878875732422,300.922576904297,27.7725769042969,305.966278076172
"SJM",8,2021,236.462493896484,296.322906494141,301.024566650391,27.8745666503906,305.726226806641
"SJM",9,2021,183.081802368164,294.662719726562,299.949829101562,26.7998291015625,305.236938476562
"SJM",10,2021,126.594528198242,292.610198974609,298.073532104492,24.9235321044922,303.536865234375
"SJM",11,2021,118.296684265137,286.758697509766,292.515716552734,19.3657165527344,298.272735595703
"SJM",12,2021,45.1315689086914,285.976928710938,293.027618408203,19.8776184082031,300.078308105469
"SJM",1,2022,54.1955795288086,282.465209960938,289.205627441406,16.0556274414063,295.946044921875
"SJM",2,2022,19.0269737243652,284.156158447266,291.395355224609,18.2453552246094,298.634552001953
"SJM",3,2022,62.0864448547363,287.136596679688,294.344100952148,21.1941009521485,301.551605224609
"SJM",4,2022,72.7121887207031,288.847198486328,295.255630493164,22.1056304931641,301.6640625
"SJM",5,2022,62.6308746337891,291.744506835938,298.465103149414,25.3151031494141,305.185699462891
"SJM",6,2022,299.286376953125,294.511413574219,299.897277832031,26.7472778320313,305.283142089844
"SJM",7,2022,210.294097900391,296.446929931641,301.508422851562,28.3584228515625,306.569915771484
"SJM",8,2022,139.395202636719,296.515350341797,301.406600952148,28.2566009521485,306.2978515625
"SJM",9,2022,468.016143798828,295.479553222656,300.266845703125,27.116845703125,305.054138183594
"SJM",10,2022,60.5867042541504,292.125640869141,297.081237792969,23.9312377929688,302.036834716797
"SJM",11,2022,180.494491577148,291.783447265625,296.33381652832,23.1838165283203,300.884185791016
"SJM",12,2022,37.2483940124512,286.219604492188,291.836166381836,18.686166381836,297.452728271484
"SJM",1,2023,21.8527488708496,284.280670166016,291.153182983398,18.0031829833985,298.025695800781
"SJM",2,2023,43.5465927124023,286.940185546875,293.943222045898,20.7932220458985,300.946258544922
"SJM",3,2023,10.0247917175293,287.867614746094,294.664657592773,21.5146575927735,301.461700439453
"SJM",4,2023,130.980987548828,292.084625244141,297.276901245117,24.1269012451172,302.469177246094
"SJM",5,2023,87.811653137207,291.828277587891,297.638595581055,24.4885955810547,303.448913574219
"SJM",6,2023,230.785400390625,294.815093994141,300.004577636719,26.8545776367188,305.194061279297
"SJM",7,2023,262.617828369141,296.924438476562,301.934677124023,28.7846771240235,306.944915771484
"SJM",8,2023,188.666519165039,297.45751953125,301.915267944336,28.765267944336,306.373016357422
"SJM",9,2023,252.761779785156,295.455871582031,300.296752929688,27.1467529296875,305.137634277344
"SJM",10,2023,125.325584411621,292.558929443359,297.368743896484,24.2187438964844,302.178558349609
"SJM",11,2023,211.580078125,289.512512207031,294.613388061523,21.4633880615235,299.714263916016
"SJM",12,2023,96.6796722412109,286.980224609375,292.015869140625,18.865869140625,297.051513671875
"SJM",1,2024,115.211952209473,284.832000732422,290.402603149414,17.2526031494141,295.973205566406
"SJM",2,2024,60.990535736084,283.309661865234,290.193115234375,17.043115234375,297.076568603516
"SJM",3,2024,27.1647205352783,288.674011230469,295.104965209961,21.954965209961,301.535919189453
"SJM",4,2024,15.3351097106934,288.34375,295.418075561523,22.2680755615235,302.492401123047
"SJM",5,2024,70.0526962280273,294.124176025391,300.729705810547,27.5797058105469,307.335235595703
"SJM",6,2024,235.306884765625,295.893859863281,300.943267822266,27.7932678222656,305.99267578125
"SJM",7,2024,161.265396118164,296.922485351562,301.876571655273,28.7265716552735,306.830657958984
"SJM",8,2024,204.526336669922,297.154907226562,301.690246582031,28.5402465820313,306.2255859375
"SJM",9,2024,255.08154296875,297.101776123047,301.701065063477,28.5510650634766,306.300354003906
"SJM",10,2024,170.328384399414,293.364349365234,297.828735351562,24.6787353515625,302.293121337891
"SJM",11,2024,59.0970077514648,289.075164794922,294.723449707031,21.5734497070313,300.371734619141
"SJM",12,2024,70.9396591186523,285.585418701172,291.779190063477,18.6291900634766,297.972961425781
"SJM",1,2025,23.5964508056641,282.050720214844,289.599624633789,16.4496246337891,297.148529052734
"SJM",2,2025,56.9664611816406,281.194488525391,289.518478393555,16.3684783935547,297.842468261719
"SJM",3,2025,64.6272811889648,285.310638427734,292.901153564453,19.7511535644531,300.491668701172
"SJM",4,2025,11.0795402526855,289.507965087891,296.187545776367,23.0375457763672,302.867126464844
"SJM",5,2025,132.970474243164,294.416931152344,300.725738525391,27.5757385253906,307.034545898438
"SJM",6,2025,157.68620300293,295.557403564453,301.042083740234,27.8920837402344,306.526763916016
"SJM",7,2025,205.320419311523,296.698760986328,302.342803955078,29.1928039550781,307.986846923828
"SJM",8,2025,239.874847412109,296.925323486328,301.972625732422,28.8226257324219,307.019927978516
"SJM",9,2025,160.150833129883,296.173095703125,300.643707275391,27.4937072753906,305.114318847656
"SJM",10,2025,233.495330810547,293.167358398438,297.75651550293,24.6065155029297,302.345672607422
"SJM",11,2025,11.0779132843018,286.557189941406,293.496124267578,20.3461242675781,300.43505859375
"SJM",12,2025,37.0046424865723,285.752593994141,292.552642822266,19.4026428222656,299.352691650391
